Using launch settings from src\Backend\Localhost\RadiologyCenter.Localhost\Properties\launchSettings.json...
warn: Microsoft.EntityFrameworkCore.Model[10632]
      No instantiatable types implementing `IEntityTypeConfiguration` were found while scanning assembly 'RadiologyCenter.BuildingBlocks.Infrastructure, Version=1.0.0.0, Culture=neutral, PublicKeyToken=null'.
info: Microsoft.EntityFrameworkCore.Database.Command[20101]
      Executed DbCommand (0ms) [Parameters=[], CommandType='Text', CommandTimeout='30']
      SELECT 1
info: Microsoft.EntityFrameworkCore.Migrations[20411]
      Acquiring an exclusive lock for migration application. See https://aka.ms/efcore-docs-migrations-lock for more information if this takes too long.
info: Microsoft.EntityFrameworkCore.Database.Command[20101]
      Executed DbCommand (1ms) [Parameters=[], CommandType='Text', CommandTimeout='30']
      DECLARE @result int;
      EXEC @result = sp_getapplock @Resource = '__EFMigrationsLock', @LockOwner = 'Session', @LockMode = 'Exclusive';
      SELECT @result
info: Microsoft.EntityFrameworkCore.Database.Command[20101]
      Executed DbCommand (1ms) [Parameters=[], CommandType='Text', CommandTimeout='30']
      IF OBJECT_ID(N'[__EFMigrationsHistory]') IS NULL
      BEGIN
          CREATE TABLE [__EFMigrationsHistory] (
              [MigrationId] nvarchar(150) NOT NULL,
              [ProductVersion] nvarchar(32) NOT NULL,
              CONSTRAINT [PK___EFMigrationsHistory] PRIMARY KEY ([MigrationId])
          );
      END;
info: Microsoft.EntityFrameworkCore.Database.Command[20101]
      Executed DbCommand (0ms) [Parameters=[], CommandType='Text', CommandTimeout='30']
      SELECT 1
info: Microsoft.EntityFrameworkCore.Database.Command[20101]
      Executed DbCommand (0ms) [Parameters=[], CommandType='Text', CommandTimeout='30']
      SELECT OBJECT_ID(N'[__EFMigrationsHistory]');
info: Microsoft.EntityFrameworkCore.Database.Command[20101]
      Executed DbCommand (1ms) [Parameters=[], CommandType='Text', CommandTimeout='30']
      SELECT [MigrationId], [ProductVersion]
      FROM [__EFMigrationsHistory]
      ORDER BY [MigrationId];
info: Microsoft.EntityFrameworkCore.Migrations[20405]
      No migrations were applied. The database is already up to date.
info: Microsoft.EntityFrameworkCore.Database.Command[20101]
      Executed DbCommand (0ms) [Parameters=[], CommandType='Text', CommandTimeout='30']
      DECLARE @result int;
      EXEC @result = sp_releaseapplock @Resource = '__EFMigrationsLock', @LockOwner = 'Session';
      SELECT @result
warn: Microsoft.EntityFrameworkCore.Model[10632]
      No instantiatable types implementing `IEntityTypeConfiguration` were found while scanning assembly 'RadiologyCenter.BuildingBlocks.Infrastructure, Version=1.0.0.0, Culture=neutral, PublicKeyToken=null'.
info: Microsoft.EntityFrameworkCore.Database.Command[20101]
      Executed DbCommand (0ms) [Parameters=[], CommandType='Text', CommandTimeout='30']
      SELECT 1
info: Microsoft.EntityFrameworkCore.Migrations[20411]
      Acquiring an exclusive lock for migration application. See https://aka.ms/efcore-docs-migrations-lock for more information if this takes too long.
info: Microsoft.EntityFrameworkCore.Database.Command[20101]
      Executed DbCommand (1ms) [Parameters=[], CommandType='Text', CommandTimeout='30']
      DECLARE @result int;
      EXEC @result = sp_getapplock @Resource = '__EFMigrationsLock', @LockOwner = 'Session', @LockMode = 'Exclusive';
      SELECT @result
info: Microsoft.EntityFrameworkCore.Database.Command[20101]
      Executed DbCommand (0ms) [Parameters=[], CommandType='Text', CommandTimeout='30']
      IF OBJECT_ID(N'[__EFMigrationsHistory]') IS NULL
      BEGIN
          CREATE TABLE [__EFMigrationsHistory] (
              [MigrationId] nvarchar(150) NOT NULL,
              [ProductVersion] nvarchar(32) NOT NULL,
              CONSTRAINT [PK___EFMigrationsHistory] PRIMARY KEY ([MigrationId])
          );
      END;
info: Microsoft.EntityFrameworkCore.Database.Command[20101]
      Executed DbCommand (0ms) [Parameters=[], CommandType='Text', CommandTimeout='30']
      SELECT 1
info: Microsoft.EntityFrameworkCore.Database.Command[20101]
      Executed DbCommand (0ms) [Parameters=[], CommandType='Text', CommandTimeout='30']
      SELECT OBJECT_ID(N'[__EFMigrationsHistory]');
info: Microsoft.EntityFrameworkCore.Database.Command[20101]
      Executed DbCommand (0ms) [Parameters=[], CommandType='Text', CommandTimeout='30']
      SELECT [MigrationId], [ProductVersion]
      FROM [__EFMigrationsHistory]
      ORDER BY [MigrationId];
info: Microsoft.EntityFrameworkCore.Migrations[20405]
      No migrations were applied. The database is already up to date.
info: Microsoft.EntityFrameworkCore.Database.Command[20101]
      Executed DbCommand (0ms) [Parameters=[], CommandType='Text', CommandTimeout='30']
      DECLARE @result int;
      EXEC @result = sp_releaseapplock @Resource = '__EFMigrationsLock', @LockOwner = 'Session';
      SELECT @result
warn: Microsoft.EntityFrameworkCore.Model[10632]
      No instantiatable types implementing `IEntityTypeConfiguration` were found while scanning assembly 'RadiologyCenter.BuildingBlocks.Infrastructure, Version=1.0.0.0, Culture=neutral, PublicKeyToken=null'.
info: Microsoft.EntityFrameworkCore.Database.Command[20101]
      Executed DbCommand (0ms) [Parameters=[], CommandType='Text', CommandTimeout='30']
      SELECT 1
info: Microsoft.EntityFrameworkCore.Migrations[20411]
      Acquiring an exclusive lock for migration application. See https://aka.ms/efcore-docs-migrations-lock for more information if this takes too long.
info: Microsoft.EntityFrameworkCore.Database.Command[20101]
      Executed DbCommand (1ms) [Parameters=[], CommandType='Text', CommandTimeout='30']
      DECLARE @result int;
      EXEC @result = sp_getapplock @Resource = '__EFMigrationsLock', @LockOwner = 'Session', @LockMode = 'Exclusive';
      SELECT @result
info: Microsoft.EntityFrameworkCore.Database.Command[20101]
      Executed DbCommand (0ms) [Parameters=[], CommandType='Text', CommandTimeout='30']
      IF OBJECT_ID(N'[__EFMigrationsHistory]') IS NULL
      BEGIN
          CREATE TABLE [__EFMigrationsHistory] (
              [MigrationId] nvarchar(150) NOT NULL,
              [ProductVersion] nvarchar(32) NOT NULL,
              CONSTRAINT [PK___EFMigrationsHistory] PRIMARY KEY ([MigrationId])
          );
      END;
info: Microsoft.EntityFrameworkCore.Database.Command[20101]
      Executed DbCommand (0ms) [Parameters=[], CommandType='Text', CommandTimeout='30']
      SELECT 1
info: Microsoft.EntityFrameworkCore.Database.Command[20101]
      Executed DbCommand (0ms) [Parameters=[], CommandType='Text', CommandTimeout='30']
      SELECT OBJECT_ID(N'[__EFMigrationsHistory]');
info: Microsoft.EntityFrameworkCore.Database.Command[20101]
      Executed DbCommand (0ms) [Parameters=[], CommandType='Text', CommandTimeout='30']
      SELECT [MigrationId], [ProductVersion]
      FROM [__EFMigrationsHistory]
      ORDER BY [MigrationId];
info: Microsoft.EntityFrameworkCore.Migrations[20405]
      No migrations were applied. The database is already up to date.
info: Microsoft.EntityFrameworkCore.Database.Command[20101]
      Executed DbCommand (0ms) [Parameters=[], CommandType='Text', CommandTimeout='30']
      DECLARE @result int;
      EXEC @result = sp_releaseapplock @Resource = '__EFMigrationsLock', @LockOwner = 'Session';
      SELECT @result
warn: Microsoft.EntityFrameworkCore.Model[10632]
      No instantiatable types implementing `IEntityTypeConfiguration` were found while scanning assembly 'RadiologyCenter.BuildingBlocks.Infrastructure, Version=1.0.0.0, Culture=neutral, PublicKeyToken=null'.
info: Microsoft.EntityFrameworkCore.Database.Command[20101]
      Executed DbCommand (0ms) [Parameters=[], CommandType='Text', CommandTimeout='30']
      SELECT 1
info: Microsoft.EntityFrameworkCore.Migrations[20411]
      Acquiring an exclusive lock for migration application. See https://aka.ms/efcore-docs-migrations-lock for more information if this takes too long.
info: Microsoft.EntityFrameworkCore.Database.Command[20101]
      Executed DbCommand (0ms) [Parameters=[], CommandType='Text', CommandTimeout='30']
      DECLARE @result int;
      EXEC @result = sp_getapplock @Resource = '__EFMigrationsLock', @LockOwner = 'Session', @LockMode = 'Exclusive';
      SELECT @result
info: Microsoft.EntityFrameworkCore.Database.Command[20101]
      Executed DbCommand (0ms) [Parameters=[], CommandType='Text', CommandTimeout='30']
      IF OBJECT_ID(N'[__EFMigrationsHistory]') IS NULL
      BEGIN
          CREATE TABLE [__EFMigrationsHistory] (
              [MigrationId] nvarchar(150) NOT NULL,
              [ProductVersion] nvarchar(32) NOT NULL,
              CONSTRAINT [PK___EFMigrationsHistory] PRIMARY KEY ([MigrationId])
          );
      END;
info: Microsoft.EntityFrameworkCore.Database.Command[20101]
      Executed DbCommand (0ms) [Parameters=[], CommandType='Text', CommandTimeout='30']
      SELECT 1
info: Microsoft.EntityFrameworkCore.Database.Command[20101]
      Executed DbCommand (0ms) [Parameters=[], CommandType='Text', CommandTimeout='30']
      SELECT OBJECT_ID(N'[__EFMigrationsHistory]');
info: Microsoft.EntityFrameworkCore.Database.Command[20101]
      Executed DbCommand (0ms) [Parameters=[], CommandType='Text', CommandTimeout='30']
      SELECT [MigrationId], [ProductVersion]
      FROM [__EFMigrationsHistory]
      ORDER BY [MigrationId];
info: Microsoft.EntityFrameworkCore.Migrations[20405]
      No migrations were applied. The database is already up to date.
info: Microsoft.EntityFrameworkCore.Database.Command[20101]
      Executed DbCommand (0ms) [Parameters=[], CommandType='Text', CommandTimeout='30']
      DECLARE @result int;
      EXEC @result = sp_releaseapplock @Resource = '__EFMigrationsLock', @LockOwner = 'Session';
      SELECT @result
warn: Microsoft.EntityFrameworkCore.Model[10632]
      No instantiatable types implementing `IEntityTypeConfiguration` were found while scanning assembly 'RadiologyCenter.BuildingBlocks.Infrastructure, Version=1.0.0.0, Culture=neutral, PublicKeyToken=null'.
info: Microsoft.EntityFrameworkCore.Database.Command[20101]
      Executed DbCommand (0ms) [Parameters=[], CommandType='Text', CommandTimeout='30']
      SELECT 1
info: Microsoft.EntityFrameworkCore.Migrations[20411]
      Acquiring an exclusive lock for migration application. See https://aka.ms/efcore-docs-migrations-lock for more information if this takes too long.
info: Microsoft.EntityFrameworkCore.Database.Command[20101]
      Executed DbCommand (0ms) [Parameters=[], CommandType='Text', CommandTimeout='30']
      DECLARE @result int;
      EXEC @result = sp_getapplock @Resource = '__EFMigrationsLock', @LockOwner = 'Session', @LockMode = 'Exclusive';
      SELECT @result
info: Microsoft.EntityFrameworkCore.Database.Command[20101]
      Executed DbCommand (0ms) [Parameters=[], CommandType='Text', CommandTimeout='30']
      IF OBJECT_ID(N'[__EFMigrationsHistory]') IS NULL
      BEGIN
          CREATE TABLE [__EFMigrationsHistory] (
              [MigrationId] nvarchar(150) NOT NULL,
              [ProductVersion] nvarchar(32) NOT NULL,
              CONSTRAINT [PK___EFMigrationsHistory] PRIMARY KEY ([MigrationId])
          );
      END;
info: Microsoft.EntityFrameworkCore.Database.Command[20101]
      Executed DbCommand (0ms) [Parameters=[], CommandType='Text', CommandTimeout='30']
      SELECT 1
info: Microsoft.EntityFrameworkCore.Database.Command[20101]
      Executed DbCommand (0ms) [Parameters=[], CommandType='Text', CommandTimeout='30']
      SELECT OBJECT_ID(N'[__EFMigrationsHistory]');
info: Microsoft.EntityFrameworkCore.Database.Command[20101]
      Executed DbCommand (0ms) [Parameters=[], CommandType='Text', CommandTimeout='30']
      SELECT [MigrationId], [ProductVersion]
      FROM [__EFMigrationsHistory]
      ORDER BY [MigrationId];
info: Microsoft.EntityFrameworkCore.Migrations[20405]
      No migrations were applied. The database is already up to date.
info: Microsoft.EntityFrameworkCore.Database.Command[20101]
      Executed DbCommand (1ms) [Parameters=[], CommandType='Text', CommandTimeout='30']
      DECLARE @result int;
      EXEC @result = sp_releaseapplock @Resource = '__EFMigrationsLock', @LockOwner = 'Session';
      SELECT @result
warn: Microsoft.EntityFrameworkCore.Model[10632]
      No instantiatable types implementing `IEntityTypeConfiguration` were found while scanning assembly 'RadiologyCenter.BuildingBlocks.Infrastructure, Version=1.0.0.0, Culture=neutral, PublicKeyToken=null'.
info: Microsoft.EntityFrameworkCore.Database.Command[20101]
      Executed DbCommand (0ms) [Parameters=[], CommandType='Text', CommandTimeout='30']
      SELECT 1
info: Microsoft.EntityFrameworkCore.Migrations[20411]
      Acquiring an exclusive lock for migration application. See https://aka.ms/efcore-docs-migrations-lock for more information if this takes too long.
info: Microsoft.EntityFrameworkCore.Database.Command[20101]
      Executed DbCommand (0ms) [Parameters=[], CommandType='Text', CommandTimeout='30']
      DECLARE @result int;
      EXEC @result = sp_getapplock @Resource = '__EFMigrationsLock', @LockOwner = 'Session', @LockMode = 'Exclusive';
      SELECT @result
info: Microsoft.EntityFrameworkCore.Database.Command[20101]
      Executed DbCommand (0ms) [Parameters=[], CommandType='Text', CommandTimeout='30']
      IF OBJECT_ID(N'[__EFMigrationsHistory]') IS NULL
      BEGIN
          CREATE TABLE [__EFMigrationsHistory] (
              [MigrationId] nvarchar(150) NOT NULL,
              [ProductVersion] nvarchar(32) NOT NULL,
              CONSTRAINT [PK___EFMigrationsHistory] PRIMARY KEY ([MigrationId])
          );
      END;
info: Microsoft.EntityFrameworkCore.Database.Command[20101]
      Executed DbCommand (0ms) [Parameters=[], CommandType='Text', CommandTimeout='30']
      SELECT 1
info: Microsoft.EntityFrameworkCore.Database.Command[20101]
      Executed DbCommand (0ms) [Parameters=[], CommandType='Text', CommandTimeout='30']
      SELECT OBJECT_ID(N'[__EFMigrationsHistory]');
info: Microsoft.EntityFrameworkCore.Database.Command[20101]
      Executed DbCommand (0ms) [Parameters=[], CommandType='Text', CommandTimeout='30']
      SELECT [MigrationId], [ProductVersion]
      FROM [__EFMigrationsHistory]
      ORDER BY [MigrationId];
info: Microsoft.EntityFrameworkCore.Migrations[20405]
      No migrations were applied. The database is already up to date.
info: Microsoft.EntityFrameworkCore.Database.Command[20101]
      Executed DbCommand (0ms) [Parameters=[], CommandType='Text', CommandTimeout='30']
      DECLARE @result int;
      EXEC @result = sp_releaseapplock @Resource = '__EFMigrationsLock', @LockOwner = 'Session';
      SELECT @result
warn: Microsoft.EntityFrameworkCore.Model[10632]
      No instantiatable types implementing `IEntityTypeConfiguration` were found while scanning assembly 'RadiologyCenter.BuildingBlocks.Infrastructure, Version=1.0.0.0, Culture=neutral, PublicKeyToken=null'.
info: Microsoft.EntityFrameworkCore.Database.Command[20101]
      Executed DbCommand (0ms) [Parameters=[], CommandType='Text', CommandTimeout='30']
      SELECT 1
info: Microsoft.EntityFrameworkCore.Migrations[20411]
      Acquiring an exclusive lock for migration application. See https://aka.ms/efcore-docs-migrations-lock for more information if this takes too long.
info: Microsoft.EntityFrameworkCore.Database.Command[20101]
      Executed DbCommand (0ms) [Parameters=[], CommandType='Text', CommandTimeout='30']
      DECLARE @result int;
      EXEC @result = sp_getapplock @Resource = '__EFMigrationsLock', @LockOwner = 'Session', @LockMode = 'Exclusive';
      SELECT @result
info: Microsoft.EntityFrameworkCore.Database.Command[20101]
      Executed DbCommand (0ms) [Parameters=[], CommandType='Text', CommandTimeout='30']
      IF OBJECT_ID(N'[__EFMigrationsHistory]') IS NULL
      BEGIN
          CREATE TABLE [__EFMigrationsHistory] (
              [MigrationId] nvarchar(150) NOT NULL,
              [ProductVersion] nvarchar(32) NOT NULL,
              CONSTRAINT [PK___EFMigrationsHistory] PRIMARY KEY ([MigrationId])
          );
      END;
info: Microsoft.EntityFrameworkCore.Database.Command[20101]
      Executed DbCommand (0ms) [Parameters=[], CommandType='Text', CommandTimeout='30']
      SELECT 1
info: Microsoft.EntityFrameworkCore.Database.Command[20101]
      Executed DbCommand (0ms) [Parameters=[], CommandType='Text', CommandTimeout='30']
      SELECT OBJECT_ID(N'[__EFMigrationsHistory]');
info: Microsoft.EntityFrameworkCore.Database.Command[20101]
      Executed DbCommand (0ms) [Parameters=[], CommandType='Text', CommandTimeout='30']
      SELECT [MigrationId], [ProductVersion]
      FROM [__EFMigrationsHistory]
      ORDER BY [MigrationId];
info: Microsoft.EntityFrameworkCore.Migrations[20405]
      No migrations were applied. The database is already up to date.
info: Microsoft.EntityFrameworkCore.Database.Command[20101]
      Executed DbCommand (1ms) [Parameters=[], CommandType='Text', CommandTimeout='30']
      DECLARE @result int;
      EXEC @result = sp_releaseapplock @Resource = '__EFMigrationsLock', @LockOwner = 'Session';
      SELECT @result
warn: Microsoft.EntityFrameworkCore.Model[10632]
      No instantiatable types implementing `IEntityTypeConfiguration` were found while scanning assembly 'RadiologyCenter.BuildingBlocks.Infrastructure, Version=1.0.0.0, Culture=neutral, PublicKeyToken=null'.
info: Microsoft.EntityFrameworkCore.Database.Command[20101]
      Executed DbCommand (0ms) [Parameters=[], CommandType='Text', CommandTimeout='30']
      SELECT 1
info: Microsoft.EntityFrameworkCore.Migrations[20411]
      Acquiring an exclusive lock for migration application. See https://aka.ms/efcore-docs-migrations-lock for more information if this takes too long.
info: Microsoft.EntityFrameworkCore.Database.Command[20101]
      Executed DbCommand (0ms) [Parameters=[], CommandType='Text', CommandTimeout='30']
      DECLARE @result int;
      EXEC @result = sp_getapplock @Resource = '__EFMigrationsLock', @LockOwner = 'Session', @LockMode = 'Exclusive';
      SELECT @result
info: Microsoft.EntityFrameworkCore.Database.Command[20101]
      Executed DbCommand (0ms) [Parameters=[], CommandType='Text', CommandTimeout='30']
      IF OBJECT_ID(N'[__EFMigrationsHistory]') IS NULL
      BEGIN
          CREATE TABLE [__EFMigrationsHistory] (
              [MigrationId] nvarchar(150) NOT NULL,
              [ProductVersion] nvarchar(32) NOT NULL,
              CONSTRAINT [PK___EFMigrationsHistory] PRIMARY KEY ([MigrationId])
          );
      END;
info: Microsoft.EntityFrameworkCore.Database.Command[20101]
      Executed DbCommand (0ms) [Parameters=[], CommandType='Text', CommandTimeout='30']
      SELECT 1
info: Microsoft.EntityFrameworkCore.Database.Command[20101]
      Executed DbCommand (0ms) [Parameters=[], CommandType='Text', CommandTimeout='30']
      SELECT OBJECT_ID(N'[__EFMigrationsHistory]');
info: Microsoft.EntityFrameworkCore.Database.Command[20101]
      Executed DbCommand (0ms) [Parameters=[], CommandType='Text', CommandTimeout='30']
      SELECT [MigrationId], [ProductVersion]
      FROM [__EFMigrationsHistory]
      ORDER BY [MigrationId];
info: Microsoft.EntityFrameworkCore.Migrations[20405]
      No migrations were applied. The database is already up to date.
info: Microsoft.EntityFrameworkCore.Database.Command[20101]
      Executed DbCommand (0ms) [Parameters=[], CommandType='Text', CommandTimeout='30']
      DECLARE @result int;
      EXEC @result = sp_releaseapplock @Resource = '__EFMigrationsLock', @LockOwner = 'Session';
      SELECT @result
warn: Microsoft.EntityFrameworkCore.Model[10632]
      No instantiatable types implementing `IEntityTypeConfiguration` were found while scanning assembly 'RadiologyCenter.BuildingBlocks.Infrastructure, Version=1.0.0.0, Culture=neutral, PublicKeyToken=null'.
info: Microsoft.EntityFrameworkCore.Database.Command[20101]
      Executed DbCommand (1ms) [Parameters=[], CommandType='Text', CommandTimeout='30']
      SELECT 1
info: Microsoft.EntityFrameworkCore.Migrations[20411]
      Acquiring an exclusive lock for migration application. See https://aka.ms/efcore-docs-migrations-lock for more information if this takes too long.
info: Microsoft.EntityFrameworkCore.Database.Command[20101]
      Executed DbCommand (1ms) [Parameters=[], CommandType='Text', CommandTimeout='30']
      DECLARE @result int;
      EXEC @result = sp_getapplock @Resource = '__EFMigrationsLock', @LockOwner = 'Session', @LockMode = 'Exclusive';
      SELECT @result
info: Microsoft.EntityFrameworkCore.Database.Command[20101]
      Executed DbCommand (1ms) [Parameters=[], CommandType='Text', CommandTimeout='30']
      IF OBJECT_ID(N'[__EFMigrationsHistory]') IS NULL
      BEGIN
          CREATE TABLE [__EFMigrationsHistory] (
              [MigrationId] nvarchar(150) NOT NULL,
              [ProductVersion] nvarchar(32) NOT NULL,
              CONSTRAINT [PK___EFMigrationsHistory] PRIMARY KEY ([MigrationId])
          );
      END;
info: Microsoft.EntityFrameworkCore.Database.Command[20101]
      Executed DbCommand (0ms) [Parameters=[], CommandType='Text', CommandTimeout='30']
      SELECT 1
info: Microsoft.EntityFrameworkCore.Database.Command[20101]
      Executed DbCommand (0ms) [Parameters=[], CommandType='Text', CommandTimeout='30']
      SELECT OBJECT_ID(N'[__EFMigrationsHistory]');
info: Microsoft.EntityFrameworkCore.Database.Command[20101]
      Executed DbCommand (0ms) [Parameters=[], CommandType='Text', CommandTimeout='30']
      SELECT [MigrationId], [ProductVersion]
      FROM [__EFMigrationsHistory]
      ORDER BY [MigrationId];
info: Microsoft.EntityFrameworkCore.Migrations[20405]
      No migrations were applied. The database is already up to date.
info: Microsoft.EntityFrameworkCore.Database.Command[20101]
      Executed DbCommand (0ms) [Parameters=[], CommandType='Text', CommandTimeout='30']
      DECLARE @result int;
      EXEC @result = sp_releaseapplock @Resource = '__EFMigrationsLock', @LockOwner = 'Session';
      SELECT @result
warn: Microsoft.EntityFrameworkCore.Model[10632]
      No instantiatable types implementing `IEntityTypeConfiguration` were found while scanning assembly 'RadiologyCenter.BuildingBlocks.Infrastructure, Version=1.0.0.0, Culture=neutral, PublicKeyToken=null'.
info: Microsoft.EntityFrameworkCore.Database.Command[20101]
      Executed DbCommand (0ms) [Parameters=[], CommandType='Text', CommandTimeout='30']
      SELECT 1
info: Microsoft.EntityFrameworkCore.Migrations[20411]
      Acquiring an exclusive lock for migration application. See https://aka.ms/efcore-docs-migrations-lock for more information if this takes too long.
info: Microsoft.EntityFrameworkCore.Database.Command[20101]
      Executed DbCommand (0ms) [Parameters=[], CommandType='Text', CommandTimeout='30']
      DECLARE @result int;
      EXEC @result = sp_getapplock @Resource = '__EFMigrationsLock', @LockOwner = 'Session', @LockMode = 'Exclusive';
      SELECT @result
info: Microsoft.EntityFrameworkCore.Database.Command[20101]
      Executed DbCommand (0ms) [Parameters=[], CommandType='Text', CommandTimeout='30']
      IF OBJECT_ID(N'[__EFMigrationsHistory]') IS NULL
      BEGIN
          CREATE TABLE [__EFMigrationsHistory] (
              [MigrationId] nvarchar(150) NOT NULL,
              [ProductVersion] nvarchar(32) NOT NULL,
              CONSTRAINT [PK___EFMigrationsHistory] PRIMARY KEY ([MigrationId])
          );
      END;
info: Microsoft.EntityFrameworkCore.Database.Command[20101]
      Executed DbCommand (0ms) [Parameters=[], CommandType='Text', CommandTimeout='30']
      SELECT 1
info: Microsoft.EntityFrameworkCore.Database.Command[20101]
      Executed DbCommand (0ms) [Parameters=[], CommandType='Text', CommandTimeout='30']
      SELECT OBJECT_ID(N'[__EFMigrationsHistory]');
info: Microsoft.EntityFrameworkCore.Database.Command[20101]
      Executed DbCommand (0ms) [Parameters=[], CommandType='Text', CommandTimeout='30']
      SELECT [MigrationId], [ProductVersion]
      FROM [__EFMigrationsHistory]
      ORDER BY [MigrationId];
info: Microsoft.EntityFrameworkCore.Migrations[20405]
      No migrations were applied. The database is already up to date.
info: Microsoft.EntityFrameworkCore.Database.Command[20101]
      Executed DbCommand (0ms) [Parameters=[], CommandType='Text', CommandTimeout='30']
      DECLARE @result int;
      EXEC @result = sp_releaseapplock @Resource = '__EFMigrationsLock', @LockOwner = 'Session';
      SELECT @result
info: Microsoft.EntityFrameworkCore.Database.Command[20101]
      Executed DbCommand (13ms) [Parameters=[], CommandType='Text', CommandTimeout='30']
      SELECT [a].[Code]
      FROM [Identity].[AspNetPermissions] AS [a]
info: Microsoft.EntityFrameworkCore.Database.Command[20101]
      Executed DbCommand (2ms) [Parameters=[], CommandType='Text', CommandTimeout='30']
      SELECT [a].[Id], [a].[Code], [a].[Description], [a].[Group], [a].[Name]
      FROM [Identity].[AspNetPermissions] AS [a]
info: Microsoft.EntityFrameworkCore.Database.Command[20101]
      Executed DbCommand (9ms) [Parameters=[], CommandType='Text', CommandTimeout='30']
      SELECT [a1].[Id], [a1].[ConcurrencyStamp], [a1].[CreatedAt], [a1].[Description], [a1].[IsActive], [a1].[IsSystem], [a1].[Name], [a1].[NormalizedName], [s].[PermissionsId], [s].[RoleId], [s].[Id], [s].[Code], [s].[Description], [s].[Group], [s].[Name]
      FROM (
          SELECT TOP(1) [a].[Id], [a].[ConcurrencyStamp], [a].[CreatedAt], [a].[Description], [a].[IsActive], [a].[IsSystem], [a].[Name], [a].[NormalizedName]
          FROM [Identity].[AspNetRoles] AS [a]
          WHERE [a].[Name] = N'Administrator'
      ) AS [a1]
      LEFT JOIN (
          SELECT [r].[PermissionsId], [r].[RoleId], [a0].[Id], [a0].[Code], [a0].[Description], [a0].[Group], [a0].[Name]
          FROM [Identity].[RolePermissions] AS [r]
          INNER JOIN [Identity].[AspNetPermissions] AS [a0] ON [r].[PermissionsId] = [a0].[Id]
      ) AS [s] ON [a1].[Id] = [s].[RoleId]
      ORDER BY [a1].[Id], [s].[PermissionsId], [s].[RoleId]
warn: Microsoft.EntityFrameworkCore.Query[20504]
      Compiling a query which loads related collections for more than one collection navigation, either via 'Include' or through projection, but no 'QuerySplittingBehavior' has been configured. By default, Entity Framework will use 'QuerySplittingBehavior.SingleQuery', which can potentially result in slow query performance. See https://go.microsoft.com/fwlink/?linkid=2134277 for more information. To identify the query that's triggering this warning call 'ConfigureWarnings(w => w.Throw(RelationalEventId.MultipleCollectionIncludeWarning))'.
info: Microsoft.EntityFrameworkCore.Database.Command[20101]
      Executed DbCommand (15ms) [Parameters=[], CommandType='Text', CommandTimeout='30']
      SELECT [a2].[Id], [a2].[AccessFailedCount], [a2].[ConcurrencyStamp], [a2].[CreatedAt], [a2].[Email], [a2].[EmailConfirmed], [a2].[FirstName], [a2].[IsActive], [a2].[LastLoginAt], [a2].[LastName], [a2].[LockoutEnabled], [a2].[LockoutEnd], [a2].[MustChangePassword], [a2].[NormalizedEmail], [a2].[NormalizedUserName], [a2].[PasswordHash], [a2].[PhoneNumber], [a2].[PhoneNumberConfirmed], [a2].[ProfilePictureUrl], [a2].[SecurityStamp], [a2].[TwoFactorEnabled], [a2].[UserName], [r].[UserId], [r].[Token], [r].[CreatedAtUtc], [r].[ExpiresAtUtc], [r].[RevokedAtUtc], [u].[UserId], [u].[Id], [u].[LastActivityAtUtc], [u].[RefreshToken], [u].[RevokedAtUtc], [u].[StartedAtUtc], [s].[AssignedRolesId], [s].[UserId], [s].[Id], [s].[ConcurrencyStamp], [s].[CreatedAt], [s].[Description], [s].[IsActive], [s].[IsSystem], [s].[Name], [s].[NormalizedName]
      FROM (
          SELECT TOP(1) [a].[Id], [a].[AccessFailedCount], [a].[ConcurrencyStamp], [a].[CreatedAt], [a].[Email], [a].[EmailConfirmed], [a].[FirstName], [a].[IsActive], [a].[LastLoginAt], [a].[LastName], [a].[LockoutEnabled], [a].[LockoutEnd], [a].[MustChangePassword], [a].[NormalizedEmail], [a].[NormalizedUserName], [a].[PasswordHash], [a].[PhoneNumber], [a].[PhoneNumberConfirmed], [a].[ProfilePictureUrl], [a].[SecurityStamp], [a].[TwoFactorEnabled], [a].[UserName]
          FROM [Identity].[AspNetUsers] AS [a]
          WHERE [a].[UserName] = N'admin123'
      ) AS [a2]
      LEFT JOIN [Identity].[RefreshToken] AS [r] ON [a2].[Id] = [r].[UserId]
      LEFT JOIN [Identity].[UserSession] AS [u] ON [a2].[Id] = [u].[UserId]
      LEFT JOIN (
          SELECT [a0].[AssignedRolesId], [a0].[UserId], [a1].[Id], [a1].[ConcurrencyStamp], [a1].[CreatedAt], [a1].[Description], [a1].[IsActive], [a1].[IsSystem], [a1].[Name], [a1].[NormalizedName]
          FROM [Identity].[AspNetUserRoles] AS [a0]
          INNER JOIN [Identity].[AspNetRoles] AS [a1] ON [a0].[AssignedRolesId] = [a1].[Id]
      ) AS [s] ON [a2].[Id] = [s].[UserId]
      ORDER BY [a2].[Id], [r].[UserId], [r].[Token], [u].[UserId], [u].[Id], [s].[AssignedRolesId], [s].[UserId]
info: Wolverine.Runtime.WolverineRuntime[0]
      Exporting Open Telemetry metrics from Wolverine with name Wolverine:RadiologyCenter.BuildingBlocks.Application, version 6.24.0.0
info: Wolverine.Runtime.WolverineRuntime[0]
      Starting Wolverine messaging for application assembly RadiologyCenter.BuildingBlocks.Application, Version=1.0.0.0, Culture=neutral, PublicKeyToken=null
info: Wolverine.Runtime.WolverineRuntime[0]
      The Wolverine code generation mode is Dynamic. This is suitable for development, but you may want to opt into other options for production usage to reduce start up time and resource utilization.
info: Wolverine.Runtime.WolverineRuntime[0]
      See https://wolverine.netlify.app/guide/codegen.html for more information
info: Wolverine.Configuration.HandlerDiscovery[0]
      Searching assembly Wolverine.RuntimeCompilation, Version=6.24.0.0, Culture=neutral, PublicKeyToken=null for Wolverine message handlers
info: Wolverine.Configuration.HandlerDiscovery[0]
      Searching assembly RadiologyCenter.BuildingBlocks.Application, Version=1.0.0.0, Culture=neutral, PublicKeyToken=null for Wolverine message handlers
info: Wolverine.Configuration.HandlerDiscovery[0]
      Searching assembly RadiologyCenter.Identity.Application, Version=1.0.0.0, Culture=neutral, PublicKeyToken=null for Wolverine message handlers
info: Wolverine.Configuration.HandlerDiscovery[0]
      Searching assembly RadiologyCenter.Patients.Application, Version=1.0.0.0, Culture=neutral, PublicKeyToken=null for Wolverine message handlers
info: Wolverine.Configuration.HandlerDiscovery[0]
      Searching assembly RadiologyCenter.Inventory.Application, Version=1.0.0.0, Culture=neutral, PublicKeyToken=null for Wolverine message handlers
info: Wolverine.Configuration.HandlerDiscovery[0]
      Searching assembly RadiologyCenter.Examinations.Application, Version=1.0.0.0, Culture=neutral, PublicKeyToken=null for Wolverine message handlers
info: Wolverine.Configuration.HandlerDiscovery[0]
      Searching assembly RadiologyCenter.ResourceManagement.Application, Version=1.0.0.0, Culture=neutral, PublicKeyToken=null for Wolverine message handlers
info: Wolverine.Configuration.HandlerDiscovery[0]
      Searching assembly RadiologyCenter.Payroll.Application, Version=1.0.0.0, Culture=neutral, PublicKeyToken=null for Wolverine message handlers
info: Wolverine.Configuration.HandlerDiscovery[0]
      Searching assembly RadiologyCenter.Reports.Application, Version=1.0.0.0, Culture=neutral, PublicKeyToken=null for Wolverine message handlers
info: Wolverine.Configuration.HandlerDiscovery[0]
      Searching assembly RadiologyCenter.Insurance.Application, Version=1.0.0.0, Culture=neutral, PublicKeyToken=null for Wolverine message handlers
info: Wolverine.Configuration.HandlerDiscovery[0]
      Searching assembly RadiologyCenter.Cash.Application, Version=1.0.0.0, Culture=neutral, PublicKeyToken=null for Wolverine message handlers
info: Wolverine.Configuration.HandlerDiscovery[0]
      Searching assembly RadiologyCenter.Notification.Application, Version=1.0.0.0, Culture=neutral, PublicKeyToken=null for Wolverine message handlers
info: Wolverine.Runtime.WolverineRuntime[0]
      Wolverine assigned node id for envelope persistence is 849761181
info: Wolverine.Transports.ListeningAgent[0]
      Started message listening at stub://replies/
info: Wolverine.Transports.ListeningAgent[0]
      Started message listening at dbcontrol://4a88b504-5ba4-4304-b069-53c847e6a75e/
info: Wolverine.Runtime.Agents.NodeAgentController[0]
      Starting agents for Node 4a88b504-5ba4-4304-b069-53c847e6a75e with assigned node id 5 and Control Uri dbcontrol://4a88b504-5ba4-4304-b069-53c847e6a75e/
info: Microsoft.Hosting.Lifetime[14]
      Now listening on: http://localhost:5224
info: Microsoft.Hosting.Lifetime[0]
      Application started. Press Ctrl+C to shut down.
info: Microsoft.Hosting.Lifetime[0]
      Hosting environment: Development
info: Microsoft.Hosting.Lifetime[0]
      Content root path: C:\Users\Ahmed Abdou\source\repos\radiology-center-management-system\src\Backend\Localhost\RadiologyCenter.Localhost
info: Wolverine.Runtime.Agents.NodeAgentController[0]
      Node 4a88b504-5ba4-4304-b069-53c847e6a75e successfully assumed leadership
warn: Wolverine.Runtime.Agents.NodeAgentController[0]
      Detected duplicate agent wolverine://leader/ reported running on Node 5 and Node 4 — sending StopRemoteAgent to the older copy to heal split-brain residue.
info: Wolverine.Runtime.Agents.NodeAgentController[0]
      Successfully started agent wolverinedb://sqlserver/RadiologyCenter/Wolverine on Node 5
info: Wolverine.Runtime.WolverineRuntime[0]
      Successfully started agent wolverinedb://sqlserver/RadiologyCenter/Wolverine on node 5
warn: JasperFx.CodeGeneration.ICodeFile[0]
      Utilizing service location for Message Handler for RadiologyCenter.Identity.Application.Commands.Login.LoginCommand for Service RadiologyCenter.Identity.Application.Abstractions.IUserRepository: 
      Dependency: Descriptor: ServiceType: RadiologyCenter.Identity.Infrastructure.Persistence.IdentityDbContext Lifetime: Scoped ImplementationType: RadiologyCenter.Identity.Infrastructure.Persistence.IdentityDbContext
      
      Dependency: Descriptor: ServiceType: Microsoft.EntityFrameworkCore.DbContextOptions`1[RadiologyCenter.Identity.Infrastructure.Persistence.IdentityDbContext] Lifetime: Scoped ImplementationFactory: Microsoft.Extensions.DependencyInjection.EntityFrameworkServiceCollectionExtensions.CreateDbContextOptions
      The service registration for Microsoft.EntityFrameworkCore.DbContextOptions<RadiologyCenter.Identity.Infrastructure.Persistence.IdentityDbContext> is an 'opaque' lambda factory with the Scoped lifetime and requires service location
      
      . This will throw in Wolverine 6.0 when ServiceLocationPolicy.NotAllowed becomes the default. See https://wolverinefx.net/guide/codegen.html
warn: JasperFx.CodeGeneration.ICodeFile[0]
      Utilizing service location for Message Handler for RadiologyCenter.Identity.Application.Commands.Login.LoginCommand for Service RadiologyCenter.Identity.Application.Abstractions.IIdentityUnitOfWork: 
      Dependency: Descriptor: ServiceType: RadiologyCenter.Identity.Infrastructure.Persistence.IdentityDbContext Lifetime: Scoped ImplementationType: RadiologyCenter.Identity.Infrastructure.Persistence.IdentityDbContext
      
      Dependency: Descriptor: ServiceType: Microsoft.EntityFrameworkCore.DbContextOptions`1[RadiologyCenter.Identity.Infrastructure.Persistence.IdentityDbContext] Lifetime: Scoped ImplementationFactory: Microsoft.Extensions.DependencyInjection.EntityFrameworkServiceCollectionExtensions.CreateDbContextOptions
      The service registration for Microsoft.EntityFrameworkCore.DbContextOptions<RadiologyCenter.Identity.Infrastructure.Persistence.IdentityDbContext> is an 'opaque' lambda factory with the Scoped lifetime and requires service location
      
      . This will throw in Wolverine 6.0 when ServiceLocationPolicy.NotAllowed becomes the default. See https://wolverinefx.net/guide/codegen.html
warn: Microsoft.EntityFrameworkCore.Query[20504]
      Compiling a query which loads related collections for more than one collection navigation, either via 'Include' or through projection, but no 'QuerySplittingBehavior' has been configured. By default, Entity Framework will use 'QuerySplittingBehavior.SingleQuery', which can potentially result in slow query performance. See https://go.microsoft.com/fwlink/?linkid=2134277 for more information. To identify the query that's triggering this warning call 'ConfigureWarnings(w => w.Throw(RelationalEventId.MultipleCollectionIncludeWarning))'.
info: Microsoft.EntityFrameworkCore.Database.Command[20101]
      Executed DbCommand (18ms) [Parameters=[@userName='?' (Size = 4000)], CommandType='Text', CommandTimeout='30']
      SELECT [a3].[Id], [a3].[AccessFailedCount], [a3].[ConcurrencyStamp], [a3].[CreatedAt], [a3].[Email], [a3].[EmailConfirmed], [a3].[FirstName], [a3].[IsActive], [a3].[LastLoginAt], [a3].[LastName], [a3].[LockoutEnabled], [a3].[LockoutEnd], [a3].[MustChangePassword], [a3].[NormalizedEmail], [a3].[NormalizedUserName], [a3].[PasswordHash], [a3].[PhoneNumber], [a3].[PhoneNumberConfirmed], [a3].[ProfilePictureUrl], [a3].[SecurityStamp], [a3].[TwoFactorEnabled], [a3].[UserName], [r].[UserId], [r].[Token], [r].[CreatedAtUtc], [r].[ExpiresAtUtc], [r].[RevokedAtUtc], [u].[UserId], [u].[Id], [u].[LastActivityAtUtc], [u].[RefreshToken], [u].[RevokedAtUtc], [u].[StartedAtUtc], [s0].[AssignedRolesId], [s0].[UserId], [s0].[Id], [s0].[ConcurrencyStamp], [s0].[CreatedAt], [s0].[Description], [s0].[IsActive], [s0].[IsSystem], [s0].[Name], [s0].[NormalizedName], [s0].[PermissionsId], [s0].[RoleId], [s0].[Id0], [s0].[Code], [s0].[Description0], [s0].[Group], [s0].[Name0]
      FROM (
          SELECT TOP(1) [a].[Id], [a].[AccessFailedCount], [a].[ConcurrencyStamp], [a].[CreatedAt], [a].[Email], [a].[EmailConfirmed], [a].[FirstName], [a].[IsActive], [a].[LastLoginAt], [a].[LastName], [a].[LockoutEnabled], [a].[LockoutEnd], [a].[MustChangePassword], [a].[NormalizedEmail], [a].[NormalizedUserName], [a].[PasswordHash], [a].[PhoneNumber], [a].[PhoneNumberConfirmed], [a].[ProfilePictureUrl], [a].[SecurityStamp], [a].[TwoFactorEnabled], [a].[UserName]
          FROM [Identity].[AspNetUsers] AS [a]
          WHERE [a].[UserName] = @userName
      ) AS [a3]
      LEFT JOIN [Identity].[RefreshToken] AS [r] ON [a3].[Id] = [r].[UserId]
      LEFT JOIN [Identity].[UserSession] AS [u] ON [a3].[Id] = [u].[UserId]
      LEFT JOIN (
          SELECT [a0].[AssignedRolesId], [a0].[UserId], [a1].[Id], [a1].[ConcurrencyStamp], [a1].[CreatedAt], [a1].[Description], [a1].[IsActive], [a1].[IsSystem], [a1].[Name], [a1].[NormalizedName], [s].[PermissionsId], [s].[RoleId], [s].[Id] AS [Id0], [s].[Code], [s].[Description] AS [Description0], [s].[Group], [s].[Name] AS [Name0]
          FROM [Identity].[AspNetUserRoles] AS [a0]
          INNER JOIN [Identity].[AspNetRoles] AS [a1] ON [a0].[AssignedRolesId] = [a1].[Id]
          LEFT JOIN (
              SELECT [r0].[PermissionsId], [r0].[RoleId], [a2].[Id], [a2].[Code], [a2].[Description], [a2].[Group], [a2].[Name]
              FROM [Identity].[RolePermissions] AS [r0]
              INNER JOIN [Identity].[AspNetPermissions] AS [a2] ON [r0].[PermissionsId] = [a2].[Id]
          ) AS [s] ON [a1].[Id] = [s].[RoleId]
      ) AS [s0] ON [a3].[Id] = [s0].[UserId]
      ORDER BY [a3].[Id], [r].[UserId], [r].[Token], [u].[UserId], [u].[Id], [s0].[AssignedRolesId], [s0].[UserId], [s0].[Id], [s0].[PermissionsId], [s0].[RoleId]
info: Wolverine.Runtime.WolverineRuntime[107]
      No routes can be determined for Envelope #08def9a8-c4b7-b052-e86a-64c9e0060000 (RadiologyCenter.Identity.Domain.Events.UserLoggedInEvent)
info: Microsoft.EntityFrameworkCore.Database.Command[20101]
      Executed DbCommand (7ms) [Parameters=[@p1='?' (DbType = Guid), @p0='?' (DbType = DateTime2), @p3='?' (Size = 256), @p4='?' (DbType = Guid), @p2='?' (DbType = DateTime2), @p5='?' (Size = 256), @p6='?' (DbType = Guid), @p7='?' (DbType = DateTime2), @p8='?' (DbType = DateTime2), @p9='?' (DbType = DateTime2), @p11='?' (DbType = Guid), @p12='?' (DbType = Guid), @p10='?' (DbType = DateTime2), @p13='?' (DbType = Guid), @p14='?' (DbType = Guid), @p15='?' (DbType = DateTime2), @p16='?' (Size = 256), @p17='?' (DbType = DateTime2), @p18='?' (DbType = DateTime2)], CommandType='Text', CommandTimeout='30']
      SET NOCOUNT ON;
      UPDATE [Identity].[AspNetUsers] SET [LastLoginAt] = @p0
      OUTPUT 1
      WHERE [Id] = @p1;
      UPDATE [Identity].[RefreshToken] SET [RevokedAtUtc] = @p2
      OUTPUT 1
      WHERE [Token] = @p3 AND [UserId] = @p4;
      INSERT INTO [Identity].[RefreshToken] ([Token], [UserId], [CreatedAtUtc], [ExpiresAtUtc], [RevokedAtUtc])
      VALUES (@p5, @p6, @p7, @p8, @p9);
      UPDATE [Identity].[UserSession] SET [RevokedAtUtc] = @p10
      OUTPUT 1
      WHERE [Id] = @p11 AND [UserId] = @p12;
      INSERT INTO [Identity].[UserSession] ([Id], [UserId], [LastActivityAtUtc], [RefreshToken], [RevokedAtUtc], [StartedAtUtc])
      VALUES (@p13, @p14, @p15, @p16, @p17, @p18);
warn: JasperFx.CodeGeneration.ICodeFile[0]
      Utilizing service location for Message Handler for RadiologyCenter.Identity.Application.Queries.GetRoles.GetRolesQuery for Service RadiologyCenter.Identity.Application.Abstractions.IRoleRepository: 
      Dependency: Descriptor: ServiceType: RadiologyCenter.Identity.Infrastructure.Persistence.IdentityDbContext Lifetime: Scoped ImplementationType: RadiologyCenter.Identity.Infrastructure.Persistence.IdentityDbContext
      
      Dependency: Descriptor: ServiceType: Microsoft.EntityFrameworkCore.DbContextOptions`1[RadiologyCenter.Identity.Infrastructure.Persistence.IdentityDbContext] Lifetime: Scoped ImplementationFactory: Microsoft.Extensions.DependencyInjection.EntityFrameworkServiceCollectionExtensions.CreateDbContextOptions
      The service registration for Microsoft.EntityFrameworkCore.DbContextOptions<RadiologyCenter.Identity.Infrastructure.Persistence.IdentityDbContext> is an 'opaque' lambda factory with the Scoped lifetime and requires service location
      
      . This will throw in Wolverine 6.0 when ServiceLocationPolicy.NotAllowed becomes the default. See https://wolverinefx.net/guide/codegen.html
info: Microsoft.EntityFrameworkCore.Database.Command[20101]
      Executed DbCommand (1ms) [Parameters=[], CommandType='Text', CommandTimeout='30']
      SELECT COUNT(*)
      FROM [Identity].[AspNetRoles] AS [a]
warn: Microsoft.EntityFrameworkCore.Query[10102]
      The query uses a row limiting operator ('Skip'/'Take') without an 'OrderBy' operator. This may lead to unpredictable results. If the 'Distinct' operator is used after 'OrderBy', then make sure to use the 'OrderBy' operator after 'Distinct' as the ordering would otherwise get erased.
warn: Microsoft.EntityFrameworkCore.Query[10102]
      The query uses a row limiting operator ('Skip'/'Take') without an 'OrderBy' operator. This may lead to unpredictable results. If the 'Distinct' operator is used after 'OrderBy', then make sure to use the 'OrderBy' operator after 'Distinct' as the ordering would otherwise get erased.
info: Microsoft.EntityFrameworkCore.Database.Command[20101]
      Executed DbCommand (6ms) [Parameters=[@p='?' (DbType = Int32), @p1='?' (DbType = Int32)], CommandType='Text', CommandTimeout='30']
      SELECT [a1].[Id], [a1].[ConcurrencyStamp], [a1].[CreatedAt], [a1].[Description], [a1].[IsActive], [a1].[IsSystem], [a1].[Name], [a1].[NormalizedName], [s].[Id], [s].[Code], [s].[Description], [s].[Group], [s].[Name], [s].[PermissionsId], [s].[RoleId]
      FROM (
          SELECT [a].[Id], [a].[ConcurrencyStamp], [a].[CreatedAt], [a].[Description], [a].[IsActive], [a].[IsSystem], [a].[Name], [a].[NormalizedName]
          FROM [Identity].[AspNetRoles] AS [a]
          ORDER BY (SELECT 1)
          OFFSET @p ROWS FETCH NEXT @p1 ROWS ONLY
      ) AS [a1]
      LEFT JOIN (
          SELECT [a0].[Id], [a0].[Code], [a0].[Description], [a0].[Group], [a0].[Name], [r].[PermissionsId], [r].[RoleId]
          FROM [Identity].[RolePermissions] AS [r]
          INNER JOIN [Identity].[AspNetPermissions] AS [a0] ON [r].[PermissionsId] = [a0].[Id]
      ) AS [s] ON [a1].[Id] = [s].[RoleId]
      ORDER BY [a1].[Id], [s].[PermissionsId], [s].[RoleId]
warn: JasperFx.CodeGeneration.ICodeFile[0]
      Utilizing service location for Message Handler for RadiologyCenter.Identity.Application.Commands.CreateUser.CreateUserCommand for Service System.Collections.Generic.IEnumerable`1[FluentValidation.IValidator`1[RadiologyCenter.Identity.Application.Commands.CreateUser.CreateUserCommand]]: 
      Dependency: Descriptor: ServiceType: FluentValidation.IValidator`1[RadiologyCenter.Identity.Application.Commands.CreateUser.CreateUserCommand] Lifetime: Scoped ImplementationType: RadiologyCenter.Identity.Application.Commands.CreateUser.CreateUserCommandPipelineValidator
      
      Dependency: Descriptor: ServiceType: RadiologyCenter.Identity.Application.Abstractions.IUserRepository Lifetime: Scoped ImplementationType: RadiologyCenter.Identity.Infrastructure.Repositories.UserRepository
      
      Dependency: Descriptor: ServiceType: RadiologyCenter.Identity.Infrastructure.Persistence.IdentityDbContext Lifetime: Scoped ImplementationType: RadiologyCenter.Identity.Infrastructure.Persistence.IdentityDbContext
      
      Dependency: Descriptor: ServiceType: Microsoft.EntityFrameworkCore.DbContextOptions`1[RadiologyCenter.Identity.Infrastructure.Persistence.IdentityDbContext] Lifetime: Scoped ImplementationFactory: Microsoft.Extensions.DependencyInjection.EntityFrameworkServiceCollectionExtensions.CreateDbContextOptions
      The service registration for Microsoft.EntityFrameworkCore.DbContextOptions<RadiologyCenter.Identity.Infrastructure.Persistence.IdentityDbContext> is an 'opaque' lambda factory with the Scoped lifetime and requires service location
      
      
      
      . This will throw in Wolverine 6.0 when ServiceLocationPolicy.NotAllowed becomes the default. See https://wolverinefx.net/guide/codegen.html
warn: JasperFx.CodeGeneration.ICodeFile[0]
      Utilizing service location for Message Handler for RadiologyCenter.Identity.Application.Commands.CreateUser.CreateUserCommand for Service RadiologyCenter.Identity.Application.Abstractions.IUserRepository: 
      Dependency: Descriptor: ServiceType: RadiologyCenter.Identity.Infrastructure.Persistence.IdentityDbContext Lifetime: Scoped ImplementationType: RadiologyCenter.Identity.Infrastructure.Persistence.IdentityDbContext
      
      Dependency: Descriptor: ServiceType: Microsoft.EntityFrameworkCore.DbContextOptions`1[RadiologyCenter.Identity.Infrastructure.Persistence.IdentityDbContext] Lifetime: Scoped ImplementationFactory: Microsoft.Extensions.DependencyInjection.EntityFrameworkServiceCollectionExtensions.CreateDbContextOptions
      The service registration for Microsoft.EntityFrameworkCore.DbContextOptions<RadiologyCenter.Identity.Infrastructure.Persistence.IdentityDbContext> is an 'opaque' lambda factory with the Scoped lifetime and requires service location
      
      . This will throw in Wolverine 6.0 when ServiceLocationPolicy.NotAllowed becomes the default. See https://wolverinefx.net/guide/codegen.html
warn: JasperFx.CodeGeneration.ICodeFile[0]
      Utilizing service location for Message Handler for RadiologyCenter.Identity.Application.Commands.CreateUser.CreateUserCommand for Service RadiologyCenter.Identity.Application.Abstractions.IRoleRepository: 
      Dependency: Descriptor: ServiceType: RadiologyCenter.Identity.Infrastructure.Persistence.IdentityDbContext Lifetime: Scoped ImplementationType: RadiologyCenter.Identity.Infrastructure.Persistence.IdentityDbContext
      
      Dependency: Descriptor: ServiceType: Microsoft.EntityFrameworkCore.DbContextOptions`1[RadiologyCenter.Identity.Infrastructure.Persistence.IdentityDbContext] Lifetime: Scoped ImplementationFactory: Microsoft.Extensions.DependencyInjection.EntityFrameworkServiceCollectionExtensions.CreateDbContextOptions
      The service registration for Microsoft.EntityFrameworkCore.DbContextOptions<RadiologyCenter.Identity.Infrastructure.Persistence.IdentityDbContext> is an 'opaque' lambda factory with the Scoped lifetime and requires service location
      
      . This will throw in Wolverine 6.0 when ServiceLocationPolicy.NotAllowed becomes the default. See https://wolverinefx.net/guide/codegen.html
warn: JasperFx.CodeGeneration.ICodeFile[0]
      Utilizing service location for Message Handler for RadiologyCenter.Identity.Application.Commands.CreateUser.CreateUserCommand for Service RadiologyCenter.Identity.Application.Abstractions.IIdentityUnitOfWork: 
      Dependency: Descriptor: ServiceType: RadiologyCenter.Identity.Infrastructure.Persistence.IdentityDbContext Lifetime: Scoped ImplementationType: RadiologyCenter.Identity.Infrastructure.Persistence.IdentityDbContext
      
      Dependency: Descriptor: ServiceType: Microsoft.EntityFrameworkCore.DbContextOptions`1[RadiologyCenter.Identity.Infrastructure.Persistence.IdentityDbContext] Lifetime: Scoped ImplementationFactory: Microsoft.Extensions.DependencyInjection.EntityFrameworkServiceCollectionExtensions.CreateDbContextOptions
      The service registration for Microsoft.EntityFrameworkCore.DbContextOptions<RadiologyCenter.Identity.Infrastructure.Persistence.IdentityDbContext> is an 'opaque' lambda factory with the Scoped lifetime and requires service location
      
      . This will throw in Wolverine 6.0 when ServiceLocationPolicy.NotAllowed becomes the default. See https://wolverinefx.net/guide/codegen.html
info: Microsoft.EntityFrameworkCore.Database.Command[20101]
      Executed DbCommand (2ms) [Parameters=[@email='?' (Size = 4000)], CommandType='Text', CommandTimeout='30']
      SELECT CASE
          WHEN EXISTS (
              SELECT 1
              FROM [Identity].[AspNetUsers] AS [a]
              WHERE [a].[Email] = @email) THEN CAST(1 AS bit)
          ELSE CAST(0 AS bit)
      END
info: Microsoft.EntityFrameworkCore.Database.Command[20101]
      Executed DbCommand (3ms) [Parameters=[@userName='?' (Size = 4000)], CommandType='Text', CommandTimeout='30']
      SELECT CASE
          WHEN EXISTS (
              SELECT 1
              FROM [Identity].[AspNetUsers] AS [a]
              WHERE [a].[UserName] = @userName) THEN CAST(1 AS bit)
          ELSE CAST(0 AS bit)
      END
info: Microsoft.EntityFrameworkCore.Database.Command[20101]
      Executed DbCommand (4ms) [Parameters=[@idList1='?' (DbType = Guid)], CommandType='Text', CommandTimeout='30']
      SELECT [a].[Id], [a].[ConcurrencyStamp], [a].[CreatedAt], [a].[Description], [a].[IsActive], [a].[IsSystem], [a].[Name], [a].[NormalizedName], [s].[PermissionsId], [s].[RoleId], [s].[Id], [s].[Code], [s].[Description], [s].[Group], [s].[Name]
      FROM [Identity].[AspNetRoles] AS [a]
      LEFT JOIN (
          SELECT [r].[PermissionsId], [r].[RoleId], [a0].[Id], [a0].[Code], [a0].[Description], [a0].[Group], [a0].[Name]
          FROM [Identity].[RolePermissions] AS [r]
          INNER JOIN [Identity].[AspNetPermissions] AS [a0] ON [r].[PermissionsId] = [a0].[Id]
      ) AS [s] ON [a].[Id] = [s].[RoleId]
      WHERE [a].[Id] = @idList1
      ORDER BY [a].[Id], [s].[PermissionsId], [s].[RoleId]
info: Wolverine.Runtime.WolverineRuntime[107]
      No routes can be determined for Envelope #08def9a8-c557-8d0f-e86a-64c9e0060000 (RadiologyCenter.Identity.Domain.Events.UserRegisteredEvent)
info: Wolverine.Runtime.WolverineRuntime[107]
      No routes can be determined for Envelope #08def9a8-c557-9e0a-e86a-64c9e0060000 (RadiologyCenter.Identity.Domain.Events.UserRolesUpdatedEvent)
info: Microsoft.EntityFrameworkCore.Database.Command[20101]
      Executed DbCommand (3ms) [Parameters=[@p0='?' (DbType = Guid), @p1='?' (DbType = Int32), @p2='?' (Size = 4000), @p3='?' (DbType = DateTime2), @p4='?' (Size = 4000), @p5='?' (DbType = Boolean), @p6='?' (Size = 100), @p7='?' (DbType = Boolean), @p8='?' (DbType = DateTime2), @p9='?' (Size = 100), @p10='?' (DbType = Boolean), @p11='?' (DbType = DateTimeOffset), @p12='?' (DbType = Boolean), @p13='?' (Size = 4000), @p14='?' (Size = 4000), @p15='?' (Size = 4000), @p16='?' (Size = 4000), @p17='?' (DbType = Boolean), @p18='?' (Size = 500), @p19='?' (Size = 4000), @p20='?' (DbType = Boolean), @p21='?' (Size = 4000), @p22='?' (DbType = Guid), @p23='?' (DbType = Guid)], CommandType='Text', CommandTimeout='30']
      SET NOCOUNT ON;
      INSERT INTO [Identity].[AspNetUsers] ([Id], [AccessFailedCount], [ConcurrencyStamp], [CreatedAt], [Email], [EmailConfirmed], [FirstName], [IsActive], [LastLoginAt], [LastName], [LockoutEnabled], [LockoutEnd], [MustChangePassword], [NormalizedEmail], [NormalizedUserName], [PasswordHash], [PhoneNumber], [PhoneNumberConfirmed], [ProfilePictureUrl], [SecurityStamp], [TwoFactorEnabled], [UserName])
      VALUES (@p0, @p1, @p2, @p3, @p4, @p5, @p6, @p7, @p8, @p9, @p10, @p11, @p12, @p13, @p14, @p15, @p16, @p17, @p18, @p19, @p20, @p21);
      INSERT INTO [Identity].[AspNetUserRoles] ([AssignedRolesId], [UserId])
      VALUES (@p22, @p23);
warn: JasperFx.CodeGeneration.ICodeFile[0]
      Utilizing service location for Message Handler for RadiologyCenter.Identity.Application.Queries.GetUsers.GetUsersQuery for Service RadiologyCenter.Identity.Application.Abstractions.IUserRepository: 
      Dependency: Descriptor: ServiceType: RadiologyCenter.Identity.Infrastructure.Persistence.IdentityDbContext Lifetime: Scoped ImplementationType: RadiologyCenter.Identity.Infrastructure.Persistence.IdentityDbContext
      
      Dependency: Descriptor: ServiceType: Microsoft.EntityFrameworkCore.DbContextOptions`1[RadiologyCenter.Identity.Infrastructure.Persistence.IdentityDbContext] Lifetime: Scoped ImplementationFactory: Microsoft.Extensions.DependencyInjection.EntityFrameworkServiceCollectionExtensions.CreateDbContextOptions
      The service registration for Microsoft.EntityFrameworkCore.DbContextOptions<RadiologyCenter.Identity.Infrastructure.Persistence.IdentityDbContext> is an 'opaque' lambda factory with the Scoped lifetime and requires service location
      
      . This will throw in Wolverine 6.0 when ServiceLocationPolicy.NotAllowed becomes the default. See https://wolverinefx.net/guide/codegen.html
info: Microsoft.EntityFrameworkCore.Database.Command[20101]
      Executed DbCommand (2ms) [Parameters=[], CommandType='Text', CommandTimeout='30']
      SELECT COUNT(*)
      FROM [Identity].[AspNetUsers] AS [a]
warn: Microsoft.EntityFrameworkCore.Query[10102]
      The query uses a row limiting operator ('Skip'/'Take') without an 'OrderBy' operator. This may lead to unpredictable results. If the 'Distinct' operator is used after 'OrderBy', then make sure to use the 'OrderBy' operator after 'Distinct' as the ordering would otherwise get erased.
warn: Microsoft.EntityFrameworkCore.Query[10102]
      The query uses a row limiting operator ('Skip'/'Take') without an 'OrderBy' operator. This may lead to unpredictable results. If the 'Distinct' operator is used after 'OrderBy', then make sure to use the 'OrderBy' operator after 'Distinct' as the ordering would otherwise get erased.
warn: Microsoft.EntityFrameworkCore.Query[20504]
      Compiling a query which loads related collections for more than one collection navigation, either via 'Include' or through projection, but no 'QuerySplittingBehavior' has been configured. By default, Entity Framework will use 'QuerySplittingBehavior.SingleQuery', which can potentially result in slow query performance. See https://go.microsoft.com/fwlink/?linkid=2134277 for more information. To identify the query that's triggering this warning call 'ConfigureWarnings(w => w.Throw(RelationalEventId.MultipleCollectionIncludeWarning))'.
info: Microsoft.EntityFrameworkCore.Database.Command[20101]
      Executed DbCommand (430ms) [Parameters=[@p='?' (DbType = Int32), @p1='?' (DbType = Int32)], CommandType='Text', CommandTimeout='30']
      SELECT [a2].[Id], [a2].[AccessFailedCount], [a2].[ConcurrencyStamp], [a2].[CreatedAt], [a2].[Email], [a2].[EmailConfirmed], [a2].[FirstName], [a2].[IsActive], [a2].[LastLoginAt], [a2].[LastName], [a2].[LockoutEnabled], [a2].[LockoutEnd], [a2].[MustChangePassword], [a2].[NormalizedEmail], [a2].[NormalizedUserName], [a2].[PasswordHash], [a2].[PhoneNumber], [a2].[PhoneNumberConfirmed], [a2].[ProfilePictureUrl], [a2].[SecurityStamp], [a2].[TwoFactorEnabled], [a2].[UserName], [r].[UserId], [r].[Token], [r].[CreatedAtUtc], [r].[ExpiresAtUtc], [r].[RevokedAtUtc], [u].[UserId], [u].[Id], [u].[LastActivityAtUtc], [u].[RefreshToken], [u].[RevokedAtUtc], [u].[StartedAtUtc], [s].[AssignedRolesId], [s].[UserId], [s].[Id], [s].[ConcurrencyStamp], [s].[CreatedAt], [s].[Description], [s].[IsActive], [s].[IsSystem], [s].[Name], [s].[NormalizedName]
      FROM (
          SELECT [a].[Id], [a].[AccessFailedCount], [a].[ConcurrencyStamp], [a].[CreatedAt], [a].[Email], [a].[EmailConfirmed], [a].[FirstName], [a].[IsActive], [a].[LastLoginAt], [a].[LastName], [a].[LockoutEnabled], [a].[LockoutEnd], [a].[MustChangePassword], [a].[NormalizedEmail], [a].[NormalizedUserName], [a].[PasswordHash], [a].[PhoneNumber], [a].[PhoneNumberConfirmed], [a].[ProfilePictureUrl], [a].[SecurityStamp], [a].[TwoFactorEnabled], [a].[UserName]
          FROM [Identity].[AspNetUsers] AS [a]
          ORDER BY (SELECT 1)
          OFFSET @p ROWS FETCH NEXT @p1 ROWS ONLY
      ) AS [a2]
      LEFT JOIN [Identity].[RefreshToken] AS [r] ON [a2].[Id] = [r].[UserId]
      LEFT JOIN [Identity].[UserSession] AS [u] ON [a2].[Id] = [u].[UserId]
      LEFT JOIN (
          SELECT [a0].[AssignedRolesId], [a0].[UserId], [a1].[Id], [a1].[ConcurrencyStamp], [a1].[CreatedAt], [a1].[Description], [a1].[IsActive], [a1].[IsSystem], [a1].[Name], [a1].[NormalizedName]
          FROM [Identity].[AspNetUserRoles] AS [a0]
          INNER JOIN [Identity].[AspNetRoles] AS [a1] ON [a0].[AssignedRolesId] = [a1].[Id]
      ) AS [s] ON [a2].[Id] = [s].[UserId]
      ORDER BY [a2].[Id], [r].[UserId], [r].[Token], [u].[UserId], [u].[Id], [s].[AssignedRolesId], [s].[UserId]
warn: JasperFx.CodeGeneration.ICodeFile[0]
      Utilizing service location for Message Handler for RadiologyCenter.ResourceManagement.Application.Commands.CreateStaff.CreateStaffCommand for Service RadiologyCenter.ResourceManagement.Application.Abstractions.IStaffRepository: 
      Dependency: Descriptor: ServiceType: RadiologyCenter.ResourceManagement.Infrastructure.Persistence.ResourceManagementDbContext Lifetime: Scoped ImplementationType: RadiologyCenter.ResourceManagement.Infrastructure.Persistence.ResourceManagementDbContext
      
      Dependency: Descriptor: ServiceType: Microsoft.EntityFrameworkCore.DbContextOptions`1[RadiologyCenter.ResourceManagement.Infrastructure.Persistence.ResourceManagementDbContext] Lifetime: Scoped ImplementationFactory: Microsoft.Extensions.DependencyInjection.EntityFrameworkServiceCollectionExtensions.CreateDbContextOptions
      The service registration for Microsoft.EntityFrameworkCore.DbContextOptions<RadiologyCenter.ResourceManagement.Infrastructure.Persistence.ResourceManagementDbContext> is an 'opaque' lambda factory with the Scoped lifetime and requires service location
      
      . This will throw in Wolverine 6.0 when ServiceLocationPolicy.NotAllowed becomes the default. See https://wolverinefx.net/guide/codegen.html
warn: JasperFx.CodeGeneration.ICodeFile[0]
      Utilizing service location for Message Handler for RadiologyCenter.ResourceManagement.Application.Commands.CreateStaff.CreateStaffCommand for Service RadiologyCenter.ResourceManagement.Application.Abstractions.IResourceManagementUnitOfWork: 
      Dependency: Descriptor: ServiceType: RadiologyCenter.ResourceManagement.Infrastructure.Persistence.ResourceManagementDbContext Lifetime: Scoped ImplementationType: RadiologyCenter.ResourceManagement.Infrastructure.Persistence.ResourceManagementDbContext
      
      Dependency: Descriptor: ServiceType: Microsoft.EntityFrameworkCore.DbContextOptions`1[RadiologyCenter.ResourceManagement.Infrastructure.Persistence.ResourceManagementDbContext] Lifetime: Scoped ImplementationFactory: Microsoft.Extensions.DependencyInjection.EntityFrameworkServiceCollectionExtensions.CreateDbContextOptions
      The service registration for Microsoft.EntityFrameworkCore.DbContextOptions<RadiologyCenter.ResourceManagement.Infrastructure.Persistence.ResourceManagementDbContext> is an 'opaque' lambda factory with the Scoped lifetime and requires service location
      
      . This will throw in Wolverine 6.0 when ServiceLocationPolicy.NotAllowed becomes the default. See https://wolverinefx.net/guide/codegen.html
info: Microsoft.EntityFrameworkCore.Database.Command[20101]
      Executed DbCommand (5ms) [Parameters=[@p0='?' (DbType = Guid), @p1='?' (DbType = DateTime2), @p2='?' (Size = 4000), @p3='?' (DbType = DateTime2), @p4='?' (Size = 4000), @p5='?' (Size = 200), @p6='?' (Size = 100), @p7='?' (DbType = DateTime2), @p8='?' (DbType = Boolean), @p9='?' (DbType = Boolean), @p10='?' (DbType = DateTime2), @p11='?' (Size = 4000), @p12='?' (Size = 100), @p13='?' (Size = 100), @p14='?' (Size = 100), @p15='?' (Size = 30), @p16='?' (DbType = Int32), @p17='?' (Size = 200), @p18='?' (DbType = Guid)], CommandType='Text', CommandTimeout='30']
      SET IMPLICIT_TRANSACTIONS OFF;
      SET NOCOUNT ON;
      INSERT INTO [ResourceManagement].[Staff] ([Id], [CreatedAt], [CreatedBy], [DeletedAt], [DeletedBy], [Department], [FirstName], [HireDate], [IsActive], [IsDeleted], [LastModifiedAt], [LastModifiedBy], [LastName], [LicenseNumber], [MiddleName], [PhoneNumber], [Position], [Specialization], [UserId])
      VALUES (@p0, @p1, @p2, @p3, @p4, @p5, @p6, @p7, @p8, @p9, @p10, @p11, @p12, @p13, @p14, @p15, @p16, @p17, @p18);
warn: JasperFx.CodeGeneration.ICodeFile[0]
      Utilizing service location for Message Handler for RadiologyCenter.Patients.Application.Commands.CreatePatient.CreatePatientCommand for Service RadiologyCenter.Patients.Application.Abstractions.IPatientRepository: 
      Dependency: Descriptor: ServiceType: RadiologyCenter.Patients.Infrastructure.Persistence.PatientsDbContext Lifetime: Scoped ImplementationType: RadiologyCenter.Patients.Infrastructure.Persistence.PatientsDbContext
      
      Dependency: Descriptor: ServiceType: Microsoft.EntityFrameworkCore.DbContextOptions`1[RadiologyCenter.Patients.Infrastructure.Persistence.PatientsDbContext] Lifetime: Scoped ImplementationFactory: Microsoft.Extensions.DependencyInjection.EntityFrameworkServiceCollectionExtensions.CreateDbContextOptions
      The service registration for Microsoft.EntityFrameworkCore.DbContextOptions<RadiologyCenter.Patients.Infrastructure.Persistence.PatientsDbContext> is an 'opaque' lambda factory with the Scoped lifetime and requires service location
      
      . This will throw in Wolverine 6.0 when ServiceLocationPolicy.NotAllowed becomes the default. See https://wolverinefx.net/guide/codegen.html
warn: JasperFx.CodeGeneration.ICodeFile[0]
      Utilizing service location for Message Handler for RadiologyCenter.Patients.Application.Commands.CreatePatient.CreatePatientCommand for Service RadiologyCenter.BuildingBlocks.Application.Abstractions.Services.INumberSequenceGenerator: 
      Dependency: Descriptor: ServiceType: RadiologyCenter.BuildingBlocks.Infrastructure.Persistence.AppDbContext Lifetime: Scoped ImplementationFactory: RadiologyCenter.BuildingBlocks.Infrastructure.InfrastructureServiceRegistration+<>c__DisplayClass0_0.<AddInfrastructure>b__0
      The service registration for RadiologyCenter.BuildingBlocks.Infrastructure.Persistence.AppDbContext is an 'opaque' lambda factory with the Scoped lifetime and requires service location
      . This will throw in Wolverine 6.0 when ServiceLocationPolicy.NotAllowed becomes the default. See https://wolverinefx.net/guide/codegen.html
warn: JasperFx.CodeGeneration.ICodeFile[0]
      Utilizing service location for Message Handler for RadiologyCenter.Patients.Application.Commands.CreatePatient.CreatePatientCommand for Service RadiologyCenter.Patients.Application.Abstractions.IPatientsUnitOfWork: 
      Dependency: Descriptor: ServiceType: RadiologyCenter.Patients.Infrastructure.Persistence.PatientsDbContext Lifetime: Scoped ImplementationType: RadiologyCenter.Patients.Infrastructure.Persistence.PatientsDbContext
      
      Dependency: Descriptor: ServiceType: Microsoft.EntityFrameworkCore.DbContextOptions`1[RadiologyCenter.Patients.Infrastructure.Persistence.PatientsDbContext] Lifetime: Scoped ImplementationFactory: Microsoft.Extensions.DependencyInjection.EntityFrameworkServiceCollectionExtensions.CreateDbContextOptions
      The service registration for Microsoft.EntityFrameworkCore.DbContextOptions<RadiologyCenter.Patients.Infrastructure.Persistence.PatientsDbContext> is an 'opaque' lambda factory with the Scoped lifetime and requires service location
      
      . This will throw in Wolverine 6.0 when ServiceLocationPolicy.NotAllowed becomes the default. See https://wolverinefx.net/guide/codegen.html
info: Wolverine.Runtime.WolverineRuntime[107]
      No routes can be determined for Envelope #08def9a8-c674-dfb4-e86a-64c9e0060000 (RadiologyCenter.Patients.Domain.Events.PatientRegisteredEvent)
info: Microsoft.EntityFrameworkCore.Database.Command[20101]
      Executed DbCommand (4ms) [Parameters=[@p0='?' (DbType = Guid), @p1='?' (Size = 300), @p2='?' (DbType = Int32), @p3='?' (Size = 1000), @p4='?' (DbType = Int32), @p5='?' (DbType = DateTime2), @p6='?' (Size = 4000), @p7='?' (DbType = DateTime2), @p8='?' (DbType = DateTime2), @p9='?' (Size = 4000), @p10='?' (Size = 200), @p11='?' (Size = 100), @p12='?' (DbType = Int32), @p13='?' (DbType = Boolean), @p14='?' (DbType = Boolean), @p15='?' (DbType = DateTime2), @p16='?' (Size = 4000), @p17='?' (Size = 100), @p18='?' (Size = 2000), @p19='?' (Size = 100), @p20='?' (Size = 50), @p21='?' (Size = 20), @p22='?' (Size = 30), @p23='?' (Size = 200)], CommandType='Text', CommandTimeout='30']
      SET IMPLICIT_TRANSACTIONS OFF;
      SET NOCOUNT ON;
      INSERT INTO [Patients].[Patients] ([Id], [Address], [Age], [Allergies], [BloodType], [CreatedAt], [CreatedBy], [DateOfBirth], [DeletedAt], [DeletedBy], [Email], [FirstName], [Gender], [IsActive], [IsDeleted], [LastModifiedAt], [LastModifiedBy], [LastName], [MedicalHistory], [MiddleName], [NationalId], [PatientCode], [PhoneNumber], [ReferringPhysician])
      VALUES (@p0, @p1, @p2, @p3, @p4, @p5, @p6, @p7, @p8, @p9, @p10, @p11, @p12, @p13, @p14, @p15, @p16, @p17, @p18, @p19, @p20, @p21, @p22, @p23);
warn: JasperFx.CodeGeneration.ICodeFile[0]
      Utilizing service location for Message Handler for RadiologyCenter.Examinations.Application.Commands.CreateExaminationType.CreateExaminationTypeCommand for Service RadiologyCenter.Examinations.Application.Abstractions.IExaminationTypeRepository: 
      Dependency: Descriptor: ServiceType: RadiologyCenter.Examinations.Infrastructure.Persistence.ExaminationsDbContext Lifetime: Scoped ImplementationType: RadiologyCenter.Examinations.Infrastructure.Persistence.ExaminationsDbContext
      
      Dependency: Descriptor: ServiceType: Microsoft.EntityFrameworkCore.DbContextOptions`1[RadiologyCenter.Examinations.Infrastructure.Persistence.ExaminationsDbContext] Lifetime: Scoped ImplementationFactory: Microsoft.Extensions.DependencyInjection.EntityFrameworkServiceCollectionExtensions.CreateDbContextOptions
      The service registration for Microsoft.EntityFrameworkCore.DbContextOptions<RadiologyCenter.Examinations.Infrastructure.Persistence.ExaminationsDbContext> is an 'opaque' lambda factory with the Scoped lifetime and requires service location
      
      . This will throw in Wolverine 6.0 when ServiceLocationPolicy.NotAllowed becomes the default. See https://wolverinefx.net/guide/codegen.html
warn: JasperFx.CodeGeneration.ICodeFile[0]
      Utilizing service location for Message Handler for RadiologyCenter.Examinations.Application.Commands.CreateExaminationType.CreateExaminationTypeCommand for Service RadiologyCenter.Examinations.Application.Abstractions.IExaminationsUnitOfWork: 
      Dependency: Descriptor: ServiceType: RadiologyCenter.Examinations.Infrastructure.Persistence.ExaminationsDbContext Lifetime: Scoped ImplementationType: RadiologyCenter.Examinations.Infrastructure.Persistence.ExaminationsDbContext
      
      Dependency: Descriptor: ServiceType: Microsoft.EntityFrameworkCore.DbContextOptions`1[RadiologyCenter.Examinations.Infrastructure.Persistence.ExaminationsDbContext] Lifetime: Scoped ImplementationFactory: Microsoft.Extensions.DependencyInjection.EntityFrameworkServiceCollectionExtensions.CreateDbContextOptions
      The service registration for Microsoft.EntityFrameworkCore.DbContextOptions<RadiologyCenter.Examinations.Infrastructure.Persistence.ExaminationsDbContext> is an 'opaque' lambda factory with the Scoped lifetime and requires service location
      
      . This will throw in Wolverine 6.0 when ServiceLocationPolicy.NotAllowed becomes the default. See https://wolverinefx.net/guide/codegen.html
info: Microsoft.EntityFrameworkCore.Database.Command[20101]
      Executed DbCommand (5ms) [Parameters=[@code='?' (Size = 20)], CommandType='Text', CommandTimeout='30']
      SELECT CASE
          WHEN EXISTS (
              SELECT 1
              FROM [Examinations].[ExaminationTypes] AS [e]
              WHERE [e].[IsDeleted] = CAST(0 AS bit) AND [e].[Code] = @code) THEN CAST(1 AS bit)
          ELSE CAST(0 AS bit)
      END
info: Wolverine.Runtime.WolverineRuntime[107]
      No routes can be determined for Envelope #08def9a8-c6a9-1043-e86a-64c9e0060000 (RadiologyCenter.Examinations.Domain.Events.ExaminationTypeCreatedEvent)
info: Microsoft.EntityFrameworkCore.Database.Command[20101]
      Executed DbCommand (3ms) [Parameters=[@p0='?' (DbType = Guid), @p1='?' (Size = 200), @p2='?' (Size = 20), @p3='?' (DbType = DateTime2), @p4='?' (Size = 4000), @p5='?' (DbType = DateTime2), @p6='?' (Size = 4000), @p7='?' (DbType = Boolean), @p8='?' (DbType = Boolean), @p9='?' (DbType = DateTime2), @p10='?' (Size = 4000), @p11='?' (DbType = Int32), @p12='?' (Size = 200), @p13='?' (Precision = 18) (Scale = 2) (DbType = Decimal), @p14='?' (DbType = Boolean), @p15='?' (DbType = Boolean), @p16='?' (DbType = Int32)], CommandType='Text', CommandTimeout='30']
      SET IMPLICIT_TRANSACTIONS OFF;
      SET NOCOUNT ON;
      INSERT INTO [Examinations].[ExaminationTypes] ([Id], [BodyPart], [Code], [CreatedAt], [CreatedBy], [DeletedAt], [DeletedBy], [IsActive], [IsDeleted], [LastModifiedAt], [LastModifiedBy], [Modality], [Name], [Price], [RequiresConsent], [RequiresPreparation], [StandardDurationMinutes])
      VALUES (@p0, @p1, @p2, @p3, @p4, @p5, @p6, @p7, @p8, @p9, @p10, @p11, @p12, @p13, @p14, @p15, @p16);
warn: JasperFx.CodeGeneration.ICodeFile[0]
      Utilizing service location for Message Handler for RadiologyCenter.Examinations.Application.Commands.CreateExamination.CreateExaminationCommand for Service RadiologyCenter.Examinations.Application.Abstractions.IExaminationTypeRepository: 
      Dependency: Descriptor: ServiceType: RadiologyCenter.Examinations.Infrastructure.Persistence.ExaminationsDbContext Lifetime: Scoped ImplementationType: RadiologyCenter.Examinations.Infrastructure.Persistence.ExaminationsDbContext
      
      Dependency: Descriptor: ServiceType: Microsoft.EntityFrameworkCore.DbContextOptions`1[RadiologyCenter.Examinations.Infrastructure.Persistence.ExaminationsDbContext] Lifetime: Scoped ImplementationFactory: Microsoft.Extensions.DependencyInjection.EntityFrameworkServiceCollectionExtensions.CreateDbContextOptions
      The service registration for Microsoft.EntityFrameworkCore.DbContextOptions<RadiologyCenter.Examinations.Infrastructure.Persistence.ExaminationsDbContext> is an 'opaque' lambda factory with the Scoped lifetime and requires service location
      
      . This will throw in Wolverine 6.0 when ServiceLocationPolicy.NotAllowed becomes the default. See https://wolverinefx.net/guide/codegen.html
warn: JasperFx.CodeGeneration.ICodeFile[0]
      Utilizing service location for Message Handler for RadiologyCenter.Examinations.Application.Commands.CreateExamination.CreateExaminationCommand for Service RadiologyCenter.Examinations.Application.Abstractions.IExaminationRepository: 
      Dependency: Descriptor: ServiceType: RadiologyCenter.Examinations.Infrastructure.Persistence.ExaminationsDbContext Lifetime: Scoped ImplementationType: RadiologyCenter.Examinations.Infrastructure.Persistence.ExaminationsDbContext
      
      Dependency: Descriptor: ServiceType: Microsoft.EntityFrameworkCore.DbContextOptions`1[RadiologyCenter.Examinations.Infrastructure.Persistence.ExaminationsDbContext] Lifetime: Scoped ImplementationFactory: Microsoft.Extensions.DependencyInjection.EntityFrameworkServiceCollectionExtensions.CreateDbContextOptions
      The service registration for Microsoft.EntityFrameworkCore.DbContextOptions<RadiologyCenter.Examinations.Infrastructure.Persistence.ExaminationsDbContext> is an 'opaque' lambda factory with the Scoped lifetime and requires service location
      
      . This will throw in Wolverine 6.0 when ServiceLocationPolicy.NotAllowed becomes the default. See https://wolverinefx.net/guide/codegen.html
warn: JasperFx.CodeGeneration.ICodeFile[0]
      Utilizing service location for Message Handler for RadiologyCenter.Examinations.Application.Commands.CreateExamination.CreateExaminationCommand for Service RadiologyCenter.Examinations.Application.Abstractions.IExaminationsUnitOfWork: 
      Dependency: Descriptor: ServiceType: RadiologyCenter.Examinations.Infrastructure.Persistence.ExaminationsDbContext Lifetime: Scoped ImplementationType: RadiologyCenter.Examinations.Infrastructure.Persistence.ExaminationsDbContext
      
      Dependency: Descriptor: ServiceType: Microsoft.EntityFrameworkCore.DbContextOptions`1[RadiologyCenter.Examinations.Infrastructure.Persistence.ExaminationsDbContext] Lifetime: Scoped ImplementationFactory: Microsoft.Extensions.DependencyInjection.EntityFrameworkServiceCollectionExtensions.CreateDbContextOptions
      The service registration for Microsoft.EntityFrameworkCore.DbContextOptions<RadiologyCenter.Examinations.Infrastructure.Persistence.ExaminationsDbContext> is an 'opaque' lambda factory with the Scoped lifetime and requires service location
      
      . This will throw in Wolverine 6.0 when ServiceLocationPolicy.NotAllowed becomes the default. See https://wolverinefx.net/guide/codegen.html
info: Microsoft.EntityFrameworkCore.Database.Command[20101]
      Executed DbCommand (5ms) [Parameters=[@id='?' (DbType = Guid)], CommandType='Text', CommandTimeout='30']
      SELECT [e1].[Id], [e1].[BodyPart], [e1].[Code], [e1].[CreatedAt], [e1].[CreatedBy], [e1].[DeletedAt], [e1].[DeletedBy], [e1].[IsActive], [e1].[IsDeleted], [e1].[LastModifiedAt], [e1].[LastModifiedBy], [e1].[Modality], [e1].[Name], [e1].[Price], [e1].[RequiresConsent], [e1].[RequiresPreparation], [e1].[StandardDurationMinutes], [e0].[Id], [e0].[ExaminationTypeId], [e0].[IsContrast], [e0].[IsRequired], [e0].[ItemId], [e0].[Notes], [e0].[Quantity]
      FROM (
          SELECT TOP(1) [e].[Id], [e].[BodyPart], [e].[Code], [e].[CreatedAt], [e].[CreatedBy], [e].[DeletedAt], [e].[DeletedBy], [e].[IsActive], [e].[IsDeleted], [e].[LastModifiedAt], [e].[LastModifiedBy], [e].[Modality], [e].[Name], [e].[Price], [e].[RequiresConsent], [e].[RequiresPreparation], [e].[StandardDurationMinutes]
          FROM [Examinations].[ExaminationTypes] AS [e]
          WHERE [e].[IsDeleted] = CAST(0 AS bit) AND [e].[Id] = @id
      ) AS [e1]
      LEFT JOIN [Examinations].[ExaminationTypeItems] AS [e0] ON [e1].[Id] = [e0].[ExaminationTypeId]
      ORDER BY [e1].[Id]
info: Wolverine.Runtime.WolverineRuntime[107]
      No routes can be determined for Envelope #08def9a8-c6d0-b40a-e86a-64c9e0060000 (RadiologyCenter.Examinations.Domain.Events.ExaminationCreatedEvent)
info: Microsoft.EntityFrameworkCore.Database.Command[20101]
      Executed DbCommand (5ms) [Parameters=[@p0='?' (DbType = Guid), @p1='?' (Size = 500), @p2='?' (Size = 1000), @p3='?' (DbType = DateTime2), @p4='?' (DbType = DateTime2), @p5='?' (Size = 4000), @p6='?' (Precision = 18) (Scale = 2) (DbType = Decimal), @p7='?' (DbType = Guid), @p8='?' (DbType = Boolean), @p9='?' (DbType = DateTime2), @p10='?' (Size = 4000), @p11='?' (Size = 500), @p12='?' (Precision = 18) (Scale = 2) (DbType = Decimal), @p13='?' (DbType = Guid), @p14='?' (DbType = Guid), @p15='?' (Precision = 18) (Scale = 2) (DbType = Decimal), @p16='?' (DbType = Int32), @p17='?' (DbType = Guid), @p18='?' (DbType = Guid), @p19='?' (Precision = 18) (Scale = 2) (DbType = Decimal), @p20='?' (DbType = DateTime2), @p21='?' (DbType = DateTime2), @p22='?' (DbType = Int32), @p23='?' (DbType = Guid)], CommandType='Text', CommandTimeout='30']
      SET IMPLICIT_TRANSACTIONS OFF;
      SET NOCOUNT ON;
      INSERT INTO [Examinations].[Examinations] ([Id], [CancellationReason], [ClinicalIndication], [CompletedAt], [CreatedAt], [CreatedBy], [Discount], [ExaminationTypeId], [IsDiscountPercentage], [LastModifiedAt], [LastModifiedBy], [Notes], [Paid], [PatientId], [PerformedByUserId], [Price], [Priority], [RadiologistId], [ReferralDoctorId], [Remaining], [ScheduledAt], [StartedAt], [Status], [TechnicianId])
      VALUES (@p0, @p1, @p2, @p3, @p4, @p5, @p6, @p7, @p8, @p9, @p10, @p11, @p12, @p13, @p14, @p15, @p16, @p17, @p18, @p19, @p20, @p21, @p22, @p23);
warn: JasperFx.CodeGeneration.ICodeFile[0]
      Utilizing service location for Message Handler for RadiologyCenter.Examinations.Application.Commands.CheckInExamination.CheckInExaminationCommand for Service RadiologyCenter.Examinations.Application.Abstractions.IExaminationRepository: 
      Dependency: Descriptor: ServiceType: RadiologyCenter.Examinations.Infrastructure.Persistence.ExaminationsDbContext Lifetime: Scoped ImplementationType: RadiologyCenter.Examinations.Infrastructure.Persistence.ExaminationsDbContext
      
      Dependency: Descriptor: ServiceType: Microsoft.EntityFrameworkCore.DbContextOptions`1[RadiologyCenter.Examinations.Infrastructure.Persistence.ExaminationsDbContext] Lifetime: Scoped ImplementationFactory: Microsoft.Extensions.DependencyInjection.EntityFrameworkServiceCollectionExtensions.CreateDbContextOptions
      The service registration for Microsoft.EntityFrameworkCore.DbContextOptions<RadiologyCenter.Examinations.Infrastructure.Persistence.ExaminationsDbContext> is an 'opaque' lambda factory with the Scoped lifetime and requires service location
      
      . This will throw in Wolverine 6.0 when ServiceLocationPolicy.NotAllowed becomes the default. See https://wolverinefx.net/guide/codegen.html
warn: JasperFx.CodeGeneration.ICodeFile[0]
      Utilizing service location for Message Handler for RadiologyCenter.Examinations.Application.Commands.CheckInExamination.CheckInExaminationCommand for Service RadiologyCenter.Examinations.Application.Abstractions.IExaminationsUnitOfWork: 
      Dependency: Descriptor: ServiceType: RadiologyCenter.Examinations.Infrastructure.Persistence.ExaminationsDbContext Lifetime: Scoped ImplementationType: RadiologyCenter.Examinations.Infrastructure.Persistence.ExaminationsDbContext
      
      Dependency: Descriptor: ServiceType: Microsoft.EntityFrameworkCore.DbContextOptions`1[RadiologyCenter.Examinations.Infrastructure.Persistence.ExaminationsDbContext] Lifetime: Scoped ImplementationFactory: Microsoft.Extensions.DependencyInjection.EntityFrameworkServiceCollectionExtensions.CreateDbContextOptions
      The service registration for Microsoft.EntityFrameworkCore.DbContextOptions<RadiologyCenter.Examinations.Infrastructure.Persistence.ExaminationsDbContext> is an 'opaque' lambda factory with the Scoped lifetime and requires service location
      
      . This will throw in Wolverine 6.0 when ServiceLocationPolicy.NotAllowed becomes the default. See https://wolverinefx.net/guide/codegen.html
info: Microsoft.EntityFrameworkCore.Database.Command[20101]
      Executed DbCommand (2ms) [Parameters=[@id='?' (DbType = Guid)], CommandType='Text', CommandTimeout='30']
      SELECT TOP(1) [e].[Id], [e].[CancellationReason], [e].[ClinicalIndication], [e].[CompletedAt], [e].[CreatedAt], [e].[CreatedBy], [e].[Discount], [e].[ExaminationTypeId], [e].[IsDiscountPercentage], [e].[LastModifiedAt], [e].[LastModifiedBy], [e].[Notes], [e].[Paid], [e].[PatientId], [e].[PerformedByUserId], [e].[Price], [e].[Priority], [e].[RadiologistId], [e].[ReferralDoctorId], [e].[Remaining], [e].[ScheduledAt], [e].[StartedAt], [e].[Status], [e].[TechnicianId]
      FROM [Examinations].[Examinations] AS [e]
      WHERE [e].[Id] = @id
info: Wolverine.Runtime.WolverineRuntime[107]
      No routes can be determined for Envelope #08def9a8-c6ef-d81a-e86a-64c9e0060000 (RadiologyCenter.Examinations.Domain.Events.ExaminationCheckedInEvent)
info: Microsoft.EntityFrameworkCore.Database.Command[20101]
      Executed DbCommand (3ms) [Parameters=[@p3='?' (DbType = Guid), @p0='?' (DbType = DateTime2), @p1='?' (Size = 4000), @p2='?' (DbType = Int32)], CommandType='Text', CommandTimeout='30']
      SET IMPLICIT_TRANSACTIONS OFF;
      SET NOCOUNT ON;
      UPDATE [Examinations].[Examinations] SET [LastModifiedAt] = @p0, [LastModifiedBy] = @p1, [Status] = @p2
      OUTPUT 1
      WHERE [Id] = @p3;
warn: JasperFx.CodeGeneration.ICodeFile[0]
      Utilizing service location for Message Handler for RadiologyCenter.Examinations.Application.Commands.StartExamination.StartExaminationCommand for Service RadiologyCenter.Examinations.Application.Abstractions.IExaminationRepository: 
      Dependency: Descriptor: ServiceType: RadiologyCenter.Examinations.Infrastructure.Persistence.ExaminationsDbContext Lifetime: Scoped ImplementationType: RadiologyCenter.Examinations.Infrastructure.Persistence.ExaminationsDbContext
      
      Dependency: Descriptor: ServiceType: Microsoft.EntityFrameworkCore.DbContextOptions`1[RadiologyCenter.Examinations.Infrastructure.Persistence.ExaminationsDbContext] Lifetime: Scoped ImplementationFactory: Microsoft.Extensions.DependencyInjection.EntityFrameworkServiceCollectionExtensions.CreateDbContextOptions
      The service registration for Microsoft.EntityFrameworkCore.DbContextOptions<RadiologyCenter.Examinations.Infrastructure.Persistence.ExaminationsDbContext> is an 'opaque' lambda factory with the Scoped lifetime and requires service location
      
      . This will throw in Wolverine 6.0 when ServiceLocationPolicy.NotAllowed becomes the default. See https://wolverinefx.net/guide/codegen.html
warn: JasperFx.CodeGeneration.ICodeFile[0]
      Utilizing service location for Message Handler for RadiologyCenter.Examinations.Application.Commands.StartExamination.StartExaminationCommand for Service RadiologyCenter.Examinations.Application.Abstractions.IExaminationsUnitOfWork: 
      Dependency: Descriptor: ServiceType: RadiologyCenter.Examinations.Infrastructure.Persistence.ExaminationsDbContext Lifetime: Scoped ImplementationType: RadiologyCenter.Examinations.Infrastructure.Persistence.ExaminationsDbContext
      
      Dependency: Descriptor: ServiceType: Microsoft.EntityFrameworkCore.DbContextOptions`1[RadiologyCenter.Examinations.Infrastructure.Persistence.ExaminationsDbContext] Lifetime: Scoped ImplementationFactory: Microsoft.Extensions.DependencyInjection.EntityFrameworkServiceCollectionExtensions.CreateDbContextOptions
      The service registration for Microsoft.EntityFrameworkCore.DbContextOptions<RadiologyCenter.Examinations.Infrastructure.Persistence.ExaminationsDbContext> is an 'opaque' lambda factory with the Scoped lifetime and requires service location
      
      . This will throw in Wolverine 6.0 when ServiceLocationPolicy.NotAllowed becomes the default. See https://wolverinefx.net/guide/codegen.html
info: Microsoft.EntityFrameworkCore.Database.Command[20101]
      Executed DbCommand (3ms) [Parameters=[@id='?' (DbType = Guid)], CommandType='Text', CommandTimeout='30']
      SELECT TOP(1) [e].[Id], [e].[CancellationReason], [e].[ClinicalIndication], [e].[CompletedAt], [e].[CreatedAt], [e].[CreatedBy], [e].[Discount], [e].[ExaminationTypeId], [e].[IsDiscountPercentage], [e].[LastModifiedAt], [e].[LastModifiedBy], [e].[Notes], [e].[Paid], [e].[PatientId], [e].[PerformedByUserId], [e].[Price], [e].[Priority], [e].[RadiologistId], [e].[ReferralDoctorId], [e].[Remaining], [e].[ScheduledAt], [e].[StartedAt], [e].[Status], [e].[TechnicianId]
      FROM [Examinations].[Examinations] AS [e]
      WHERE [e].[Id] = @id
info: Wolverine.Runtime.WolverineRuntime[107]
      No routes can be determined for Envelope #08def9a8-c708-ce37-e86a-64c9e0060000 (RadiologyCenter.Examinations.Domain.Events.ExaminationStartedEvent)
info: Microsoft.EntityFrameworkCore.Database.Command[20101]
      Executed DbCommand (4ms) [Parameters=[@p4='?' (DbType = Guid), @p0='?' (DbType = DateTime2), @p1='?' (DbType = Guid), @p2='?' (DbType = DateTime2), @p3='?' (DbType = Int32)], CommandType='Text', CommandTimeout='30']
      SET IMPLICIT_TRANSACTIONS OFF;
      SET NOCOUNT ON;
      UPDATE [Examinations].[Examinations] SET [LastModifiedAt] = @p0, [PerformedByUserId] = @p1, [StartedAt] = @p2, [Status] = @p3
      OUTPUT 1
      WHERE [Id] = @p4;
warn: JasperFx.CodeGeneration.ICodeFile[0]
      Utilizing service location for Message Handler for RadiologyCenter.Examinations.Application.Commands.CompleteExamination.CompleteExaminationCommand for Service RadiologyCenter.Examinations.Application.Abstractions.IExaminationRepository: 
      Dependency: Descriptor: ServiceType: RadiologyCenter.Examinations.Infrastructure.Persistence.ExaminationsDbContext Lifetime: Scoped ImplementationType: RadiologyCenter.Examinations.Infrastructure.Persistence.ExaminationsDbContext
      
      Dependency: Descriptor: ServiceType: Microsoft.EntityFrameworkCore.DbContextOptions`1[RadiologyCenter.Examinations.Infrastructure.Persistence.ExaminationsDbContext] Lifetime: Scoped ImplementationFactory: Microsoft.Extensions.DependencyInjection.EntityFrameworkServiceCollectionExtensions.CreateDbContextOptions
      The service registration for Microsoft.EntityFrameworkCore.DbContextOptions<RadiologyCenter.Examinations.Infrastructure.Persistence.ExaminationsDbContext> is an 'opaque' lambda factory with the Scoped lifetime and requires service location
      
      . This will throw in Wolverine 6.0 when ServiceLocationPolicy.NotAllowed becomes the default. See https://wolverinefx.net/guide/codegen.html
warn: JasperFx.CodeGeneration.ICodeFile[0]
      Utilizing service location for Message Handler for RadiologyCenter.Examinations.Application.Commands.CompleteExamination.CompleteExaminationCommand for Service RadiologyCenter.Examinations.Application.Abstractions.IExaminationsUnitOfWork: 
      Dependency: Descriptor: ServiceType: RadiologyCenter.Examinations.Infrastructure.Persistence.ExaminationsDbContext Lifetime: Scoped ImplementationType: RadiologyCenter.Examinations.Infrastructure.Persistence.ExaminationsDbContext
      
      Dependency: Descriptor: ServiceType: Microsoft.EntityFrameworkCore.DbContextOptions`1[RadiologyCenter.Examinations.Infrastructure.Persistence.ExaminationsDbContext] Lifetime: Scoped ImplementationFactory: Microsoft.Extensions.DependencyInjection.EntityFrameworkServiceCollectionExtensions.CreateDbContextOptions
      The service registration for Microsoft.EntityFrameworkCore.DbContextOptions<RadiologyCenter.Examinations.Infrastructure.Persistence.ExaminationsDbContext> is an 'opaque' lambda factory with the Scoped lifetime and requires service location
      
      . This will throw in Wolverine 6.0 when ServiceLocationPolicy.NotAllowed becomes the default. See https://wolverinefx.net/guide/codegen.html
info: Microsoft.EntityFrameworkCore.Database.Command[20101]
      Executed DbCommand (2ms) [Parameters=[@id='?' (DbType = Guid)], CommandType='Text', CommandTimeout='30']
      SELECT TOP(1) [e].[Id], [e].[CancellationReason], [e].[ClinicalIndication], [e].[CompletedAt], [e].[CreatedAt], [e].[CreatedBy], [e].[Discount], [e].[ExaminationTypeId], [e].[IsDiscountPercentage], [e].[LastModifiedAt], [e].[LastModifiedBy], [e].[Notes], [e].[Paid], [e].[PatientId], [e].[PerformedByUserId], [e].[Price], [e].[Priority], [e].[RadiologistId], [e].[ReferralDoctorId], [e].[Remaining], [e].[ScheduledAt], [e].[StartedAt], [e].[Status], [e].[TechnicianId]
      FROM [Examinations].[Examinations] AS [e]
      WHERE [e].[Id] = @id
info: Microsoft.EntityFrameworkCore.Database.Command[20101]
      Executed DbCommand (2ms) [Parameters=[@p3='?' (DbType = Guid), @p0='?' (DbType = DateTime2), @p1='?' (DbType = DateTime2), @p2='?' (DbType = Int32)], CommandType='Text', CommandTimeout='30']
      SET IMPLICIT_TRANSACTIONS OFF;
      SET NOCOUNT ON;
      UPDATE [Examinations].[Examinations] SET [CompletedAt] = @p0, [LastModifiedAt] = @p1, [Status] = @p2
      OUTPUT 1
      WHERE [Id] = @p3;
warn: JasperFx.CodeGeneration.ICodeFile[0]
      Utilizing service location for Message Handler for RadiologyCenter.Examinations.Domain.Events.ExaminationCompletedEvent for Service RadiologyCenter.Examinations.Application.Abstractions.IExaminationRepository: 
      Dependency: Descriptor: ServiceType: RadiologyCenter.Examinations.Infrastructure.Persistence.ExaminationsDbContext Lifetime: Scoped ImplementationType: RadiologyCenter.Examinations.Infrastructure.Persistence.ExaminationsDbContext
      
      Dependency: Descriptor: ServiceType: Microsoft.EntityFrameworkCore.DbContextOptions`1[RadiologyCenter.Examinations.Infrastructure.Persistence.ExaminationsDbContext] Lifetime: Scoped ImplementationFactory: Microsoft.Extensions.DependencyInjection.EntityFrameworkServiceCollectionExtensions.CreateDbContextOptions
      The service registration for Microsoft.EntityFrameworkCore.DbContextOptions<RadiologyCenter.Examinations.Infrastructure.Persistence.ExaminationsDbContext> is an 'opaque' lambda factory with the Scoped lifetime and requires service location
      
      . This will throw in Wolverine 6.0 when ServiceLocationPolicy.NotAllowed becomes the default. See https://wolverinefx.net/guide/codegen.html
warn: JasperFx.CodeGeneration.ICodeFile[0]
      Utilizing service location for Message Handler for RadiologyCenter.Examinations.Domain.Events.ExaminationCompletedEvent for Service RadiologyCenter.Examinations.Application.Abstractions.IExaminationTypeRepository: 
      Dependency: Descriptor: ServiceType: RadiologyCenter.Examinations.Infrastructure.Persistence.ExaminationsDbContext Lifetime: Scoped ImplementationType: RadiologyCenter.Examinations.Infrastructure.Persistence.ExaminationsDbContext
      
      Dependency: Descriptor: ServiceType: Microsoft.EntityFrameworkCore.DbContextOptions`1[RadiologyCenter.Examinations.Infrastructure.Persistence.ExaminationsDbContext] Lifetime: Scoped ImplementationFactory: Microsoft.Extensions.DependencyInjection.EntityFrameworkServiceCollectionExtensions.CreateDbContextOptions
      The service registration for Microsoft.EntityFrameworkCore.DbContextOptions<RadiologyCenter.Examinations.Infrastructure.Persistence.ExaminationsDbContext> is an 'opaque' lambda factory with the Scoped lifetime and requires service location
      
      . This will throw in Wolverine 6.0 when ServiceLocationPolicy.NotAllowed becomes the default. See https://wolverinefx.net/guide/codegen.html
warn: JasperFx.CodeGeneration.ICodeFile[0]
      Utilizing service location for Message Handler for RadiologyCenter.Examinations.Domain.Events.ExaminationCompletedEvent for Service RadiologyCenter.Examinations.Application.Abstractions.IItemSnapshotResolver: 
      Dependency: Descriptor: ServiceType: RadiologyCenter.Inventory.Application.Abstractions.IItemRepository Lifetime: Scoped ImplementationType: RadiologyCenter.Inventory.Infrastructure.Repositories.ItemRepository
      
      Dependency: Descriptor: ServiceType: RadiologyCenter.Inventory.Infrastructure.Persistence.InventoryDbContext Lifetime: Scoped ImplementationType: RadiologyCenter.Inventory.Infrastructure.Persistence.InventoryDbContext
      
      Dependency: Descriptor: ServiceType: Microsoft.EntityFrameworkCore.DbContextOptions`1[RadiologyCenter.Inventory.Infrastructure.Persistence.InventoryDbContext] Lifetime: Scoped ImplementationFactory: Microsoft.Extensions.DependencyInjection.EntityFrameworkServiceCollectionExtensions.CreateDbContextOptions
      The service registration for Microsoft.EntityFrameworkCore.DbContextOptions<RadiologyCenter.Inventory.Infrastructure.Persistence.InventoryDbContext> is an 'opaque' lambda factory with the Scoped lifetime and requires service location
      
      
      
      Dependency: Descriptor: ServiceType: RadiologyCenter.Inventory.Infrastructure.Persistence.InventoryDbContext Lifetime: Scoped ImplementationType: RadiologyCenter.Inventory.Infrastructure.Persistence.InventoryDbContext
      
      Dependency: Descriptor: ServiceType: Microsoft.EntityFrameworkCore.DbContextOptions`1[RadiologyCenter.Inventory.Infrastructure.Persistence.InventoryDbContext] Lifetime: Scoped ImplementationFactory: Microsoft.Extensions.DependencyInjection.EntityFrameworkServiceCollectionExtensions.CreateDbContextOptions
      The service registration for Microsoft.EntityFrameworkCore.DbContextOptions<RadiologyCenter.Inventory.Infrastructure.Persistence.InventoryDbContext> is an 'opaque' lambda factory with the Scoped lifetime and requires service location
      
      . This will throw in Wolverine 6.0 when ServiceLocationPolicy.NotAllowed becomes the default. See https://wolverinefx.net/guide/codegen.html
warn: JasperFx.CodeGeneration.ICodeFile[0]
      Utilizing service location for Message Handler for RadiologyCenter.Examinations.Domain.Events.ExaminationCompletedEvent for Service RadiologyCenter.Examinations.Application.Abstractions.IExaminationFeeResolver: 
      Dependency: Descriptor: ServiceType: RadiologyCenter.Payroll.Application.Abstractions.IExaminationFeeRepository Lifetime: Scoped ImplementationType: RadiologyCenter.Payroll.Infrastructure.Repositories.ExaminationFeeRepository
      
      Dependency: Descriptor: ServiceType: RadiologyCenter.Payroll.Infrastructure.Persistence.PayrollDbContext Lifetime: Scoped ImplementationType: RadiologyCenter.Payroll.Infrastructure.Persistence.PayrollDbContext
      
      Dependency: Descriptor: ServiceType: Microsoft.EntityFrameworkCore.DbContextOptions`1[RadiologyCenter.Payroll.Infrastructure.Persistence.PayrollDbContext] Lifetime: Scoped ImplementationFactory: Microsoft.Extensions.DependencyInjection.EntityFrameworkServiceCollectionExtensions.CreateDbContextOptions
      The service registration for Microsoft.EntityFrameworkCore.DbContextOptions<RadiologyCenter.Payroll.Infrastructure.Persistence.PayrollDbContext> is an 'opaque' lambda factory with the Scoped lifetime and requires service location
      
      
      
      Dependency: Descriptor: ServiceType: RadiologyCenter.Payroll.Application.Abstractions.IReferralFeeRepository Lifetime: Scoped ImplementationType: RadiologyCenter.Payroll.Infrastructure.Repositories.ReferralFeeRepository
      
      Dependency: Descriptor: ServiceType: RadiologyCenter.Payroll.Infrastructure.Persistence.PayrollDbContext Lifetime: Scoped ImplementationType: RadiologyCenter.Payroll.Infrastructure.Persistence.PayrollDbContext
      
      Dependency: Descriptor: ServiceType: Microsoft.EntityFrameworkCore.DbContextOptions`1[RadiologyCenter.Payroll.Infrastructure.Persistence.PayrollDbContext] Lifetime: Scoped ImplementationFactory: Microsoft.Extensions.DependencyInjection.EntityFrameworkServiceCollectionExtensions.CreateDbContextOptions
      The service registration for Microsoft.EntityFrameworkCore.DbContextOptions<RadiologyCenter.Payroll.Infrastructure.Persistence.PayrollDbContext> is an 'opaque' lambda factory with the Scoped lifetime and requires service location
      
      
      . This will throw in Wolverine 6.0 when ServiceLocationPolicy.NotAllowed becomes the default. See https://wolverinefx.net/guide/codegen.html
warn: JasperFx.CodeGeneration.ICodeFile[0]
      Utilizing service location for Message Handler for RadiologyCenter.Examinations.Domain.Events.ExaminationCompletedEvent for Service RadiologyCenter.Examinations.Application.Abstractions.IExaminationHistoryRepository: 
      Dependency: Descriptor: ServiceType: RadiologyCenter.Examinations.Infrastructure.Persistence.ExaminationsDbContext Lifetime: Scoped ImplementationType: RadiologyCenter.Examinations.Infrastructure.Persistence.ExaminationsDbContext
      
      Dependency: Descriptor: ServiceType: Microsoft.EntityFrameworkCore.DbContextOptions`1[RadiologyCenter.Examinations.Infrastructure.Persistence.ExaminationsDbContext] Lifetime: Scoped ImplementationFactory: Microsoft.Extensions.DependencyInjection.EntityFrameworkServiceCollectionExtensions.CreateDbContextOptions
      The service registration for Microsoft.EntityFrameworkCore.DbContextOptions<RadiologyCenter.Examinations.Infrastructure.Persistence.ExaminationsDbContext> is an 'opaque' lambda factory with the Scoped lifetime and requires service location
      
      . This will throw in Wolverine 6.0 when ServiceLocationPolicy.NotAllowed becomes the default. See https://wolverinefx.net/guide/codegen.html
warn: JasperFx.CodeGeneration.ICodeFile[0]
      Utilizing service location for Message Handler for RadiologyCenter.Examinations.Domain.Events.ExaminationCompletedEvent for Service RadiologyCenter.Examinations.Application.Abstractions.IExaminationsUnitOfWork: 
      Dependency: Descriptor: ServiceType: RadiologyCenter.Examinations.Infrastructure.Persistence.ExaminationsDbContext Lifetime: Scoped ImplementationType: RadiologyCenter.Examinations.Infrastructure.Persistence.ExaminationsDbContext
      
      Dependency: Descriptor: ServiceType: Microsoft.EntityFrameworkCore.DbContextOptions`1[RadiologyCenter.Examinations.Infrastructure.Persistence.ExaminationsDbContext] Lifetime: Scoped ImplementationFactory: Microsoft.Extensions.DependencyInjection.EntityFrameworkServiceCollectionExtensions.CreateDbContextOptions
      The service registration for Microsoft.EntityFrameworkCore.DbContextOptions<RadiologyCenter.Examinations.Infrastructure.Persistence.ExaminationsDbContext> is an 'opaque' lambda factory with the Scoped lifetime and requires service location
      
      . This will throw in Wolverine 6.0 when ServiceLocationPolicy.NotAllowed becomes the default. See https://wolverinefx.net/guide/codegen.html
info: Microsoft.EntityFrameworkCore.Database.Command[20101]
      Executed DbCommand (4ms) [Parameters=[@id='?' (DbType = Guid)], CommandType='Text', CommandTimeout='30']
      SELECT [e1].[Id], [e1].[CancellationReason], [e1].[ClinicalIndication], [e1].[CompletedAt], [e1].[CreatedAt], [e1].[CreatedBy], [e1].[Discount], [e1].[ExaminationTypeId], [e1].[IsDiscountPercentage], [e1].[LastModifiedAt], [e1].[LastModifiedBy], [e1].[Notes], [e1].[Paid], [e1].[PatientId], [e1].[PerformedByUserId], [e1].[Price], [e1].[Priority], [e1].[RadiologistId], [e1].[ReferralDoctorId], [e1].[Remaining], [e1].[ScheduledAt], [e1].[StartedAt], [e1].[Status], [e1].[TechnicianId], [e0].[Id], [e0].[ExaminationId], [e0].[IsContrast], [e0].[IsRequired], [e0].[ItemId], [e0].[Notes], [e0].[Quantity]
      FROM (
          SELECT TOP(1) [e].[Id], [e].[CancellationReason], [e].[ClinicalIndication], [e].[CompletedAt], [e].[CreatedAt], [e].[CreatedBy], [e].[Discount], [e].[ExaminationTypeId], [e].[IsDiscountPercentage], [e].[LastModifiedAt], [e].[LastModifiedBy], [e].[Notes], [e].[Paid], [e].[PatientId], [e].[PerformedByUserId], [e].[Price], [e].[Priority], [e].[RadiologistId], [e].[ReferralDoctorId], [e].[Remaining], [e].[ScheduledAt], [e].[StartedAt], [e].[Status], [e].[TechnicianId]
          FROM [Examinations].[Examinations] AS [e]
          WHERE [e].[Id] = @id
      ) AS [e1]
      LEFT JOIN [Examinations].[ExaminationItems] AS [e0] ON [e1].[Id] = [e0].[ExaminationId]
      ORDER BY [e1].[Id]
info: Microsoft.EntityFrameworkCore.Database.Command[20101]
      Executed DbCommand (2ms) [Parameters=[@id='?' (DbType = Guid)], CommandType='Text', CommandTimeout='30']
      SELECT TOP(1) [e].[Id], [e].[BodyPart], [e].[Code], [e].[CreatedAt], [e].[CreatedBy], [e].[DeletedAt], [e].[DeletedBy], [e].[IsActive], [e].[IsDeleted], [e].[LastModifiedAt], [e].[LastModifiedBy], [e].[Modality], [e].[Name], [e].[Price], [e].[RequiresConsent], [e].[RequiresPreparation], [e].[StandardDurationMinutes]
      FROM [Examinations].[ExaminationTypes] AS [e]
      WHERE [e].[IsDeleted] = CAST(0 AS bit) AND [e].[Id] = @id
info: Microsoft.EntityFrameworkCore.Database.Command[20101]
      Executed DbCommand (4ms) [Parameters=[@examinationTypeId='?' (DbType = Guid), @role='?' (DbType = Int32)], CommandType='Text', CommandTimeout='30']
      SELECT TOP(1) [e].[Id], [e].[Amount], [e].[CreatedAt], [e].[CreatedBy], [e].[DeletedAt], [e].[DeletedBy], [e].[ExaminationTypeId], [e].[IsActive], [e].[IsDeleted], [e].[IsPercentage], [e].[LastModifiedAt], [e].[LastModifiedBy], [e].[Role]
      FROM [Payroll].[ExaminationFees] AS [e]
      WHERE [e].[IsDeleted] = CAST(0 AS bit) AND [e].[ExaminationTypeId] = @examinationTypeId AND [e].[Role] = @role AND [e].[IsActive] = CAST(1 AS bit)
info: Microsoft.EntityFrameworkCore.Database.Command[20101]
      Executed DbCommand (0ms) [Parameters=[@examinationTypeId='?' (DbType = Guid), @role='?' (DbType = Int32)], CommandType='Text', CommandTimeout='30']
      SELECT TOP(1) [e].[Id], [e].[Amount], [e].[CreatedAt], [e].[CreatedBy], [e].[DeletedAt], [e].[DeletedBy], [e].[ExaminationTypeId], [e].[IsActive], [e].[IsDeleted], [e].[IsPercentage], [e].[LastModifiedAt], [e].[LastModifiedBy], [e].[Role]
      FROM [Payroll].[ExaminationFees] AS [e]
      WHERE [e].[IsDeleted] = CAST(0 AS bit) AND [e].[ExaminationTypeId] = @examinationTypeId AND [e].[Role] = @role AND [e].[IsActive] = CAST(1 AS bit)
info: Microsoft.EntityFrameworkCore.Database.Command[20101]
      Executed DbCommand (7ms) [Parameters=[@p0='?' (DbType = Guid), @p1='?' (Size = 500), @p2='?' (Size = 1000), @p3='?' (DbType = DateTime2), @p4='?' (Precision = 18) (Scale = 2) (DbType = Decimal), @p5='?' (DbType = Guid), @p6='?' (DbType = Guid), @p7='?' (DbType = Boolean), @p8='?' (Size = 500), @p9='?' (Precision = 18) (Scale = 2) (DbType = Decimal), @p10='?' (DbType = Guid), @p11='?' (Precision = 18) (Scale = 2) (DbType = Decimal), @p12='?' (DbType = Int32), @p13='?' (Precision = 18) (Scale = 2) (DbType = Decimal), @p14='?' (DbType = Guid), @p15='?' (DbType = Guid), @p16='?' (Precision = 18) (Scale = 2) (DbType = Decimal), @p17='?' (Precision = 18) (Scale = 2) (DbType = Decimal), @p18='?' (DbType = DateTime2), @p19='?' (DbType = DateTime2), @p20='?' (Precision = 18) (Scale = 2) (DbType = Decimal), @p21='?' (DbType = Guid), @p22='?' (Size = 200), @p23='?' (Size = 20), @p24='?' (DbType = Int32), @p25='?' (Size = 200), @p26='?' (Precision = 18) (Scale = 2) (DbType = Decimal), @p27='?' (DbType = Int32)], CommandType='Text', CommandTimeout='30']
      SET IMPLICIT_TRANSACTIONS OFF;
      SET NOCOUNT ON;
      INSERT INTO [Examinations].[ExaminationHistories] ([Id], [CancellationReason], [ClinicalIndication], [CompletedAt], [Discount], [ExaminationId], [ExaminationTypeId], [IsDiscountPercentage], [Notes], [Paid], [PerformedByUserId], [Price], [Priority], [RadiologistFee], [RadiologistId], [ReferralDoctorId], [ReferralFee], [Remaining], [ScheduledAt], [StartedAt], [TechnicianFee], [TechnicianId], [TypeBodyPart], [TypeCode], [TypeModality], [TypeName], [TypePrice], [TypeStandardDurationMinutes])
      VALUES (@p0, @p1, @p2, @p3, @p4, @p5, @p6, @p7, @p8, @p9, @p10, @p11, @p12, @p13, @p14, @p15, @p16, @p17, @p18, @p19, @p20, @p21, @p22, @p23, @p24, @p25, @p26, @p27);
warn: JasperFx.CodeGeneration.ICodeFile[0]
      Utilizing service location for Message Handler for RadiologyCenter.Examinations.Application.Commands.RecordExaminationPayment.RecordExaminationPaymentCommand for Service RadiologyCenter.Examinations.Application.Abstractions.IExaminationRepository: 
      Dependency: Descriptor: ServiceType: RadiologyCenter.Examinations.Infrastructure.Persistence.ExaminationsDbContext Lifetime: Scoped ImplementationType: RadiologyCenter.Examinations.Infrastructure.Persistence.ExaminationsDbContext
      
      Dependency: Descriptor: ServiceType: Microsoft.EntityFrameworkCore.DbContextOptions`1[RadiologyCenter.Examinations.Infrastructure.Persistence.ExaminationsDbContext] Lifetime: Scoped ImplementationFactory: Microsoft.Extensions.DependencyInjection.EntityFrameworkServiceCollectionExtensions.CreateDbContextOptions
      The service registration for Microsoft.EntityFrameworkCore.DbContextOptions<RadiologyCenter.Examinations.Infrastructure.Persistence.ExaminationsDbContext> is an 'opaque' lambda factory with the Scoped lifetime and requires service location
      
      . This will throw in Wolverine 6.0 when ServiceLocationPolicy.NotAllowed becomes the default. See https://wolverinefx.net/guide/codegen.html
warn: JasperFx.CodeGeneration.ICodeFile[0]
      Utilizing service location for Message Handler for RadiologyCenter.Examinations.Application.Commands.RecordExaminationPayment.RecordExaminationPaymentCommand for Service RadiologyCenter.Examinations.Application.Abstractions.IExaminationHistoryRepository: 
      Dependency: Descriptor: ServiceType: RadiologyCenter.Examinations.Infrastructure.Persistence.ExaminationsDbContext Lifetime: Scoped ImplementationType: RadiologyCenter.Examinations.Infrastructure.Persistence.ExaminationsDbContext
      
      Dependency: Descriptor: ServiceType: Microsoft.EntityFrameworkCore.DbContextOptions`1[RadiologyCenter.Examinations.Infrastructure.Persistence.ExaminationsDbContext] Lifetime: Scoped ImplementationFactory: Microsoft.Extensions.DependencyInjection.EntityFrameworkServiceCollectionExtensions.CreateDbContextOptions
      The service registration for Microsoft.EntityFrameworkCore.DbContextOptions<RadiologyCenter.Examinations.Infrastructure.Persistence.ExaminationsDbContext> is an 'opaque' lambda factory with the Scoped lifetime and requires service location
      
      . This will throw in Wolverine 6.0 when ServiceLocationPolicy.NotAllowed becomes the default. See https://wolverinefx.net/guide/codegen.html
warn: JasperFx.CodeGeneration.ICodeFile[0]
      Utilizing service location for Message Handler for RadiologyCenter.Examinations.Application.Commands.RecordExaminationPayment.RecordExaminationPaymentCommand for Service RadiologyCenter.Examinations.Application.Abstractions.IExaminationsUnitOfWork: 
      Dependency: Descriptor: ServiceType: RadiologyCenter.Examinations.Infrastructure.Persistence.ExaminationsDbContext Lifetime: Scoped ImplementationType: RadiologyCenter.Examinations.Infrastructure.Persistence.ExaminationsDbContext
      
      Dependency: Descriptor: ServiceType: Microsoft.EntityFrameworkCore.DbContextOptions`1[RadiologyCenter.Examinations.Infrastructure.Persistence.ExaminationsDbContext] Lifetime: Scoped ImplementationFactory: Microsoft.Extensions.DependencyInjection.EntityFrameworkServiceCollectionExtensions.CreateDbContextOptions
      The service registration for Microsoft.EntityFrameworkCore.DbContextOptions<RadiologyCenter.Examinations.Infrastructure.Persistence.ExaminationsDbContext> is an 'opaque' lambda factory with the Scoped lifetime and requires service location
      
      . This will throw in Wolverine 6.0 when ServiceLocationPolicy.NotAllowed becomes the default. See https://wolverinefx.net/guide/codegen.html
info: Microsoft.EntityFrameworkCore.Database.Command[20101]
      Executed DbCommand (2ms) [Parameters=[p0='?' (DbType = Guid)], CommandType='Text', CommandTimeout='30']
      SELECT TOP(2) [r].[Id], [r].[CancellationReason], [r].[ClinicalIndication], [r].[CompletedAt], [r].[CreatedAt], [r].[CreatedBy], [r].[Discount], [r].[ExaminationTypeId], [r].[IsDiscountPercentage], [r].[LastModifiedAt], [r].[LastModifiedBy], [r].[Notes], [r].[Paid], [r].[PatientId], [r].[PerformedByUserId], [r].[Price], [r].[Priority], [r].[RadiologistId], [r].[ReferralDoctorId], [r].[Remaining], [r].[ScheduledAt], [r].[StartedAt], [r].[Status], [r].[TechnicianId]
      FROM (
          SELECT * FROM [Examinations].[Examinations] WITH (UPDLOCK, ROWLOCK) WHERE [Id] = @p0
      ) AS [r]
info: Microsoft.EntityFrameworkCore.Database.Command[20101]
      Executed DbCommand (2ms) [Parameters=[@examinationId='?' (DbType = Guid)], CommandType='Text', CommandTimeout='30']
      SELECT TOP(1) [e].[Id], [e].[CancellationReason], [e].[ClinicalIndication], [e].[CompletedAt], [e].[Discount], [e].[ExaminationId], [e].[ExaminationTypeId], [e].[IsDiscountPercentage], [e].[Notes], [e].[Paid], [e].[PerformedByUserId], [e].[Price], [e].[Priority], [e].[RadiologistFee], [e].[RadiologistId], [e].[ReferralDoctorId], [e].[ReferralFee], [e].[Remaining], [e].[ScheduledAt], [e].[StartedAt], [e].[TechnicianFee], [e].[TechnicianId], [e].[TypeBodyPart], [e].[TypeCode], [e].[TypeModality], [e].[TypeName], [e].[TypePrice], [e].[TypeStandardDurationMinutes]
      FROM [Examinations].[ExaminationHistories] AS [e]
      WHERE [e].[ExaminationId] = @examinationId
info: Microsoft.EntityFrameworkCore.Database.Command[20101]
      Executed DbCommand (3ms) [Parameters=[@p2='?' (DbType = Guid), @p0='?' (Precision = 18) (Scale = 2) (DbType = Decimal), @p1='?' (Precision = 18) (Scale = 2) (DbType = Decimal), @p6='?' (DbType = Guid), @p3='?' (DbType = DateTime2), @p4='?' (Precision = 18) (Scale = 2) (DbType = Decimal), @p5='?' (Precision = 18) (Scale = 2) (DbType = Decimal)], CommandType='Text', CommandTimeout='30']
      SET NOCOUNT ON;
      UPDATE [Examinations].[ExaminationHistories] SET [Paid] = @p0, [Remaining] = @p1
      OUTPUT 1
      WHERE [Id] = @p2;
      UPDATE [Examinations].[Examinations] SET [LastModifiedAt] = @p3, [Paid] = @p4, [Remaining] = @p5
      OUTPUT 1
      WHERE [Id] = @p6;
warn: JasperFx.CodeGeneration.ICodeFile[0]
      Utilizing service location for Message Handler for RadiologyCenter.Examinations.Application.Queries.GetExaminationById.GetExaminationByIdQuery for Service RadiologyCenter.Examinations.Application.Abstractions.IExaminationRepository: 
      Dependency: Descriptor: ServiceType: RadiologyCenter.Examinations.Infrastructure.Persistence.ExaminationsDbContext Lifetime: Scoped ImplementationType: RadiologyCenter.Examinations.Infrastructure.Persistence.ExaminationsDbContext
      
      Dependency: Descriptor: ServiceType: Microsoft.EntityFrameworkCore.DbContextOptions`1[RadiologyCenter.Examinations.Infrastructure.Persistence.ExaminationsDbContext] Lifetime: Scoped ImplementationFactory: Microsoft.Extensions.DependencyInjection.EntityFrameworkServiceCollectionExtensions.CreateDbContextOptions
      The service registration for Microsoft.EntityFrameworkCore.DbContextOptions<RadiologyCenter.Examinations.Infrastructure.Persistence.ExaminationsDbContext> is an 'opaque' lambda factory with the Scoped lifetime and requires service location
      
      . This will throw in Wolverine 6.0 when ServiceLocationPolicy.NotAllowed becomes the default. See https://wolverinefx.net/guide/codegen.html
warn: JasperFx.CodeGeneration.ICodeFile[0]
      Utilizing service location for Message Handler for RadiologyCenter.Examinations.Application.Queries.GetExaminationById.GetExaminationByIdQuery for Service RadiologyCenter.Examinations.Application.Abstractions.IExaminationTypeRepository: 
      Dependency: Descriptor: ServiceType: RadiologyCenter.Examinations.Infrastructure.Persistence.ExaminationsDbContext Lifetime: Scoped ImplementationType: RadiologyCenter.Examinations.Infrastructure.Persistence.ExaminationsDbContext
      
      Dependency: Descriptor: ServiceType: Microsoft.EntityFrameworkCore.DbContextOptions`1[RadiologyCenter.Examinations.Infrastructure.Persistence.ExaminationsDbContext] Lifetime: Scoped ImplementationFactory: Microsoft.Extensions.DependencyInjection.EntityFrameworkServiceCollectionExtensions.CreateDbContextOptions
      The service registration for Microsoft.EntityFrameworkCore.DbContextOptions<RadiologyCenter.Examinations.Infrastructure.Persistence.ExaminationsDbContext> is an 'opaque' lambda factory with the Scoped lifetime and requires service location
      
      . This will throw in Wolverine 6.0 when ServiceLocationPolicy.NotAllowed becomes the default. See https://wolverinefx.net/guide/codegen.html
info: Microsoft.EntityFrameworkCore.Database.Command[20101]
      Executed DbCommand (2ms) [Parameters=[@id='?' (DbType = Guid)], CommandType='Text', CommandTimeout='30']
      SELECT [e1].[Id], [e1].[CancellationReason], [e1].[ClinicalIndication], [e1].[CompletedAt], [e1].[CreatedAt], [e1].[CreatedBy], [e1].[Discount], [e1].[ExaminationTypeId], [e1].[IsDiscountPercentage], [e1].[LastModifiedAt], [e1].[LastModifiedBy], [e1].[Notes], [e1].[Paid], [e1].[PatientId], [e1].[PerformedByUserId], [e1].[Price], [e1].[Priority], [e1].[RadiologistId], [e1].[ReferralDoctorId], [e1].[Remaining], [e1].[ScheduledAt], [e1].[StartedAt], [e1].[Status], [e1].[TechnicianId], [e0].[Id], [e0].[ExaminationId], [e0].[IsContrast], [e0].[IsRequired], [e0].[ItemId], [e0].[Notes], [e0].[Quantity]
      FROM (
          SELECT TOP(1) [e].[Id], [e].[CancellationReason], [e].[ClinicalIndication], [e].[CompletedAt], [e].[CreatedAt], [e].[CreatedBy], [e].[Discount], [e].[ExaminationTypeId], [e].[IsDiscountPercentage], [e].[LastModifiedAt], [e].[LastModifiedBy], [e].[Notes], [e].[Paid], [e].[PatientId], [e].[PerformedByUserId], [e].[Price], [e].[Priority], [e].[RadiologistId], [e].[ReferralDoctorId], [e].[Remaining], [e].[ScheduledAt], [e].[StartedAt], [e].[Status], [e].[TechnicianId]
          FROM [Examinations].[Examinations] AS [e]
          WHERE [e].[Id] = @id
      ) AS [e1]
      LEFT JOIN [Examinations].[ExaminationItems] AS [e0] ON [e1].[Id] = [e0].[ExaminationId]
      ORDER BY [e1].[Id]
info: Microsoft.EntityFrameworkCore.Database.Command[20101]
      Executed DbCommand (2ms) [Parameters=[@id='?' (DbType = Guid)], CommandType='Text', CommandTimeout='30']
      SELECT TOP(1) [e].[Id], [e].[BodyPart], [e].[Code], [e].[CreatedAt], [e].[CreatedBy], [e].[DeletedAt], [e].[DeletedBy], [e].[IsActive], [e].[IsDeleted], [e].[LastModifiedAt], [e].[LastModifiedBy], [e].[Modality], [e].[Name], [e].[Price], [e].[RequiresConsent], [e].[RequiresPreparation], [e].[StandardDurationMinutes]
      FROM [Examinations].[ExaminationTypes] AS [e]
      WHERE [e].[IsDeleted] = CAST(0 AS bit) AND [e].[Id] = @id
info: Microsoft.EntityFrameworkCore.Database.Command[20101]
      Executed DbCommand (0ms) [Parameters=[p0='?' (DbType = Guid)], CommandType='Text', CommandTimeout='30']
      SELECT TOP(2) [r].[Id], [r].[CancellationReason], [r].[ClinicalIndication], [r].[CompletedAt], [r].[CreatedAt], [r].[CreatedBy], [r].[Discount], [r].[ExaminationTypeId], [r].[IsDiscountPercentage], [r].[LastModifiedAt], [r].[LastModifiedBy], [r].[Notes], [r].[Paid], [r].[PatientId], [r].[PerformedByUserId], [r].[Price], [r].[Priority], [r].[RadiologistId], [r].[ReferralDoctorId], [r].[Remaining], [r].[ScheduledAt], [r].[StartedAt], [r].[Status], [r].[TechnicianId]
      FROM (
          SELECT * FROM [Examinations].[Examinations] WITH (UPDLOCK, ROWLOCK) WHERE [Id] = @p0
      ) AS [r]
info: Microsoft.EntityFrameworkCore.Database.Command[20101]
      Executed DbCommand (0ms) [Parameters=[@examinationId='?' (DbType = Guid)], CommandType='Text', CommandTimeout='30']
      SELECT TOP(1) [e].[Id], [e].[CancellationReason], [e].[ClinicalIndication], [e].[CompletedAt], [e].[Discount], [e].[ExaminationId], [e].[ExaminationTypeId], [e].[IsDiscountPercentage], [e].[Notes], [e].[Paid], [e].[PerformedByUserId], [e].[Price], [e].[Priority], [e].[RadiologistFee], [e].[RadiologistId], [e].[ReferralDoctorId], [e].[ReferralFee], [e].[Remaining], [e].[ScheduledAt], [e].[StartedAt], [e].[TechnicianFee], [e].[TechnicianId], [e].[TypeBodyPart], [e].[TypeCode], [e].[TypeModality], [e].[TypeName], [e].[TypePrice], [e].[TypeStandardDurationMinutes]
      FROM [Examinations].[ExaminationHistories] AS [e]
      WHERE [e].[ExaminationId] = @examinationId
info: Microsoft.EntityFrameworkCore.Database.Command[20101]
      Executed DbCommand (0ms) [Parameters=[@p2='?' (DbType = Guid), @p0='?' (Precision = 18) (Scale = 2) (DbType = Decimal), @p1='?' (Precision = 18) (Scale = 2) (DbType = Decimal), @p6='?' (DbType = Guid), @p3='?' (DbType = DateTime2), @p4='?' (Precision = 18) (Scale = 2) (DbType = Decimal), @p5='?' (Precision = 18) (Scale = 2) (DbType = Decimal)], CommandType='Text', CommandTimeout='30']
      SET NOCOUNT ON;
      UPDATE [Examinations].[ExaminationHistories] SET [Paid] = @p0, [Remaining] = @p1
      OUTPUT 1
      WHERE [Id] = @p2;
      UPDATE [Examinations].[Examinations] SET [LastModifiedAt] = @p3, [Paid] = @p4, [Remaining] = @p5
      OUTPUT 1
      WHERE [Id] = @p6;
info: Microsoft.EntityFrameworkCore.Database.Command[20101]
      Executed DbCommand (2ms) [Parameters=[@id='?' (DbType = Guid)], CommandType='Text', CommandTimeout='30']
      SELECT [e1].[Id], [e1].[BodyPart], [e1].[Code], [e1].[CreatedAt], [e1].[CreatedBy], [e1].[DeletedAt], [e1].[DeletedBy], [e1].[IsActive], [e1].[IsDeleted], [e1].[LastModifiedAt], [e1].[LastModifiedBy], [e1].[Modality], [e1].[Name], [e1].[Price], [e1].[RequiresConsent], [e1].[RequiresPreparation], [e1].[StandardDurationMinutes], [e0].[Id], [e0].[ExaminationTypeId], [e0].[IsContrast], [e0].[IsRequired], [e0].[ItemId], [e0].[Notes], [e0].[Quantity]
      FROM (
          SELECT TOP(1) [e].[Id], [e].[BodyPart], [e].[Code], [e].[CreatedAt], [e].[CreatedBy], [e].[DeletedAt], [e].[DeletedBy], [e].[IsActive], [e].[IsDeleted], [e].[LastModifiedAt], [e].[LastModifiedBy], [e].[Modality], [e].[Name], [e].[Price], [e].[RequiresConsent], [e].[RequiresPreparation], [e].[StandardDurationMinutes]
          FROM [Examinations].[ExaminationTypes] AS [e]
          WHERE [e].[IsDeleted] = CAST(0 AS bit) AND [e].[Id] = @id
      ) AS [e1]
      LEFT JOIN [Examinations].[ExaminationTypeItems] AS [e0] ON [e1].[Id] = [e0].[ExaminationTypeId]
      ORDER BY [e1].[Id]
info: Wolverine.Runtime.WolverineRuntime[107]
      No routes can be determined for Envelope #08def9a8-c899-bc76-e86a-64c9e0060000 (RadiologyCenter.Examinations.Domain.Events.ExaminationCreatedEvent)
info: Microsoft.EntityFrameworkCore.Database.Command[20101]
      Executed DbCommand (1ms) [Parameters=[@p0='?' (DbType = Guid), @p1='?' (Size = 500), @p2='?' (Size = 1000), @p3='?' (DbType = DateTime2), @p4='?' (DbType = DateTime2), @p5='?' (Size = 4000), @p6='?' (Precision = 18) (Scale = 2) (DbType = Decimal), @p7='?' (DbType = Guid), @p8='?' (DbType = Boolean), @p9='?' (DbType = DateTime2), @p10='?' (Size = 4000), @p11='?' (Size = 500), @p12='?' (Precision = 18) (Scale = 2) (DbType = Decimal), @p13='?' (DbType = Guid), @p14='?' (DbType = Guid), @p15='?' (Precision = 18) (Scale = 2) (DbType = Decimal), @p16='?' (DbType = Int32), @p17='?' (DbType = Guid), @p18='?' (DbType = Guid), @p19='?' (Precision = 18) (Scale = 2) (DbType = Decimal), @p20='?' (DbType = DateTime2), @p21='?' (DbType = DateTime2), @p22='?' (DbType = Int32), @p23='?' (DbType = Guid)], CommandType='Text', CommandTimeout='30']
      SET IMPLICIT_TRANSACTIONS OFF;
      SET NOCOUNT ON;
      INSERT INTO [Examinations].[Examinations] ([Id], [CancellationReason], [ClinicalIndication], [CompletedAt], [CreatedAt], [CreatedBy], [Discount], [ExaminationTypeId], [IsDiscountPercentage], [LastModifiedAt], [LastModifiedBy], [Notes], [Paid], [PatientId], [PerformedByUserId], [Price], [Priority], [RadiologistId], [ReferralDoctorId], [Remaining], [ScheduledAt], [StartedAt], [Status], [TechnicianId])
      VALUES (@p0, @p1, @p2, @p3, @p4, @p5, @p6, @p7, @p8, @p9, @p10, @p11, @p12, @p13, @p14, @p15, @p16, @p17, @p18, @p19, @p20, @p21, @p22, @p23);
warn: JasperFx.CodeGeneration.ICodeFile[0]
      Utilizing service location for Message Handler for RadiologyCenter.Reports.Application.Commands.CreateReportDraft.CreateReportDraftCommand for Service RadiologyCenter.Reports.Application.Abstractions.IReportRepository: 
      Dependency: Descriptor: ServiceType: RadiologyCenter.Reports.Infrastructure.Persistence.ReportsDbContext Lifetime: Scoped ImplementationType: RadiologyCenter.Reports.Infrastructure.Persistence.ReportsDbContext
      
      Dependency: Descriptor: ServiceType: Microsoft.EntityFrameworkCore.DbContextOptions`1[RadiologyCenter.Reports.Infrastructure.Persistence.ReportsDbContext] Lifetime: Scoped ImplementationFactory: Microsoft.Extensions.DependencyInjection.EntityFrameworkServiceCollectionExtensions.CreateDbContextOptions
      The service registration for Microsoft.EntityFrameworkCore.DbContextOptions<RadiologyCenter.Reports.Infrastructure.Persistence.ReportsDbContext> is an 'opaque' lambda factory with the Scoped lifetime and requires service location
      
      . This will throw in Wolverine 6.0 when ServiceLocationPolicy.NotAllowed becomes the default. See https://wolverinefx.net/guide/codegen.html
warn: JasperFx.CodeGeneration.ICodeFile[0]
      Utilizing service location for Message Handler for RadiologyCenter.Reports.Application.Commands.CreateReportDraft.CreateReportDraftCommand for Service RadiologyCenter.Reports.Application.Abstractions.IReportDirectory: 
      Dependency: Descriptor: ServiceType: RadiologyCenter.Patients.Infrastructure.Persistence.PatientsDbContext Lifetime: Scoped ImplementationType: RadiologyCenter.Patients.Infrastructure.Persistence.PatientsDbContext
      
      Dependency: Descriptor: ServiceType: Microsoft.EntityFrameworkCore.DbContextOptions`1[RadiologyCenter.Patients.Infrastructure.Persistence.PatientsDbContext] Lifetime: Scoped ImplementationFactory: Microsoft.Extensions.DependencyInjection.EntityFrameworkServiceCollectionExtensions.CreateDbContextOptions
      The service registration for Microsoft.EntityFrameworkCore.DbContextOptions<RadiologyCenter.Patients.Infrastructure.Persistence.PatientsDbContext> is an 'opaque' lambda factory with the Scoped lifetime and requires service location
      
      
      Dependency: Descriptor: ServiceType: RadiologyCenter.ResourceManagement.Infrastructure.Persistence.ResourceManagementDbContext Lifetime: Scoped ImplementationType: RadiologyCenter.ResourceManagement.Infrastructure.Persistence.ResourceManagementDbContext
      
      Dependency: Descriptor: ServiceType: Microsoft.EntityFrameworkCore.DbContextOptions`1[RadiologyCenter.ResourceManagement.Infrastructure.Persistence.ResourceManagementDbContext] Lifetime: Scoped ImplementationFactory: Microsoft.Extensions.DependencyInjection.EntityFrameworkServiceCollectionExtensions.CreateDbContextOptions
      The service registration for Microsoft.EntityFrameworkCore.DbContextOptions<RadiologyCenter.ResourceManagement.Infrastructure.Persistence.ResourceManagementDbContext> is an 'opaque' lambda factory with the Scoped lifetime and requires service location
      
      
      Dependency: Descriptor: ServiceType: RadiologyCenter.Examinations.Infrastructure.Persistence.ExaminationsDbContext Lifetime: Scoped ImplementationType: RadiologyCenter.Examinations.Infrastructure.Persistence.ExaminationsDbContext
      
      Dependency: Descriptor: ServiceType: Microsoft.EntityFrameworkCore.DbContextOptions`1[RadiologyCenter.Examinations.Infrastructure.Persistence.ExaminationsDbContext] Lifetime: Scoped ImplementationFactory: Microsoft.Extensions.DependencyInjection.EntityFrameworkServiceCollectionExtensions.CreateDbContextOptions
      The service registration for Microsoft.EntityFrameworkCore.DbContextOptions<RadiologyCenter.Examinations.Infrastructure.Persistence.ExaminationsDbContext> is an 'opaque' lambda factory with the Scoped lifetime and requires service location
      
      . This will throw in Wolverine 6.0 when ServiceLocationPolicy.NotAllowed becomes the default. See https://wolverinefx.net/guide/codegen.html
warn: JasperFx.CodeGeneration.ICodeFile[0]
      Utilizing service location for Message Handler for RadiologyCenter.Reports.Application.Commands.CreateReportDraft.CreateReportDraftCommand for Service RadiologyCenter.Reports.Application.Abstractions.IReportsUnitOfWork: 
      Dependency: Descriptor: ServiceType: RadiologyCenter.Reports.Infrastructure.Persistence.ReportsDbContext Lifetime: Scoped ImplementationType: RadiologyCenter.Reports.Infrastructure.Persistence.ReportsDbContext
      
      Dependency: Descriptor: ServiceType: Microsoft.EntityFrameworkCore.DbContextOptions`1[RadiologyCenter.Reports.Infrastructure.Persistence.ReportsDbContext] Lifetime: Scoped ImplementationFactory: Microsoft.Extensions.DependencyInjection.EntityFrameworkServiceCollectionExtensions.CreateDbContextOptions
      The service registration for Microsoft.EntityFrameworkCore.DbContextOptions<RadiologyCenter.Reports.Infrastructure.Persistence.ReportsDbContext> is an 'opaque' lambda factory with the Scoped lifetime and requires service location
      
      . This will throw in Wolverine 6.0 when ServiceLocationPolicy.NotAllowed becomes the default. See https://wolverinefx.net/guide/codegen.html
info: Microsoft.EntityFrameworkCore.Database.Command[20101]
      Executed DbCommand (2ms) [Parameters=[@examinationId='?' (DbType = Guid)], CommandType='Text', CommandTimeout='30']
      SELECT CASE
          WHEN EXISTS (
              SELECT 1
              FROM [Reports].[RadiologyReports] AS [r]
              WHERE [r].[ExaminationId] = @examinationId) THEN CAST(1 AS bit)
          ELSE CAST(0 AS bit)
      END
info: Microsoft.EntityFrameworkCore.Database.Command[20101]
      Executed DbCommand (1ms) [Parameters=[@examinationId='?' (DbType = Guid)], CommandType='Text', CommandTimeout='30']
      SELECT CASE
          WHEN EXISTS (
              SELECT 1
              FROM [Examinations].[Examinations] AS [e]
              WHERE [e].[Id] = @examinationId AND [e].[Status] = 5) THEN CAST(1 AS bit)
          ELSE CAST(0 AS bit)
      END
info: Microsoft.EntityFrameworkCore.Database.Command[20101]
      Executed DbCommand (1ms) [Parameters=[@id='?' (DbType = Guid)], CommandType='Text', CommandTimeout='30']
      SELECT TOP(1) [e].[Id], [e].[CancellationReason], [e].[ClinicalIndication], [e].[CompletedAt], [e].[CreatedAt], [e].[CreatedBy], [e].[Discount], [e].[ExaminationTypeId], [e].[IsDiscountPercentage], [e].[LastModifiedAt], [e].[LastModifiedBy], [e].[Notes], [e].[Paid], [e].[PatientId], [e].[PerformedByUserId], [e].[Price], [e].[Priority], [e].[RadiologistId], [e].[ReferralDoctorId], [e].[Remaining], [e].[ScheduledAt], [e].[StartedAt], [e].[Status], [e].[TechnicianId]
      FROM [Examinations].[Examinations] AS [e]
      WHERE [e].[Id] = @id
info: Wolverine.Runtime.WolverineRuntime[107]
      No routes can be determined for Envelope #08def9a8-c8b7-bfb2-e86a-64c9e0060000 (RadiologyCenter.Examinations.Domain.Events.ExaminationCheckedInEvent)
info: Microsoft.EntityFrameworkCore.Database.Command[20101]
      Executed DbCommand (2ms) [Parameters=[@p3='?' (DbType = Guid), @p0='?' (DbType = DateTime2), @p1='?' (Size = 4000), @p2='?' (DbType = Int32)], CommandType='Text', CommandTimeout='30']
      SET IMPLICIT_TRANSACTIONS OFF;
      SET NOCOUNT ON;
      UPDATE [Examinations].[Examinations] SET [LastModifiedAt] = @p0, [LastModifiedBy] = @p1, [Status] = @p2
      OUTPUT 1
      WHERE [Id] = @p3;
info: Microsoft.EntityFrameworkCore.Database.Command[20101]
      Executed DbCommand (0ms) [Parameters=[@id='?' (DbType = Guid)], CommandType='Text', CommandTimeout='30']
      SELECT TOP(1) [e].[Id], [e].[CancellationReason], [e].[ClinicalIndication], [e].[CompletedAt], [e].[CreatedAt], [e].[CreatedBy], [e].[Discount], [e].[ExaminationTypeId], [e].[IsDiscountPercentage], [e].[LastModifiedAt], [e].[LastModifiedBy], [e].[Notes], [e].[Paid], [e].[PatientId], [e].[PerformedByUserId], [e].[Price], [e].[Priority], [e].[RadiologistId], [e].[ReferralDoctorId], [e].[Remaining], [e].[ScheduledAt], [e].[StartedAt], [e].[Status], [e].[TechnicianId]
      FROM [Examinations].[Examinations] AS [e]
      WHERE [e].[Id] = @id
info: Wolverine.Runtime.WolverineRuntime[107]
      No routes can be determined for Envelope #08def9a8-c8b8-94fb-e86a-64c9e0060000 (RadiologyCenter.Examinations.Domain.Events.ExaminationStartedEvent)
info: Microsoft.EntityFrameworkCore.Database.Command[20101]
      Executed DbCommand (2ms) [Parameters=[@p4='?' (DbType = Guid), @p0='?' (DbType = DateTime2), @p1='?' (DbType = Guid), @p2='?' (DbType = DateTime2), @p3='?' (DbType = Int32)], CommandType='Text', CommandTimeout='30']
      SET IMPLICIT_TRANSACTIONS OFF;
      SET NOCOUNT ON;
      UPDATE [Examinations].[Examinations] SET [LastModifiedAt] = @p0, [PerformedByUserId] = @p1, [StartedAt] = @p2, [Status] = @p3
      OUTPUT 1
      WHERE [Id] = @p4;
info: Microsoft.EntityFrameworkCore.Database.Command[20101]
      Executed DbCommand (0ms) [Parameters=[@id='?' (DbType = Guid)], CommandType='Text', CommandTimeout='30']
      SELECT TOP(1) [e].[Id], [e].[CancellationReason], [e].[ClinicalIndication], [e].[CompletedAt], [e].[CreatedAt], [e].[CreatedBy], [e].[Discount], [e].[ExaminationTypeId], [e].[IsDiscountPercentage], [e].[LastModifiedAt], [e].[LastModifiedBy], [e].[Notes], [e].[Paid], [e].[PatientId], [e].[PerformedByUserId], [e].[Price], [e].[Priority], [e].[RadiologistId], [e].[ReferralDoctorId], [e].[Remaining], [e].[ScheduledAt], [e].[StartedAt], [e].[Status], [e].[TechnicianId]
      FROM [Examinations].[Examinations] AS [e]
      WHERE [e].[Id] = @id
info: Microsoft.EntityFrameworkCore.Database.Command[20101]
      Executed DbCommand (2ms) [Parameters=[@p3='?' (DbType = Guid), @p0='?' (DbType = DateTime2), @p1='?' (DbType = DateTime2), @p2='?' (DbType = Int32)], CommandType='Text', CommandTimeout='30']
      SET IMPLICIT_TRANSACTIONS OFF;
      SET NOCOUNT ON;
      UPDATE [Examinations].[Examinations] SET [CompletedAt] = @p0, [LastModifiedAt] = @p1, [Status] = @p2
      OUTPUT 1
      WHERE [Id] = @p3;
info: Microsoft.EntityFrameworkCore.Database.Command[20101]
      Executed DbCommand (0ms) [Parameters=[@id='?' (DbType = Guid)], CommandType='Text', CommandTimeout='30']
      SELECT [e1].[Id], [e1].[CancellationReason], [e1].[ClinicalIndication], [e1].[CompletedAt], [e1].[CreatedAt], [e1].[CreatedBy], [e1].[Discount], [e1].[ExaminationTypeId], [e1].[IsDiscountPercentage], [e1].[LastModifiedAt], [e1].[LastModifiedBy], [e1].[Notes], [e1].[Paid], [e1].[PatientId], [e1].[PerformedByUserId], [e1].[Price], [e1].[Priority], [e1].[RadiologistId], [e1].[ReferralDoctorId], [e1].[Remaining], [e1].[ScheduledAt], [e1].[StartedAt], [e1].[Status], [e1].[TechnicianId], [e0].[Id], [e0].[ExaminationId], [e0].[IsContrast], [e0].[IsRequired], [e0].[ItemId], [e0].[Notes], [e0].[Quantity]
      FROM (
          SELECT TOP(1) [e].[Id], [e].[CancellationReason], [e].[ClinicalIndication], [e].[CompletedAt], [e].[CreatedAt], [e].[CreatedBy], [e].[Discount], [e].[ExaminationTypeId], [e].[IsDiscountPercentage], [e].[LastModifiedAt], [e].[LastModifiedBy], [e].[Notes], [e].[Paid], [e].[PatientId], [e].[PerformedByUserId], [e].[Price], [e].[Priority], [e].[RadiologistId], [e].[ReferralDoctorId], [e].[Remaining], [e].[ScheduledAt], [e].[StartedAt], [e].[Status], [e].[TechnicianId]
          FROM [Examinations].[Examinations] AS [e]
          WHERE [e].[Id] = @id
      ) AS [e1]
      LEFT JOIN [Examinations].[ExaminationItems] AS [e0] ON [e1].[Id] = [e0].[ExaminationId]
      ORDER BY [e1].[Id]
info: Microsoft.EntityFrameworkCore.Database.Command[20101]
      Executed DbCommand (0ms) [Parameters=[@id='?' (DbType = Guid)], CommandType='Text', CommandTimeout='30']
      SELECT TOP(1) [e].[Id], [e].[BodyPart], [e].[Code], [e].[CreatedAt], [e].[CreatedBy], [e].[DeletedAt], [e].[DeletedBy], [e].[IsActive], [e].[IsDeleted], [e].[LastModifiedAt], [e].[LastModifiedBy], [e].[Modality], [e].[Name], [e].[Price], [e].[RequiresConsent], [e].[RequiresPreparation], [e].[StandardDurationMinutes]
      FROM [Examinations].[ExaminationTypes] AS [e]
      WHERE [e].[IsDeleted] = CAST(0 AS bit) AND [e].[Id] = @id
info: Microsoft.EntityFrameworkCore.Database.Command[20101]
      Executed DbCommand (3ms) [Parameters=[@examinationTypeId='?' (DbType = Guid), @role='?' (DbType = Int32)], CommandType='Text', CommandTimeout='30']
      SELECT TOP(1) [e].[Id], [e].[Amount], [e].[CreatedAt], [e].[CreatedBy], [e].[DeletedAt], [e].[DeletedBy], [e].[ExaminationTypeId], [e].[IsActive], [e].[IsDeleted], [e].[IsPercentage], [e].[LastModifiedAt], [e].[LastModifiedBy], [e].[Role]
      FROM [Payroll].[ExaminationFees] AS [e]
      WHERE [e].[IsDeleted] = CAST(0 AS bit) AND [e].[ExaminationTypeId] = @examinationTypeId AND [e].[Role] = @role AND [e].[IsActive] = CAST(1 AS bit)
info: Microsoft.EntityFrameworkCore.Database.Command[20101]
      Executed DbCommand (0ms) [Parameters=[@examinationTypeId='?' (DbType = Guid), @role='?' (DbType = Int32)], CommandType='Text', CommandTimeout='30']
      SELECT TOP(1) [e].[Id], [e].[Amount], [e].[CreatedAt], [e].[CreatedBy], [e].[DeletedAt], [e].[DeletedBy], [e].[ExaminationTypeId], [e].[IsActive], [e].[IsDeleted], [e].[IsPercentage], [e].[LastModifiedAt], [e].[LastModifiedBy], [e].[Role]
      FROM [Payroll].[ExaminationFees] AS [e]
      WHERE [e].[IsDeleted] = CAST(0 AS bit) AND [e].[ExaminationTypeId] = @examinationTypeId AND [e].[Role] = @role AND [e].[IsActive] = CAST(1 AS bit)
info: Microsoft.EntityFrameworkCore.Database.Command[20101]
      Executed DbCommand (0ms) [Parameters=[@examinationId='?' (DbType = Guid)], CommandType='Text', CommandTimeout='30']
      SELECT CASE
          WHEN EXISTS (
              SELECT 1
              FROM [Reports].[RadiologyReports] AS [r]
              WHERE [r].[ExaminationId] = @examinationId) THEN CAST(1 AS bit)
          ELSE CAST(0 AS bit)
      END
info: Microsoft.EntityFrameworkCore.Database.Command[20101]
      Executed DbCommand (0ms) [Parameters=[@examinationId='?' (DbType = Guid)], CommandType='Text', CommandTimeout='30']
      SELECT CASE
          WHEN EXISTS (
              SELECT 1
              FROM [Examinations].[Examinations] AS [e]
              WHERE [e].[Id] = @examinationId AND [e].[Status] = 5) THEN CAST(1 AS bit)
          ELSE CAST(0 AS bit)
      END
info: Microsoft.EntityFrameworkCore.Database.Command[20101]
      Executed DbCommand (2ms) [Parameters=[@p0='?' (DbType = Guid), @p1='?' (Size = 500), @p2='?' (Size = 1000), @p3='?' (DbType = DateTime2), @p4='?' (Precision = 18) (Scale = 2) (DbType = Decimal), @p5='?' (DbType = Guid), @p6='?' (DbType = Guid), @p7='?' (DbType = Boolean), @p8='?' (Size = 500), @p9='?' (Precision = 18) (Scale = 2) (DbType = Decimal), @p10='?' (DbType = Guid), @p11='?' (Precision = 18) (Scale = 2) (DbType = Decimal), @p12='?' (DbType = Int32), @p13='?' (Precision = 18) (Scale = 2) (DbType = Decimal), @p14='?' (DbType = Guid), @p15='?' (DbType = Guid), @p16='?' (Precision = 18) (Scale = 2) (DbType = Decimal), @p17='?' (Precision = 18) (Scale = 2) (DbType = Decimal), @p18='?' (DbType = DateTime2), @p19='?' (DbType = DateTime2), @p20='?' (Precision = 18) (Scale = 2) (DbType = Decimal), @p21='?' (DbType = Guid), @p22='?' (Size = 200), @p23='?' (Size = 20), @p24='?' (DbType = Int32), @p25='?' (Size = 200), @p26='?' (Precision = 18) (Scale = 2) (DbType = Decimal), @p27='?' (DbType = Int32)], CommandType='Text', CommandTimeout='30']
      SET IMPLICIT_TRANSACTIONS OFF;
      SET NOCOUNT ON;
      INSERT INTO [Examinations].[ExaminationHistories] ([Id], [CancellationReason], [ClinicalIndication], [CompletedAt], [Discount], [ExaminationId], [ExaminationTypeId], [IsDiscountPercentage], [Notes], [Paid], [PerformedByUserId], [Price], [Priority], [RadiologistFee], [RadiologistId], [ReferralDoctorId], [ReferralFee], [Remaining], [ScheduledAt], [StartedAt], [TechnicianFee], [TechnicianId], [TypeBodyPart], [TypeCode], [TypeModality], [TypeName], [TypePrice], [TypeStandardDurationMinutes])
      VALUES (@p0, @p1, @p2, @p3, @p4, @p5, @p6, @p7, @p8, @p9, @p10, @p11, @p12, @p13, @p14, @p15, @p16, @p17, @p18, @p19, @p20, @p21, @p22, @p23, @p24, @p25, @p26, @p27);
info: Wolverine.Runtime.WolverineRuntime[107]
      No routes can be determined for Envelope #08def9a8-c8c1-42ef-e86a-64c9e0060000 (RadiologyCenter.Reports.Domain.Events.ReportDraftedEvent)
info: Microsoft.EntityFrameworkCore.Database.Command[20101]
      Executed DbCommand (3ms) [Parameters=[@p0='?' (DbType = Guid), @p1='?' (Size = 1000), @p2='?' (DbType = DateTime2), @p3='?' (Size = 4000), @p4='?' (DbType = Int32), @p5='?' (DbType = Guid), @p6='?' (DbType = DateTime2), @p7='?' (DbType = DateTime2), @p8='?' (Size = 4000), @p9='?' (DbType = Guid), @p10='?' (DbType = Guid), @p11='?' (DbType = Int32), @p12='?' (DbType = Guid), @p13='?' (Size = 1000), @p14='?' (DbType = DateTime2), @p15='?' (DbType = Guid), @p16='?' (DbType = Int32)], CommandType='Text', CommandTimeout='30']
      SET NOCOUNT ON;
      INSERT INTO [Reports].[RadiologyReports] ([Id], [CancelReason], [CreatedAt], [CreatedBy], [CurrentVersionNumber], [ExaminationId], [FinalizedAt], [LastModifiedAt], [LastModifiedBy], [PatientId], [RadiologistId], [Status])
      VALUES (@p0, @p1, @p2, @p3, @p4, @p5, @p6, @p7, @p8, @p9, @p10, @p11);
      INSERT INTO [Reports].[ReportVersions] ([Id], [AmendmentReason], [CreatedAt], [ReportId], [VersionNumber])
      VALUES (@p12, @p13, @p14, @p15, @p16);
warn: JasperFx.CodeGeneration.ICodeFile[0]
      Utilizing service location for Message Handler for RadiologyCenter.Reports.Application.Commands.ReportTemplates.CreateReportTemplate.CreateReportTemplateCommand for Service RadiologyCenter.Reports.Application.Abstractions.IReportTemplateRepository: 
      Dependency: Descriptor: ServiceType: RadiologyCenter.Reports.Infrastructure.Persistence.ReportsDbContext Lifetime: Scoped ImplementationType: RadiologyCenter.Reports.Infrastructure.Persistence.ReportsDbContext
      
      Dependency: Descriptor: ServiceType: Microsoft.EntityFrameworkCore.DbContextOptions`1[RadiologyCenter.Reports.Infrastructure.Persistence.ReportsDbContext] Lifetime: Scoped ImplementationFactory: Microsoft.Extensions.DependencyInjection.EntityFrameworkServiceCollectionExtensions.CreateDbContextOptions
      The service registration for Microsoft.EntityFrameworkCore.DbContextOptions<RadiologyCenter.Reports.Infrastructure.Persistence.ReportsDbContext> is an 'opaque' lambda factory with the Scoped lifetime and requires service location
      
      . This will throw in Wolverine 6.0 when ServiceLocationPolicy.NotAllowed becomes the default. See https://wolverinefx.net/guide/codegen.html
warn: JasperFx.CodeGeneration.ICodeFile[0]
      Utilizing service location for Message Handler for RadiologyCenter.Reports.Application.Commands.ReportTemplates.CreateReportTemplate.CreateReportTemplateCommand for Service RadiologyCenter.Reports.Application.Abstractions.IReportsUnitOfWork: 
      Dependency: Descriptor: ServiceType: RadiologyCenter.Reports.Infrastructure.Persistence.ReportsDbContext Lifetime: Scoped ImplementationType: RadiologyCenter.Reports.Infrastructure.Persistence.ReportsDbContext
      
      Dependency: Descriptor: ServiceType: Microsoft.EntityFrameworkCore.DbContextOptions`1[RadiologyCenter.Reports.Infrastructure.Persistence.ReportsDbContext] Lifetime: Scoped ImplementationFactory: Microsoft.Extensions.DependencyInjection.EntityFrameworkServiceCollectionExtensions.CreateDbContextOptions
      The service registration for Microsoft.EntityFrameworkCore.DbContextOptions<RadiologyCenter.Reports.Infrastructure.Persistence.ReportsDbContext> is an 'opaque' lambda factory with the Scoped lifetime and requires service location
      
      . This will throw in Wolverine 6.0 when ServiceLocationPolicy.NotAllowed becomes the default. See https://wolverinefx.net/guide/codegen.html
info: Microsoft.EntityFrameworkCore.Database.Command[20101]
      Executed DbCommand (2ms) [Parameters=[@name='?' (Size = 200)], CommandType='Text', CommandTimeout='30']
      SELECT CASE
          WHEN EXISTS (
              SELECT 1
              FROM [Reports].[ReportTemplates] AS [r]
              WHERE [r].[IsDeleted] = CAST(0 AS bit) AND [r].[Name] = @name) THEN CAST(1 AS bit)
          ELSE CAST(0 AS bit)
      END
info: Microsoft.EntityFrameworkCore.Database.Command[20101]
      Executed DbCommand (2ms) [Parameters=[@p0='?' (DbType = Guid), @p1='?' (Size = 200), @p2='?' (DbType = DateTime2), @p3='?' (Size = 4000), @p4='?' (DbType = DateTime2), @p5='?' (Size = 4000), @p6='?' (Size = 1000), @p7='?' (DbType = Boolean), @p8='?' (DbType = Boolean), @p9='?' (DbType = Boolean), @p10='?' (DbType = DateTime2), @p11='?' (Size = 4000), @p12='?' (DbType = Int32), @p13='?' (Size = 200), @p14='?' (DbType = Int32)], CommandType='Text', CommandTimeout='30']
      SET IMPLICIT_TRANSACTIONS OFF;
      SET NOCOUNT ON;
      INSERT INTO [Reports].[ReportTemplates] ([Id], [BodyPart], [CreatedAt], [CreatedBy], [DeletedAt], [DeletedBy], [Description], [IsActive], [IsDeleted], [IsSystem], [LastModifiedAt], [LastModifiedBy], [Modality], [Name], [UseCount])
      VALUES (@p0, @p1, @p2, @p3, @p4, @p5, @p6, @p7, @p8, @p9, @p10, @p11, @p12, @p13, @p14);
warn: JasperFx.CodeGeneration.ICodeFile[0]
      Utilizing service location for Message Handler for RadiologyCenter.Reports.Application.Queries.GetReportTemplateById.GetReportTemplateByIdQuery for Service RadiologyCenter.Reports.Application.Abstractions.IReportTemplateRepository: 
      Dependency: Descriptor: ServiceType: RadiologyCenter.Reports.Infrastructure.Persistence.ReportsDbContext Lifetime: Scoped ImplementationType: RadiologyCenter.Reports.Infrastructure.Persistence.ReportsDbContext
      
      Dependency: Descriptor: ServiceType: Microsoft.EntityFrameworkCore.DbContextOptions`1[RadiologyCenter.Reports.Infrastructure.Persistence.ReportsDbContext] Lifetime: Scoped ImplementationFactory: Microsoft.Extensions.DependencyInjection.EntityFrameworkServiceCollectionExtensions.CreateDbContextOptions
      The service registration for Microsoft.EntityFrameworkCore.DbContextOptions<RadiologyCenter.Reports.Infrastructure.Persistence.ReportsDbContext> is an 'opaque' lambda factory with the Scoped lifetime and requires service location
      
      . This will throw in Wolverine 6.0 when ServiceLocationPolicy.NotAllowed becomes the default. See https://wolverinefx.net/guide/codegen.html
info: Microsoft.EntityFrameworkCore.Database.Command[20101]
      Executed DbCommand (3ms) [Parameters=[@id='?' (DbType = Guid)], CommandType='Text', CommandTimeout='30']
      SELECT [r1].[Id], [r1].[BodyPart], [r1].[CreatedAt], [r1].[CreatedBy], [r1].[DeletedAt], [r1].[DeletedBy], [r1].[Description], [r1].[IsActive], [r1].[IsDeleted], [r1].[IsSystem], [r1].[LastModifiedAt], [r1].[LastModifiedBy], [r1].[Modality], [r1].[Name], [r1].[UseCount], [r0].[Id], [r0].[Body], [r0].[IsLocked], [r0].[Position], [r0].[ReportTemplateId], [r0].[SectionType], [r0].[Title]
      FROM (
          SELECT TOP(1) [r].[Id], [r].[BodyPart], [r].[CreatedAt], [r].[CreatedBy], [r].[DeletedAt], [r].[DeletedBy], [r].[Description], [r].[IsActive], [r].[IsDeleted], [r].[IsSystem], [r].[LastModifiedAt], [r].[LastModifiedBy], [r].[Modality], [r].[Name], [r].[UseCount]
          FROM [Reports].[ReportTemplates] AS [r]
          WHERE [r].[IsDeleted] = CAST(0 AS bit) AND [r].[Id] = @id
      ) AS [r1]
      LEFT JOIN [Reports].[ReportTemplateSections] AS [r0] ON [r1].[Id] = [r0].[ReportTemplateId]
      ORDER BY [r1].[Id]
warn: JasperFx.CodeGeneration.ICodeFile[0]
      Utilizing service location for Message Handler for RadiologyCenter.Insurance.Application.Commands.Companies.CreateInsuranceCompany.CreateInsuranceCompanyCommand for Service RadiologyCenter.Insurance.Application.Abstractions.IInsuranceCompanyRepository: 
      Dependency: Descriptor: ServiceType: RadiologyCenter.Insurance.Infrastructure.Persistence.InsuranceDbContext Lifetime: Scoped ImplementationType: RadiologyCenter.Insurance.Infrastructure.Persistence.InsuranceDbContext
      
      Dependency: Descriptor: ServiceType: Microsoft.EntityFrameworkCore.DbContextOptions`1[RadiologyCenter.Insurance.Infrastructure.Persistence.InsuranceDbContext] Lifetime: Scoped ImplementationFactory: Microsoft.Extensions.DependencyInjection.EntityFrameworkServiceCollectionExtensions.CreateDbContextOptions
      The service registration for Microsoft.EntityFrameworkCore.DbContextOptions<RadiologyCenter.Insurance.Infrastructure.Persistence.InsuranceDbContext> is an 'opaque' lambda factory with the Scoped lifetime and requires service location
      
      . This will throw in Wolverine 6.0 when ServiceLocationPolicy.NotAllowed becomes the default. See https://wolverinefx.net/guide/codegen.html
warn: JasperFx.CodeGeneration.ICodeFile[0]
      Utilizing service location for Message Handler for RadiologyCenter.Insurance.Application.Commands.Companies.CreateInsuranceCompany.CreateInsuranceCompanyCommand for Service RadiologyCenter.Insurance.Application.Abstractions.IInsuranceUnitOfWork: 
      Dependency: Descriptor: ServiceType: RadiologyCenter.Insurance.Infrastructure.Persistence.InsuranceDbContext Lifetime: Scoped ImplementationType: RadiologyCenter.Insurance.Infrastructure.Persistence.InsuranceDbContext
      
      Dependency: Descriptor: ServiceType: Microsoft.EntityFrameworkCore.DbContextOptions`1[RadiologyCenter.Insurance.Infrastructure.Persistence.InsuranceDbContext] Lifetime: Scoped ImplementationFactory: Microsoft.Extensions.DependencyInjection.EntityFrameworkServiceCollectionExtensions.CreateDbContextOptions
      The service registration for Microsoft.EntityFrameworkCore.DbContextOptions<RadiologyCenter.Insurance.Infrastructure.Persistence.InsuranceDbContext> is an 'opaque' lambda factory with the Scoped lifetime and requires service location
      
      . This will throw in Wolverine 6.0 when ServiceLocationPolicy.NotAllowed becomes the default. See https://wolverinefx.net/guide/codegen.html
info: Microsoft.EntityFrameworkCore.Database.Command[20101]
      Executed DbCommand (2ms) [Parameters=[@name='?' (Size = 200)], CommandType='Text', CommandTimeout='30']
      SELECT TOP(1) [i].[Id], [i].[Address], [i].[CreatedAt], [i].[CreatedBy], [i].[DeletedAt], [i].[DeletedBy], [i].[Email], [i].[IsDeleted], [i].[LastModifiedAt], [i].[LastModifiedBy], [i].[Name], [i].[Phone], [i].[TaxId]
      FROM [Insurance].[InsuranceCompanies] AS [i]
      WHERE [i].[IsDeleted] = CAST(0 AS bit) AND [i].[Name] = @name
info: Microsoft.EntityFrameworkCore.Database.Command[20101]
      Executed DbCommand (2ms) [Parameters=[@p0='?' (DbType = Guid), @p1='?' (Size = 500), @p2='?' (DbType = DateTime2), @p3='?' (Size = 4000), @p4='?' (DbType = DateTime2), @p5='?' (Size = 4000), @p6='?' (Size = 200), @p7='?' (DbType = Boolean), @p8='?' (DbType = DateTime2), @p9='?' (Size = 4000), @p10='?' (Size = 200), @p11='?' (Size = 50), @p12='?' (Size = 50)], CommandType='Text', CommandTimeout='30']
      SET IMPLICIT_TRANSACTIONS OFF;
      SET NOCOUNT ON;
      INSERT INTO [Insurance].[InsuranceCompanies] ([Id], [Address], [CreatedAt], [CreatedBy], [DeletedAt], [DeletedBy], [Email], [IsDeleted], [LastModifiedAt], [LastModifiedBy], [Name], [Phone], [TaxId])
      VALUES (@p0, @p1, @p2, @p3, @p4, @p5, @p6, @p7, @p8, @p9, @p10, @p11, @p12);
warn: JasperFx.CodeGeneration.ICodeFile[0]
      Utilizing service location for Message Handler for RadiologyCenter.Insurance.Application.Commands.Policies.CreateInsurancePolicy.CreateInsurancePolicyCommand for Service RadiologyCenter.Insurance.Application.Abstractions.IInsuranceCompanyRepository: 
      Dependency: Descriptor: ServiceType: RadiologyCenter.Insurance.Infrastructure.Persistence.InsuranceDbContext Lifetime: Scoped ImplementationType: RadiologyCenter.Insurance.Infrastructure.Persistence.InsuranceDbContext
      
      Dependency: Descriptor: ServiceType: Microsoft.EntityFrameworkCore.DbContextOptions`1[RadiologyCenter.Insurance.Infrastructure.Persistence.InsuranceDbContext] Lifetime: Scoped ImplementationFactory: Microsoft.Extensions.DependencyInjection.EntityFrameworkServiceCollectionExtensions.CreateDbContextOptions
      The service registration for Microsoft.EntityFrameworkCore.DbContextOptions<RadiologyCenter.Insurance.Infrastructure.Persistence.InsuranceDbContext> is an 'opaque' lambda factory with the Scoped lifetime and requires service location
      
      . This will throw in Wolverine 6.0 when ServiceLocationPolicy.NotAllowed becomes the default. See https://wolverinefx.net/guide/codegen.html
warn: JasperFx.CodeGeneration.ICodeFile[0]
      Utilizing service location for Message Handler for RadiologyCenter.Insurance.Application.Commands.Policies.CreateInsurancePolicy.CreateInsurancePolicyCommand for Service RadiologyCenter.Insurance.Application.Abstractions.IInsurancePolicyRepository: 
      Dependency: Descriptor: ServiceType: RadiologyCenter.Insurance.Infrastructure.Persistence.InsuranceDbContext Lifetime: Scoped ImplementationType: RadiologyCenter.Insurance.Infrastructure.Persistence.InsuranceDbContext
      
      Dependency: Descriptor: ServiceType: Microsoft.EntityFrameworkCore.DbContextOptions`1[RadiologyCenter.Insurance.Infrastructure.Persistence.InsuranceDbContext] Lifetime: Scoped ImplementationFactory: Microsoft.Extensions.DependencyInjection.EntityFrameworkServiceCollectionExtensions.CreateDbContextOptions
      The service registration for Microsoft.EntityFrameworkCore.DbContextOptions<RadiologyCenter.Insurance.Infrastructure.Persistence.InsuranceDbContext> is an 'opaque' lambda factory with the Scoped lifetime and requires service location
      
      . This will throw in Wolverine 6.0 when ServiceLocationPolicy.NotAllowed becomes the default. See https://wolverinefx.net/guide/codegen.html
warn: JasperFx.CodeGeneration.ICodeFile[0]
      Utilizing service location for Message Handler for RadiologyCenter.Insurance.Application.Commands.Policies.CreateInsurancePolicy.CreateInsurancePolicyCommand for Service RadiologyCenter.Insurance.Application.Abstractions.IInsuranceUnitOfWork: 
      Dependency: Descriptor: ServiceType: RadiologyCenter.Insurance.Infrastructure.Persistence.InsuranceDbContext Lifetime: Scoped ImplementationType: RadiologyCenter.Insurance.Infrastructure.Persistence.InsuranceDbContext
      
      Dependency: Descriptor: ServiceType: Microsoft.EntityFrameworkCore.DbContextOptions`1[RadiologyCenter.Insurance.Infrastructure.Persistence.InsuranceDbContext] Lifetime: Scoped ImplementationFactory: Microsoft.Extensions.DependencyInjection.EntityFrameworkServiceCollectionExtensions.CreateDbContextOptions
      The service registration for Microsoft.EntityFrameworkCore.DbContextOptions<RadiologyCenter.Insurance.Infrastructure.Persistence.InsuranceDbContext> is an 'opaque' lambda factory with the Scoped lifetime and requires service location
      
      . This will throw in Wolverine 6.0 when ServiceLocationPolicy.NotAllowed becomes the default. See https://wolverinefx.net/guide/codegen.html
info: Microsoft.EntityFrameworkCore.Database.Command[20101]
      Executed DbCommand (1ms) [Parameters=[@p='?' (DbType = Guid)], CommandType='Text', CommandTimeout='30']
      SELECT TOP(1) [i].[Id], [i].[Address], [i].[CreatedAt], [i].[CreatedBy], [i].[DeletedAt], [i].[DeletedBy], [i].[Email], [i].[IsDeleted], [i].[LastModifiedAt], [i].[LastModifiedBy], [i].[Name], [i].[Phone], [i].[TaxId]
      FROM [Insurance].[InsuranceCompanies] AS [i]
      WHERE [i].[IsDeleted] = CAST(0 AS bit) AND [i].[Id] = @p
info: Microsoft.EntityFrameworkCore.Database.Command[20101]
      Executed DbCommand (3ms) [Parameters=[@policyNumber='?' (Size = 100)], CommandType='Text', CommandTimeout='30']
      SELECT CASE
          WHEN EXISTS (
              SELECT 1
              FROM [Insurance].[InsurancePolicies] AS [i]
              WHERE [i].[PolicyNumber] = @policyNumber) THEN CAST(1 AS bit)
          ELSE CAST(0 AS bit)
      END
info: Microsoft.EntityFrameworkCore.Database.Command[20101]
      Executed DbCommand (2ms) [Parameters=[@p0='?' (DbType = Guid), @p1='?' (DbType = Guid), @p2='?' (Precision = 18) (Scale = 2) (DbType = Decimal), @p3='?' (DbType = DateTime2), @p4='?' (Size = 4000), @p5='?' (DbType = DateTime2), @p6='?' (DbType = DateTime2), @p7='?' (DbType = Boolean), @p8='?' (DbType = DateTime2), @p9='?' (Size = 4000), @p10='?' (DbType = Guid), @p11='?' (Size = 100), @p12='?' (DbType = Int32)], CommandType='Text', CommandTimeout='30']
      SET IMPLICIT_TRANSACTIONS OFF;
      SET NOCOUNT ON;
      INSERT INTO [Insurance].[InsurancePolicies] ([Id], [CompanyId], [CoveragePercent], [CreatedAt], [CreatedBy], [EffectiveFrom], [EffectiveTo], [IsGovernment], [LastModifiedAt], [LastModifiedBy], [PatientId], [PolicyNumber], [Status])
      VALUES (@p0, @p1, @p2, @p3, @p4, @p5, @p6, @p7, @p8, @p9, @p10, @p11, @p12);
info: Microsoft.EntityFrameworkCore.Database.Command[20101]
      Executed DbCommand (1ms) [Parameters=[@p='?' (DbType = Guid)], CommandType='Text', CommandTimeout='30']
      SELECT TOP(1) [i].[Id], [i].[Address], [i].[CreatedAt], [i].[CreatedBy], [i].[DeletedAt], [i].[DeletedBy], [i].[Email], [i].[IsDeleted], [i].[LastModifiedAt], [i].[LastModifiedBy], [i].[Name], [i].[Phone], [i].[TaxId]
      FROM [Insurance].[InsuranceCompanies] AS [i]
      WHERE [i].[IsDeleted] = CAST(0 AS bit) AND [i].[Id] = @p
info: Microsoft.EntityFrameworkCore.Database.Command[20101]
      Executed DbCommand (0ms) [Parameters=[@policyNumber='?' (Size = 100)], CommandType='Text', CommandTimeout='30']
      SELECT CASE
          WHEN EXISTS (
              SELECT 1
              FROM [Insurance].[InsurancePolicies] AS [i]
              WHERE [i].[PolicyNumber] = @policyNumber) THEN CAST(1 AS bit)
          ELSE CAST(0 AS bit)
      END
info: Microsoft.EntityFrameworkCore.Database.Command[20101]
      Executed DbCommand (1ms) [Parameters=[@p0='?' (DbType = Guid), @p1='?' (DbType = Guid), @p2='?' (Precision = 18) (Scale = 2) (DbType = Decimal), @p3='?' (DbType = DateTime2), @p4='?' (Size = 4000), @p5='?' (DbType = DateTime2), @p6='?' (DbType = DateTime2), @p7='?' (DbType = Boolean), @p8='?' (DbType = DateTime2), @p9='?' (Size = 4000), @p10='?' (DbType = Guid), @p11='?' (Size = 100), @p12='?' (DbType = Int32)], CommandType='Text', CommandTimeout='30']
      SET IMPLICIT_TRANSACTIONS OFF;
      SET NOCOUNT ON;
      INSERT INTO [Insurance].[InsurancePolicies] ([Id], [CompanyId], [CoveragePercent], [CreatedAt], [CreatedBy], [EffectiveFrom], [EffectiveTo], [IsGovernment], [LastModifiedAt], [LastModifiedBy], [PatientId], [PolicyNumber], [Status])
      VALUES (@p0, @p1, @p2, @p3, @p4, @p5, @p6, @p7, @p8, @p9, @p10, @p11, @p12);
info: Wolverine.Runtime.WolverineRuntime[107]
      No routes can be determined for Envelope #08def9a8-c961-0e91-e86a-64c9e0060000 (RadiologyCenter.Patients.Domain.Events.PatientRegisteredEvent)
info: Microsoft.EntityFrameworkCore.Database.Command[20101]
      Executed DbCommand (2ms) [Parameters=[@p0='?' (DbType = Guid), @p1='?' (Size = 300), @p2='?' (DbType = Int32), @p3='?' (Size = 1000), @p4='?' (DbType = Int32), @p5='?' (DbType = DateTime2), @p6='?' (Size = 4000), @p7='?' (DbType = DateTime2), @p8='?' (DbType = DateTime2), @p9='?' (Size = 4000), @p10='?' (Size = 200), @p11='?' (Size = 100), @p12='?' (DbType = Int32), @p13='?' (DbType = Boolean), @p14='?' (DbType = Boolean), @p15='?' (DbType = DateTime2), @p16='?' (Size = 4000), @p17='?' (Size = 100), @p18='?' (Size = 2000), @p19='?' (Size = 100), @p20='?' (Size = 50), @p21='?' (Size = 20), @p22='?' (Size = 30), @p23='?' (Size = 200)], CommandType='Text', CommandTimeout='30']
      SET IMPLICIT_TRANSACTIONS OFF;
      SET NOCOUNT ON;
      INSERT INTO [Patients].[Patients] ([Id], [Address], [Age], [Allergies], [BloodType], [CreatedAt], [CreatedBy], [DateOfBirth], [DeletedAt], [DeletedBy], [Email], [FirstName], [Gender], [IsActive], [IsDeleted], [LastModifiedAt], [LastModifiedBy], [LastName], [MedicalHistory], [MiddleName], [NationalId], [PatientCode], [PhoneNumber], [ReferringPhysician])
      VALUES (@p0, @p1, @p2, @p3, @p4, @p5, @p6, @p7, @p8, @p9, @p10, @p11, @p12, @p13, @p14, @p15, @p16, @p17, @p18, @p19, @p20, @p21, @p22, @p23);
info: Microsoft.EntityFrameworkCore.Database.Command[20101]
      Executed DbCommand (0ms) [Parameters=[@id='?' (DbType = Guid)], CommandType='Text', CommandTimeout='30']
      SELECT [e1].[Id], [e1].[BodyPart], [e1].[Code], [e1].[CreatedAt], [e1].[CreatedBy], [e1].[DeletedAt], [e1].[DeletedBy], [e1].[IsActive], [e1].[IsDeleted], [e1].[LastModifiedAt], [e1].[LastModifiedBy], [e1].[Modality], [e1].[Name], [e1].[Price], [e1].[RequiresConsent], [e1].[RequiresPreparation], [e1].[StandardDurationMinutes], [e0].[Id], [e0].[ExaminationTypeId], [e0].[IsContrast], [e0].[IsRequired], [e0].[ItemId], [e0].[Notes], [e0].[Quantity]
      FROM (
          SELECT TOP(1) [e].[Id], [e].[BodyPart], [e].[Code], [e].[CreatedAt], [e].[CreatedBy], [e].[DeletedAt], [e].[DeletedBy], [e].[IsActive], [e].[IsDeleted], [e].[LastModifiedAt], [e].[LastModifiedBy], [e].[Modality], [e].[Name], [e].[Price], [e].[RequiresConsent], [e].[RequiresPreparation], [e].[StandardDurationMinutes]
          FROM [Examinations].[ExaminationTypes] AS [e]
          WHERE [e].[IsDeleted] = CAST(0 AS bit) AND [e].[Id] = @id
      ) AS [e1]
      LEFT JOIN [Examinations].[ExaminationTypeItems] AS [e0] ON [e1].[Id] = [e0].[ExaminationTypeId]
      ORDER BY [e1].[Id]
info: Wolverine.Runtime.WolverineRuntime[107]
      No routes can be determined for Envelope #08def9a8-c962-4516-e86a-64c9e0060000 (RadiologyCenter.Examinations.Domain.Events.ExaminationCreatedEvent)
info: Microsoft.EntityFrameworkCore.Database.Command[20101]
      Executed DbCommand (1ms) [Parameters=[@p0='?' (DbType = Guid), @p1='?' (Size = 500), @p2='?' (Size = 1000), @p3='?' (DbType = DateTime2), @p4='?' (DbType = DateTime2), @p5='?' (Size = 4000), @p6='?' (Precision = 18) (Scale = 2) (DbType = Decimal), @p7='?' (DbType = Guid), @p8='?' (DbType = Boolean), @p9='?' (DbType = DateTime2), @p10='?' (Size = 4000), @p11='?' (Size = 500), @p12='?' (Precision = 18) (Scale = 2) (DbType = Decimal), @p13='?' (DbType = Guid), @p14='?' (DbType = Guid), @p15='?' (Precision = 18) (Scale = 2) (DbType = Decimal), @p16='?' (DbType = Int32), @p17='?' (DbType = Guid), @p18='?' (DbType = Guid), @p19='?' (Precision = 18) (Scale = 2) (DbType = Decimal), @p20='?' (DbType = DateTime2), @p21='?' (DbType = DateTime2), @p22='?' (DbType = Int32), @p23='?' (DbType = Guid)], CommandType='Text', CommandTimeout='30']
      SET IMPLICIT_TRANSACTIONS OFF;
      SET NOCOUNT ON;
      INSERT INTO [Examinations].[Examinations] ([Id], [CancellationReason], [ClinicalIndication], [CompletedAt], [CreatedAt], [CreatedBy], [Discount], [ExaminationTypeId], [IsDiscountPercentage], [LastModifiedAt], [LastModifiedBy], [Notes], [Paid], [PatientId], [PerformedByUserId], [Price], [Priority], [RadiologistId], [ReferralDoctorId], [Remaining], [ScheduledAt], [StartedAt], [Status], [TechnicianId])
      VALUES (@p0, @p1, @p2, @p3, @p4, @p5, @p6, @p7, @p8, @p9, @p10, @p11, @p12, @p13, @p14, @p15, @p16, @p17, @p18, @p19, @p20, @p21, @p22, @p23);
warn: JasperFx.CodeGeneration.ICodeFile[0]
      Utilizing service location for Message Handler for RadiologyCenter.Insurance.Application.Commands.PreAuthorizations.CreatePreAuthorization.CreatePreAuthorizationCommand for Service RadiologyCenter.Insurance.Application.Abstractions.IInsurancePolicyRepository: 
      Dependency: Descriptor: ServiceType: RadiologyCenter.Insurance.Infrastructure.Persistence.InsuranceDbContext Lifetime: Scoped ImplementationType: RadiologyCenter.Insurance.Infrastructure.Persistence.InsuranceDbContext
      
      Dependency: Descriptor: ServiceType: Microsoft.EntityFrameworkCore.DbContextOptions`1[RadiologyCenter.Insurance.Infrastructure.Persistence.InsuranceDbContext] Lifetime: Scoped ImplementationFactory: Microsoft.Extensions.DependencyInjection.EntityFrameworkServiceCollectionExtensions.CreateDbContextOptions
      The service registration for Microsoft.EntityFrameworkCore.DbContextOptions<RadiologyCenter.Insurance.Infrastructure.Persistence.InsuranceDbContext> is an 'opaque' lambda factory with the Scoped lifetime and requires service location
      
      . This will throw in Wolverine 6.0 when ServiceLocationPolicy.NotAllowed becomes the default. See https://wolverinefx.net/guide/codegen.html
warn: JasperFx.CodeGeneration.ICodeFile[0]
      Utilizing service location for Message Handler for RadiologyCenter.Insurance.Application.Commands.PreAuthorizations.CreatePreAuthorization.CreatePreAuthorizationCommand for Service RadiologyCenter.Insurance.Application.Abstractions.IPreAuthorizationRepository: 
      Dependency: Descriptor: ServiceType: RadiologyCenter.Insurance.Infrastructure.Persistence.InsuranceDbContext Lifetime: Scoped ImplementationType: RadiologyCenter.Insurance.Infrastructure.Persistence.InsuranceDbContext
      
      Dependency: Descriptor: ServiceType: Microsoft.EntityFrameworkCore.DbContextOptions`1[RadiologyCenter.Insurance.Infrastructure.Persistence.InsuranceDbContext] Lifetime: Scoped ImplementationFactory: Microsoft.Extensions.DependencyInjection.EntityFrameworkServiceCollectionExtensions.CreateDbContextOptions
      The service registration for Microsoft.EntityFrameworkCore.DbContextOptions<RadiologyCenter.Insurance.Infrastructure.Persistence.InsuranceDbContext> is an 'opaque' lambda factory with the Scoped lifetime and requires service location
      
      . This will throw in Wolverine 6.0 when ServiceLocationPolicy.NotAllowed becomes the default. See https://wolverinefx.net/guide/codegen.html
warn: JasperFx.CodeGeneration.ICodeFile[0]
      Utilizing service location for Message Handler for RadiologyCenter.Insurance.Application.Commands.PreAuthorizations.CreatePreAuthorization.CreatePreAuthorizationCommand for Service RadiologyCenter.Insurance.Application.Abstractions.IClaimRepository: 
      Dependency: Descriptor: ServiceType: RadiologyCenter.Insurance.Infrastructure.Persistence.InsuranceDbContext Lifetime: Scoped ImplementationType: RadiologyCenter.Insurance.Infrastructure.Persistence.InsuranceDbContext
      
      Dependency: Descriptor: ServiceType: Microsoft.EntityFrameworkCore.DbContextOptions`1[RadiologyCenter.Insurance.Infrastructure.Persistence.InsuranceDbContext] Lifetime: Scoped ImplementationFactory: Microsoft.Extensions.DependencyInjection.EntityFrameworkServiceCollectionExtensions.CreateDbContextOptions
      The service registration for Microsoft.EntityFrameworkCore.DbContextOptions<RadiologyCenter.Insurance.Infrastructure.Persistence.InsuranceDbContext> is an 'opaque' lambda factory with the Scoped lifetime and requires service location
      
      . This will throw in Wolverine 6.0 when ServiceLocationPolicy.NotAllowed becomes the default. See https://wolverinefx.net/guide/codegen.html
warn: JasperFx.CodeGeneration.ICodeFile[0]
      Utilizing service location for Message Handler for RadiologyCenter.Insurance.Application.Commands.PreAuthorizations.CreatePreAuthorization.CreatePreAuthorizationCommand for Service RadiologyCenter.Insurance.Application.Abstractions.IInsuranceUnitOfWork: 
      Dependency: Descriptor: ServiceType: RadiologyCenter.Insurance.Infrastructure.Persistence.InsuranceDbContext Lifetime: Scoped ImplementationType: RadiologyCenter.Insurance.Infrastructure.Persistence.InsuranceDbContext
      
      Dependency: Descriptor: ServiceType: Microsoft.EntityFrameworkCore.DbContextOptions`1[RadiologyCenter.Insurance.Infrastructure.Persistence.InsuranceDbContext] Lifetime: Scoped ImplementationFactory: Microsoft.Extensions.DependencyInjection.EntityFrameworkServiceCollectionExtensions.CreateDbContextOptions
      The service registration for Microsoft.EntityFrameworkCore.DbContextOptions<RadiologyCenter.Insurance.Infrastructure.Persistence.InsuranceDbContext> is an 'opaque' lambda factory with the Scoped lifetime and requires service location
      
      . This will throw in Wolverine 6.0 when ServiceLocationPolicy.NotAllowed becomes the default. See https://wolverinefx.net/guide/codegen.html
info: Microsoft.EntityFrameworkCore.Database.Command[20101]
      Executed DbCommand (1ms) [Parameters=[@p='?' (DbType = Guid)], CommandType='Text', CommandTimeout='30']
      SELECT TOP(1) [i].[Id], [i].[CompanyId], [i].[CoveragePercent], [i].[CreatedAt], [i].[CreatedBy], [i].[EffectiveFrom], [i].[EffectiveTo], [i].[IsGovernment], [i].[LastModifiedAt], [i].[LastModifiedBy], [i].[PatientId], [i].[PolicyNumber], [i].[Status]
      FROM [Insurance].[InsurancePolicies] AS [i]
      WHERE [i].[Id] = @p
info: Microsoft.EntityFrameworkCore.Database.Command[20101]
      Executed DbCommand (3ms) [Parameters=[@examinationId='?' (DbType = Guid)], CommandType='Text', CommandTimeout='30']
      SELECT [p1].[Id], [p1].[ApprovedAmount], [p1].[CreatedAt], [p1].[CreatedBy], [p1].[DecidedAt], [p1].[EstimatedAmount], [p1].[ExaminationId], [p1].[IsGovernment], [p1].[LastModifiedAt], [p1].[LastModifiedBy], [p1].[PatientId], [p1].[PolicyId], [p1].[RejectionReason], [p1].[RequestedAt], [p1].[Status], [p0].[Id], [p0].[ContentType], [p0].[FileName], [p0].[PreAuthorizationId], [p0].[SizeInBytes], [p0].[StoredPath], [p0].[Type], [p0].[UploadedAt]
      FROM (
          SELECT TOP(1) [p].[Id], [p].[ApprovedAmount], [p].[CreatedAt], [p].[CreatedBy], [p].[DecidedAt], [p].[EstimatedAmount], [p].[ExaminationId], [p].[IsGovernment], [p].[LastModifiedAt], [p].[LastModifiedBy], [p].[PatientId], [p].[PolicyId], [p].[RejectionReason], [p].[RequestedAt], [p].[Status]
          FROM [Insurance].[PreAuthorizations] AS [p]
          WHERE [p].[ExaminationId] = @examinationId
      ) AS [p1]
      LEFT JOIN [Insurance].[PreAuthorizationDocuments] AS [p0] ON [p1].[Id] = [p0].[PreAuthorizationId]
      ORDER BY [p1].[Id]
warn: Microsoft.EntityFrameworkCore.Query[20504]
      Compiling a query which loads related collections for more than one collection navigation, either via 'Include' or through projection, but no 'QuerySplittingBehavior' has been configured. By default, Entity Framework will use 'QuerySplittingBehavior.SingleQuery', which can potentially result in slow query performance. See https://go.microsoft.com/fwlink/?linkid=2134277 for more information. To identify the query that's triggering this warning call 'ConfigureWarnings(w => w.Throw(RelationalEventId.MultipleCollectionIncludeWarning))'.
info: Microsoft.EntityFrameworkCore.Database.Command[20101]
      Executed DbCommand (4ms) [Parameters=[@examinationId='?' (DbType = Guid)], CommandType='Text', CommandTimeout='30']
      SELECT [c1].[Id], [c1].[ApprovedAt], [c1].[BilledAmount], [c1].[CreatedAt], [c1].[CreatedBy], [c1].[ExaminationId], [c1].[LastModifiedAt], [c1].[LastModifiedBy], [c1].[PaidAt], [c1].[PatientId], [c1].[PatientShare], [c1].[PayerShare], [c1].[PolicyId], [c1].[PreAuthorizationId], [c1].[RowVersion], [c1].[Status], [c1].[SubmittedAt], [s].[Id], [s].[Amount], [s].[ClaimId], [s].[Method], [s].[Reference], [s].[SettledAt], [c0].[Id], [c0].[ClaimId], [c0].[Code], [c0].[Reason], [c0].[RejectedAt]
      FROM (
          SELECT TOP(1) [c].[Id], [c].[ApprovedAt], [c].[BilledAmount], [c].[CreatedAt], [c].[CreatedBy], [c].[ExaminationId], [c].[LastModifiedAt], [c].[LastModifiedBy], [c].[PaidAt], [c].[PatientId], [c].[PatientShare], [c].[PayerShare], [c].[PolicyId], [c].[PreAuthorizationId], [c].[RowVersion], [c].[Status], [c].[SubmittedAt]
          FROM [Insurance].[Claims] AS [c]
          WHERE [c].[ExaminationId] = @examinationId
      ) AS [c1]
      LEFT JOIN [Insurance].[Settlements] AS [s] ON [c1].[Id] = [s].[ClaimId]
      LEFT JOIN [Insurance].[ClaimRejections] AS [c0] ON [c1].[Id] = [c0].[ClaimId]
      ORDER BY [c1].[Id], [s].[Id]
info: Microsoft.EntityFrameworkCore.Database.Command[20101]
      Executed DbCommand (2ms) [Parameters=[@p0='?' (DbType = Guid), @p1='?' (Precision = 18) (Scale = 2) (DbType = Decimal), @p2='?' (DbType = DateTime2), @p3='?' (Size = 4000), @p4='?' (DbType = DateTime2), @p5='?' (Precision = 18) (Scale = 2) (DbType = Decimal), @p6='?' (DbType = Guid), @p7='?' (DbType = Boolean), @p8='?' (DbType = DateTime2), @p9='?' (Size = 4000), @p10='?' (DbType = Guid), @p11='?' (DbType = Guid), @p12='?' (Size = 1000), @p13='?' (DbType = DateTime2), @p14='?' (DbType = Int32)], CommandType='Text', CommandTimeout='30']
      SET IMPLICIT_TRANSACTIONS OFF;
      SET NOCOUNT ON;
      INSERT INTO [Insurance].[PreAuthorizations] ([Id], [ApprovedAmount], [CreatedAt], [CreatedBy], [DecidedAt], [EstimatedAmount], [ExaminationId], [IsGovernment], [LastModifiedAt], [LastModifiedBy], [PatientId], [PolicyId], [RejectionReason], [RequestedAt], [Status])
      VALUES (@p0, @p1, @p2, @p3, @p4, @p5, @p6, @p7, @p8, @p9, @p10, @p11, @p12, @p13, @p14);
warn: JasperFx.CodeGeneration.ICodeFile[0]
      Utilizing service location for Message Handler for RadiologyCenter.Insurance.Application.Commands.PreAuthorizations.DecidePreAuthorization.DecidePreAuthorizationCommand for Service RadiologyCenter.Insurance.Application.Abstractions.IPreAuthorizationRepository: 
      Dependency: Descriptor: ServiceType: RadiologyCenter.Insurance.Infrastructure.Persistence.InsuranceDbContext Lifetime: Scoped ImplementationType: RadiologyCenter.Insurance.Infrastructure.Persistence.InsuranceDbContext
      
      Dependency: Descriptor: ServiceType: Microsoft.EntityFrameworkCore.DbContextOptions`1[RadiologyCenter.Insurance.Infrastructure.Persistence.InsuranceDbContext] Lifetime: Scoped ImplementationFactory: Microsoft.Extensions.DependencyInjection.EntityFrameworkServiceCollectionExtensions.CreateDbContextOptions
      The service registration for Microsoft.EntityFrameworkCore.DbContextOptions<RadiologyCenter.Insurance.Infrastructure.Persistence.InsuranceDbContext> is an 'opaque' lambda factory with the Scoped lifetime and requires service location
      
      . This will throw in Wolverine 6.0 when ServiceLocationPolicy.NotAllowed becomes the default. See https://wolverinefx.net/guide/codegen.html
warn: JasperFx.CodeGeneration.ICodeFile[0]
      Utilizing service location for Message Handler for RadiologyCenter.Insurance.Application.Commands.PreAuthorizations.DecidePreAuthorization.DecidePreAuthorizationCommand for Service RadiologyCenter.Insurance.Application.Abstractions.IInsuranceUnitOfWork: 
      Dependency: Descriptor: ServiceType: RadiologyCenter.Insurance.Infrastructure.Persistence.InsuranceDbContext Lifetime: Scoped ImplementationType: RadiologyCenter.Insurance.Infrastructure.Persistence.InsuranceDbContext
      
      Dependency: Descriptor: ServiceType: Microsoft.EntityFrameworkCore.DbContextOptions`1[RadiologyCenter.Insurance.Infrastructure.Persistence.InsuranceDbContext] Lifetime: Scoped ImplementationFactory: Microsoft.Extensions.DependencyInjection.EntityFrameworkServiceCollectionExtensions.CreateDbContextOptions
      The service registration for Microsoft.EntityFrameworkCore.DbContextOptions<RadiologyCenter.Insurance.Infrastructure.Persistence.InsuranceDbContext> is an 'opaque' lambda factory with the Scoped lifetime and requires service location
      
      . This will throw in Wolverine 6.0 when ServiceLocationPolicy.NotAllowed becomes the default. See https://wolverinefx.net/guide/codegen.html
info: Microsoft.EntityFrameworkCore.Database.Command[20101]
      Executed DbCommand (2ms) [Parameters=[@id='?' (DbType = Guid)], CommandType='Text', CommandTimeout='30']
      SELECT [p1].[Id], [p1].[ApprovedAmount], [p1].[CreatedAt], [p1].[CreatedBy], [p1].[DecidedAt], [p1].[EstimatedAmount], [p1].[ExaminationId], [p1].[IsGovernment], [p1].[LastModifiedAt], [p1].[LastModifiedBy], [p1].[PatientId], [p1].[PolicyId], [p1].[RejectionReason], [p1].[RequestedAt], [p1].[Status], [p0].[Id], [p0].[ContentType], [p0].[FileName], [p0].[PreAuthorizationId], [p0].[SizeInBytes], [p0].[StoredPath], [p0].[Type], [p0].[UploadedAt]
      FROM (
          SELECT TOP(1) [p].[Id], [p].[ApprovedAmount], [p].[CreatedAt], [p].[CreatedBy], [p].[DecidedAt], [p].[EstimatedAmount], [p].[ExaminationId], [p].[IsGovernment], [p].[LastModifiedAt], [p].[LastModifiedBy], [p].[PatientId], [p].[PolicyId], [p].[RejectionReason], [p].[RequestedAt], [p].[Status]
          FROM [Insurance].[PreAuthorizations] AS [p]
          WHERE [p].[Id] = @id
      ) AS [p1]
      LEFT JOIN [Insurance].[PreAuthorizationDocuments] AS [p0] ON [p1].[Id] = [p0].[PreAuthorizationId]
      ORDER BY [p1].[Id]
info: Microsoft.EntityFrameworkCore.Database.Command[20101]
      Executed DbCommand (2ms) [Parameters=[@p12='?' (DbType = Guid), @p0='?' (Precision = 18) (Scale = 2) (DbType = Decimal), @p1='?' (DbType = DateTime2), @p2='?' (Precision = 18) (Scale = 2) (DbType = Decimal), @p3='?' (DbType = Guid), @p4='?' (DbType = Boolean), @p5='?' (DbType = DateTime2), @p6='?' (Size = 4000), @p7='?' (DbType = Guid), @p8='?' (DbType = Guid), @p9='?' (Size = 1000), @p10='?' (DbType = DateTime2), @p11='?' (DbType = Int32)], CommandType='Text', CommandTimeout='30']
      SET IMPLICIT_TRANSACTIONS OFF;
      SET NOCOUNT ON;
      UPDATE [Insurance].[PreAuthorizations] SET [ApprovedAmount] = @p0, [DecidedAt] = @p1, [EstimatedAmount] = @p2, [ExaminationId] = @p3, [IsGovernment] = @p4, [LastModifiedAt] = @p5, [LastModifiedBy] = @p6, [PatientId] = @p7, [PolicyId] = @p8, [RejectionReason] = @p9, [RequestedAt] = @p10, [Status] = @p11
      OUTPUT 1
      WHERE [Id] = @p12;
warn: JasperFx.CodeGeneration.ICodeFile[0]
      Utilizing service location for Message Handler for RadiologyCenter.Insurance.Application.Commands.Claims.CreateClaim.CreateClaimCommand for Service RadiologyCenter.Insurance.Application.Abstractions.IInsurancePolicyRepository: 
      Dependency: Descriptor: ServiceType: RadiologyCenter.Insurance.Infrastructure.Persistence.InsuranceDbContext Lifetime: Scoped ImplementationType: RadiologyCenter.Insurance.Infrastructure.Persistence.InsuranceDbContext
      
      Dependency: Descriptor: ServiceType: Microsoft.EntityFrameworkCore.DbContextOptions`1[RadiologyCenter.Insurance.Infrastructure.Persistence.InsuranceDbContext] Lifetime: Scoped ImplementationFactory: Microsoft.Extensions.DependencyInjection.EntityFrameworkServiceCollectionExtensions.CreateDbContextOptions
      The service registration for Microsoft.EntityFrameworkCore.DbContextOptions<RadiologyCenter.Insurance.Infrastructure.Persistence.InsuranceDbContext> is an 'opaque' lambda factory with the Scoped lifetime and requires service location
      
      . This will throw in Wolverine 6.0 when ServiceLocationPolicy.NotAllowed becomes the default. See https://wolverinefx.net/guide/codegen.html
warn: JasperFx.CodeGeneration.ICodeFile[0]
      Utilizing service location for Message Handler for RadiologyCenter.Insurance.Application.Commands.Claims.CreateClaim.CreateClaimCommand for Service RadiologyCenter.Insurance.Application.Abstractions.IClaimRepository: 
      Dependency: Descriptor: ServiceType: RadiologyCenter.Insurance.Infrastructure.Persistence.InsuranceDbContext Lifetime: Scoped ImplementationType: RadiologyCenter.Insurance.Infrastructure.Persistence.InsuranceDbContext
      
      Dependency: Descriptor: ServiceType: Microsoft.EntityFrameworkCore.DbContextOptions`1[RadiologyCenter.Insurance.Infrastructure.Persistence.InsuranceDbContext] Lifetime: Scoped ImplementationFactory: Microsoft.Extensions.DependencyInjection.EntityFrameworkServiceCollectionExtensions.CreateDbContextOptions
      The service registration for Microsoft.EntityFrameworkCore.DbContextOptions<RadiologyCenter.Insurance.Infrastructure.Persistence.InsuranceDbContext> is an 'opaque' lambda factory with the Scoped lifetime and requires service location
      
      . This will throw in Wolverine 6.0 when ServiceLocationPolicy.NotAllowed becomes the default. See https://wolverinefx.net/guide/codegen.html
warn: JasperFx.CodeGeneration.ICodeFile[0]
      Utilizing service location for Message Handler for RadiologyCenter.Insurance.Application.Commands.Claims.CreateClaim.CreateClaimCommand for Service RadiologyCenter.Insurance.Application.Abstractions.IPreAuthorizationRepository: 
      Dependency: Descriptor: ServiceType: RadiologyCenter.Insurance.Infrastructure.Persistence.InsuranceDbContext Lifetime: Scoped ImplementationType: RadiologyCenter.Insurance.Infrastructure.Persistence.InsuranceDbContext
      
      Dependency: Descriptor: ServiceType: Microsoft.EntityFrameworkCore.DbContextOptions`1[RadiologyCenter.Insurance.Infrastructure.Persistence.InsuranceDbContext] Lifetime: Scoped ImplementationFactory: Microsoft.Extensions.DependencyInjection.EntityFrameworkServiceCollectionExtensions.CreateDbContextOptions
      The service registration for Microsoft.EntityFrameworkCore.DbContextOptions<RadiologyCenter.Insurance.Infrastructure.Persistence.InsuranceDbContext> is an 'opaque' lambda factory with the Scoped lifetime and requires service location
      
      . This will throw in Wolverine 6.0 when ServiceLocationPolicy.NotAllowed becomes the default. See https://wolverinefx.net/guide/codegen.html
warn: JasperFx.CodeGeneration.ICodeFile[0]
      Utilizing service location for Message Handler for RadiologyCenter.Insurance.Application.Commands.Claims.CreateClaim.CreateClaimCommand for Service RadiologyCenter.Insurance.Application.Abstractions.IInsuranceUnitOfWork: 
      Dependency: Descriptor: ServiceType: RadiologyCenter.Insurance.Infrastructure.Persistence.InsuranceDbContext Lifetime: Scoped ImplementationType: RadiologyCenter.Insurance.Infrastructure.Persistence.InsuranceDbContext
      
      Dependency: Descriptor: ServiceType: Microsoft.EntityFrameworkCore.DbContextOptions`1[RadiologyCenter.Insurance.Infrastructure.Persistence.InsuranceDbContext] Lifetime: Scoped ImplementationFactory: Microsoft.Extensions.DependencyInjection.EntityFrameworkServiceCollectionExtensions.CreateDbContextOptions
      The service registration for Microsoft.EntityFrameworkCore.DbContextOptions<RadiologyCenter.Insurance.Infrastructure.Persistence.InsuranceDbContext> is an 'opaque' lambda factory with the Scoped lifetime and requires service location
      
      . This will throw in Wolverine 6.0 when ServiceLocationPolicy.NotAllowed becomes the default. See https://wolverinefx.net/guide/codegen.html
info: Microsoft.EntityFrameworkCore.Database.Command[20101]
      Executed DbCommand (0ms) [Parameters=[@p='?' (DbType = Guid)], CommandType='Text', CommandTimeout='30']
      SELECT TOP(1) [i].[Id], [i].[CompanyId], [i].[CoveragePercent], [i].[CreatedAt], [i].[CreatedBy], [i].[EffectiveFrom], [i].[EffectiveTo], [i].[IsGovernment], [i].[LastModifiedAt], [i].[LastModifiedBy], [i].[PatientId], [i].[PolicyNumber], [i].[Status]
      FROM [Insurance].[InsurancePolicies] AS [i]
      WHERE [i].[Id] = @p
info: Microsoft.EntityFrameworkCore.Database.Command[20101]
      Executed DbCommand (0ms) [Parameters=[@p='?' (DbType = Guid)], CommandType='Text', CommandTimeout='30']
      SELECT TOP(1) [i].[Id], [i].[CompanyId], [i].[CoveragePercent], [i].[CreatedAt], [i].[CreatedBy], [i].[EffectiveFrom], [i].[EffectiveTo], [i].[IsGovernment], [i].[LastModifiedAt], [i].[LastModifiedBy], [i].[PatientId], [i].[PolicyNumber], [i].[Status]
      FROM [Insurance].[InsurancePolicies] AS [i]
      WHERE [i].[Id] = @p
info: Microsoft.EntityFrameworkCore.Database.Command[20101]
      Executed DbCommand (0ms) [Parameters=[@examinationId='?' (DbType = Guid)], CommandType='Text', CommandTimeout='30']
      SELECT [c1].[Id], [c1].[ApprovedAt], [c1].[BilledAmount], [c1].[CreatedAt], [c1].[CreatedBy], [c1].[ExaminationId], [c1].[LastModifiedAt], [c1].[LastModifiedBy], [c1].[PaidAt], [c1].[PatientId], [c1].[PatientShare], [c1].[PayerShare], [c1].[PolicyId], [c1].[PreAuthorizationId], [c1].[RowVersion], [c1].[Status], [c1].[SubmittedAt], [s].[Id], [s].[Amount], [s].[ClaimId], [s].[Method], [s].[Reference], [s].[SettledAt], [c0].[Id], [c0].[ClaimId], [c0].[Code], [c0].[Reason], [c0].[RejectedAt]
      FROM (
          SELECT TOP(1) [c].[Id], [c].[ApprovedAt], [c].[BilledAmount], [c].[CreatedAt], [c].[CreatedBy], [c].[ExaminationId], [c].[LastModifiedAt], [c].[LastModifiedBy], [c].[PaidAt], [c].[PatientId], [c].[PatientShare], [c].[PayerShare], [c].[PolicyId], [c].[PreAuthorizationId], [c].[RowVersion], [c].[Status], [c].[SubmittedAt]
          FROM [Insurance].[Claims] AS [c]
          WHERE [c].[ExaminationId] = @examinationId
      ) AS [c1]
      LEFT JOIN [Insurance].[Settlements] AS [s] ON [c1].[Id] = [s].[ClaimId]
      LEFT JOIN [Insurance].[ClaimRejections] AS [c0] ON [c1].[Id] = [c0].[ClaimId]
      ORDER BY [c1].[Id], [s].[Id]
info: Microsoft.EntityFrameworkCore.Database.Command[20101]
      Executed DbCommand (0ms) [Parameters=[@id='?' (DbType = Guid)], CommandType='Text', CommandTimeout='30']
      SELECT [p1].[Id], [p1].[ApprovedAmount], [p1].[CreatedAt], [p1].[CreatedBy], [p1].[DecidedAt], [p1].[EstimatedAmount], [p1].[ExaminationId], [p1].[IsGovernment], [p1].[LastModifiedAt], [p1].[LastModifiedBy], [p1].[PatientId], [p1].[PolicyId], [p1].[RejectionReason], [p1].[RequestedAt], [p1].[Status], [p0].[Id], [p0].[ContentType], [p0].[FileName], [p0].[PreAuthorizationId], [p0].[SizeInBytes], [p0].[StoredPath], [p0].[Type], [p0].[UploadedAt]
      FROM (
          SELECT TOP(1) [p].[Id], [p].[ApprovedAmount], [p].[CreatedAt], [p].[CreatedBy], [p].[DecidedAt], [p].[EstimatedAmount], [p].[ExaminationId], [p].[IsGovernment], [p].[LastModifiedAt], [p].[LastModifiedBy], [p].[PatientId], [p].[PolicyId], [p].[RejectionReason], [p].[RequestedAt], [p].[Status]
          FROM [Insurance].[PreAuthorizations] AS [p]
          WHERE [p].[Id] = @id
      ) AS [p1]
      LEFT JOIN [Insurance].[PreAuthorizationDocuments] AS [p0] ON [p1].[Id] = [p0].[PreAuthorizationId]
      ORDER BY [p1].[Id]
info: Microsoft.EntityFrameworkCore.Database.Command[20101]
      Executed DbCommand (0ms) [Parameters=[@p='?' (DbType = Guid)], CommandType='Text', CommandTimeout='30']
      SELECT TOP(1) [i].[Id], [i].[CompanyId], [i].[CoveragePercent], [i].[CreatedAt], [i].[CreatedBy], [i].[EffectiveFrom], [i].[EffectiveTo], [i].[IsGovernment], [i].[LastModifiedAt], [i].[LastModifiedBy], [i].[PatientId], [i].[PolicyNumber], [i].[Status]
      FROM [Insurance].[InsurancePolicies] AS [i]
      WHERE [i].[Id] = @p
info: Microsoft.EntityFrameworkCore.Database.Command[20101]
      Executed DbCommand (0ms) [Parameters=[@examinationId='?' (DbType = Guid)], CommandType='Text', CommandTimeout='30']
      SELECT [c1].[Id], [c1].[ApprovedAt], [c1].[BilledAmount], [c1].[CreatedAt], [c1].[CreatedBy], [c1].[ExaminationId], [c1].[LastModifiedAt], [c1].[LastModifiedBy], [c1].[PaidAt], [c1].[PatientId], [c1].[PatientShare], [c1].[PayerShare], [c1].[PolicyId], [c1].[PreAuthorizationId], [c1].[RowVersion], [c1].[Status], [c1].[SubmittedAt], [s].[Id], [s].[Amount], [s].[ClaimId], [s].[Method], [s].[Reference], [s].[SettledAt], [c0].[Id], [c0].[ClaimId], [c0].[Code], [c0].[Reason], [c0].[RejectedAt]
      FROM (
          SELECT TOP(1) [c].[Id], [c].[ApprovedAt], [c].[BilledAmount], [c].[CreatedAt], [c].[CreatedBy], [c].[ExaminationId], [c].[LastModifiedAt], [c].[LastModifiedBy], [c].[PaidAt], [c].[PatientId], [c].[PatientShare], [c].[PayerShare], [c].[PolicyId], [c].[PreAuthorizationId], [c].[RowVersion], [c].[Status], [c].[SubmittedAt]
          FROM [Insurance].[Claims] AS [c]
          WHERE [c].[ExaminationId] = @examinationId
      ) AS [c1]
      LEFT JOIN [Insurance].[Settlements] AS [s] ON [c1].[Id] = [s].[ClaimId]
      LEFT JOIN [Insurance].[ClaimRejections] AS [c0] ON [c1].[Id] = [c0].[ClaimId]
      ORDER BY [c1].[Id], [s].[Id]
info: Microsoft.EntityFrameworkCore.Database.Command[20101]
      Executed DbCommand (0ms) [Parameters=[@id='?' (DbType = Guid)], CommandType='Text', CommandTimeout='30']
      SELECT [p1].[Id], [p1].[ApprovedAmount], [p1].[CreatedAt], [p1].[CreatedBy], [p1].[DecidedAt], [p1].[EstimatedAmount], [p1].[ExaminationId], [p1].[IsGovernment], [p1].[LastModifiedAt], [p1].[LastModifiedBy], [p1].[PatientId], [p1].[PolicyId], [p1].[RejectionReason], [p1].[RequestedAt], [p1].[Status], [p0].[Id], [p0].[ContentType], [p0].[FileName], [p0].[PreAuthorizationId], [p0].[SizeInBytes], [p0].[StoredPath], [p0].[Type], [p0].[UploadedAt]
      FROM (
          SELECT TOP(1) [p].[Id], [p].[ApprovedAmount], [p].[CreatedAt], [p].[CreatedBy], [p].[DecidedAt], [p].[EstimatedAmount], [p].[ExaminationId], [p].[IsGovernment], [p].[LastModifiedAt], [p].[LastModifiedBy], [p].[PatientId], [p].[PolicyId], [p].[RejectionReason], [p].[RequestedAt], [p].[Status]
          FROM [Insurance].[PreAuthorizations] AS [p]
          WHERE [p].[Id] = @id
      ) AS [p1]
      LEFT JOIN [Insurance].[PreAuthorizationDocuments] AS [p0] ON [p1].[Id] = [p0].[PreAuthorizationId]
      ORDER BY [p1].[Id]
info: Microsoft.EntityFrameworkCore.Database.Command[20101]
      Executed DbCommand (0ms) [Parameters=[@p='?' (DbType = Guid)], CommandType='Text', CommandTimeout='30']
      SELECT TOP(1) [i].[Id], [i].[CompanyId], [i].[CoveragePercent], [i].[CreatedAt], [i].[CreatedBy], [i].[EffectiveFrom], [i].[EffectiveTo], [i].[IsGovernment], [i].[LastModifiedAt], [i].[LastModifiedBy], [i].[PatientId], [i].[PolicyNumber], [i].[Status]
      FROM [Insurance].[InsurancePolicies] AS [i]
      WHERE [i].[Id] = @p
info: Microsoft.EntityFrameworkCore.Database.Command[20101]
      Executed DbCommand (0ms) [Parameters=[@examinationId='?' (DbType = Guid)], CommandType='Text', CommandTimeout='30']
      SELECT [c1].[Id], [c1].[ApprovedAt], [c1].[BilledAmount], [c1].[CreatedAt], [c1].[CreatedBy], [c1].[ExaminationId], [c1].[LastModifiedAt], [c1].[LastModifiedBy], [c1].[PaidAt], [c1].[PatientId], [c1].[PatientShare], [c1].[PayerShare], [c1].[PolicyId], [c1].[PreAuthorizationId], [c1].[RowVersion], [c1].[Status], [c1].[SubmittedAt], [s].[Id], [s].[Amount], [s].[ClaimId], [s].[Method], [s].[Reference], [s].[SettledAt], [c0].[Id], [c0].[ClaimId], [c0].[Code], [c0].[Reason], [c0].[RejectedAt]
      FROM (
          SELECT TOP(1) [c].[Id], [c].[ApprovedAt], [c].[BilledAmount], [c].[CreatedAt], [c].[CreatedBy], [c].[ExaminationId], [c].[LastModifiedAt], [c].[LastModifiedBy], [c].[PaidAt], [c].[PatientId], [c].[PatientShare], [c].[PayerShare], [c].[PolicyId], [c].[PreAuthorizationId], [c].[RowVersion], [c].[Status], [c].[SubmittedAt]
          FROM [Insurance].[Claims] AS [c]
          WHERE [c].[ExaminationId] = @examinationId
      ) AS [c1]
      LEFT JOIN [Insurance].[Settlements] AS [s] ON [c1].[Id] = [s].[ClaimId]
      LEFT JOIN [Insurance].[ClaimRejections] AS [c0] ON [c1].[Id] = [c0].[ClaimId]
      ORDER BY [c1].[Id], [s].[Id]
info: Microsoft.EntityFrameworkCore.Database.Command[20101]
      Executed DbCommand (0ms) [Parameters=[@id='?' (DbType = Guid)], CommandType='Text', CommandTimeout='30']
      SELECT [p1].[Id], [p1].[ApprovedAmount], [p1].[CreatedAt], [p1].[CreatedBy], [p1].[DecidedAt], [p1].[EstimatedAmount], [p1].[ExaminationId], [p1].[IsGovernment], [p1].[LastModifiedAt], [p1].[LastModifiedBy], [p1].[PatientId], [p1].[PolicyId], [p1].[RejectionReason], [p1].[RequestedAt], [p1].[Status], [p0].[Id], [p0].[ContentType], [p0].[FileName], [p0].[PreAuthorizationId], [p0].[SizeInBytes], [p0].[StoredPath], [p0].[Type], [p0].[UploadedAt]
      FROM (
          SELECT TOP(1) [p].[Id], [p].[ApprovedAmount], [p].[CreatedAt], [p].[CreatedBy], [p].[DecidedAt], [p].[EstimatedAmount], [p].[ExaminationId], [p].[IsGovernment], [p].[LastModifiedAt], [p].[LastModifiedBy], [p].[PatientId], [p].[PolicyId], [p].[RejectionReason], [p].[RequestedAt], [p].[Status]
          FROM [Insurance].[PreAuthorizations] AS [p]
          WHERE [p].[Id] = @id
      ) AS [p1]
      LEFT JOIN [Insurance].[PreAuthorizationDocuments] AS [p0] ON [p1].[Id] = [p0].[PreAuthorizationId]
      ORDER BY [p1].[Id]
info: Wolverine.Runtime.WolverineRuntime[107]
      No routes can be determined for Envelope #08def9a8-c9c6-b793-e86a-64c9e0060000 (RadiologyCenter.Insurance.Domain.Events.ClaimCreatedEvent)
info: Microsoft.EntityFrameworkCore.Database.Command[20101]
      Executed DbCommand (3ms) [Parameters=[@p0='?' (DbType = Guid), @p1='?' (DbType = DateTime2), @p2='?' (Precision = 18) (Scale = 2) (DbType = Decimal), @p3='?' (DbType = DateTime2), @p4='?' (Size = 4000), @p5='?' (DbType = Guid), @p6='?' (DbType = DateTime2), @p7='?' (Size = 4000), @p8='?' (DbType = DateTime2), @p9='?' (DbType = Guid), @p10='?' (Precision = 18) (Scale = 2) (DbType = Decimal), @p11='?' (Precision = 18) (Scale = 2) (DbType = Decimal), @p12='?' (DbType = Guid), @p13='?' (DbType = Guid), @p14='?' (DbType = Int32), @p15='?' (DbType = DateTime2)], CommandType='Text', CommandTimeout='30']
      SET IMPLICIT_TRANSACTIONS OFF;
      SET NOCOUNT ON;
      INSERT INTO [Insurance].[Claims] ([Id], [ApprovedAt], [BilledAmount], [CreatedAt], [CreatedBy], [ExaminationId], [LastModifiedAt], [LastModifiedBy], [PaidAt], [PatientId], [PatientShare], [PayerShare], [PolicyId], [PreAuthorizationId], [Status], [SubmittedAt])
      OUTPUT INSERTED.[RowVersion]
      VALUES (@p0, @p1, @p2, @p3, @p4, @p5, @p6, @p7, @p8, @p9, @p10, @p11, @p12, @p13, @p14, @p15);
info: Wolverine.Runtime.WolverineRuntime[107]
      No routes can be determined for Envelope #08def9a8-c9cb-2825-e86a-64c9e0060000 (RadiologyCenter.Patients.Domain.Events.PatientRegisteredEvent)
info: Microsoft.EntityFrameworkCore.Database.Command[20101]
      Executed DbCommand (0ms) [Parameters=[@p0='?' (DbType = Guid), @p1='?' (Size = 300), @p2='?' (DbType = Int32), @p3='?' (Size = 1000), @p4='?' (DbType = Int32), @p5='?' (DbType = DateTime2), @p6='?' (Size = 4000), @p7='?' (DbType = DateTime2), @p8='?' (DbType = DateTime2), @p9='?' (Size = 4000), @p10='?' (Size = 200), @p11='?' (Size = 100), @p12='?' (DbType = Int32), @p13='?' (DbType = Boolean), @p14='?' (DbType = Boolean), @p15='?' (DbType = DateTime2), @p16='?' (Size = 4000), @p17='?' (Size = 100), @p18='?' (Size = 2000), @p19='?' (Size = 100), @p20='?' (Size = 50), @p21='?' (Size = 20), @p22='?' (Size = 30), @p23='?' (Size = 200)], CommandType='Text', CommandTimeout='30']
      SET IMPLICIT_TRANSACTIONS OFF;
      SET NOCOUNT ON;
      INSERT INTO [Patients].[Patients] ([Id], [Address], [Age], [Allergies], [BloodType], [CreatedAt], [CreatedBy], [DateOfBirth], [DeletedAt], [DeletedBy], [Email], [FirstName], [Gender], [IsActive], [IsDeleted], [LastModifiedAt], [LastModifiedBy], [LastName], [MedicalHistory], [MiddleName], [NationalId], [PatientCode], [PhoneNumber], [ReferringPhysician])
      VALUES (@p0, @p1, @p2, @p3, @p4, @p5, @p6, @p7, @p8, @p9, @p10, @p11, @p12, @p13, @p14, @p15, @p16, @p17, @p18, @p19, @p20, @p21, @p22, @p23);
info: Microsoft.EntityFrameworkCore.Database.Command[20101]
      Executed DbCommand (0ms) [Parameters=[@p='?' (DbType = Guid)], CommandType='Text', CommandTimeout='30']
      SELECT TOP(1) [i].[Id], [i].[Address], [i].[CreatedAt], [i].[CreatedBy], [i].[DeletedAt], [i].[DeletedBy], [i].[Email], [i].[IsDeleted], [i].[LastModifiedAt], [i].[LastModifiedBy], [i].[Name], [i].[Phone], [i].[TaxId]
      FROM [Insurance].[InsuranceCompanies] AS [i]
      WHERE [i].[IsDeleted] = CAST(0 AS bit) AND [i].[Id] = @p
info: Microsoft.EntityFrameworkCore.Database.Command[20101]
      Executed DbCommand (0ms) [Parameters=[@policyNumber='?' (Size = 100)], CommandType='Text', CommandTimeout='30']
      SELECT CASE
          WHEN EXISTS (
              SELECT 1
              FROM [Insurance].[InsurancePolicies] AS [i]
              WHERE [i].[PolicyNumber] = @policyNumber) THEN CAST(1 AS bit)
          ELSE CAST(0 AS bit)
      END
info: Microsoft.EntityFrameworkCore.Database.Command[20101]
      Executed DbCommand (1ms) [Parameters=[@p0='?' (DbType = Guid), @p1='?' (DbType = Guid), @p2='?' (Precision = 18) (Scale = 2) (DbType = Decimal), @p3='?' (DbType = DateTime2), @p4='?' (Size = 4000), @p5='?' (DbType = DateTime2), @p6='?' (DbType = DateTime2), @p7='?' (DbType = Boolean), @p8='?' (DbType = DateTime2), @p9='?' (Size = 4000), @p10='?' (DbType = Guid), @p11='?' (Size = 100), @p12='?' (DbType = Int32)], CommandType='Text', CommandTimeout='30']
      SET IMPLICIT_TRANSACTIONS OFF;
      SET NOCOUNT ON;
      INSERT INTO [Insurance].[InsurancePolicies] ([Id], [CompanyId], [CoveragePercent], [CreatedAt], [CreatedBy], [EffectiveFrom], [EffectiveTo], [IsGovernment], [LastModifiedAt], [LastModifiedBy], [PatientId], [PolicyNumber], [Status])
      VALUES (@p0, @p1, @p2, @p3, @p4, @p5, @p6, @p7, @p8, @p9, @p10, @p11, @p12);
warn: JasperFx.CodeGeneration.ICodeFile[0]
      Utilizing service location for Message Handler for RadiologyCenter.Insurance.Application.Queries.Policies.GetPoliciesByPatient.GetPoliciesByPatientQuery for Service RadiologyCenter.Insurance.Application.Abstractions.IInsurancePolicyRepository: 
      Dependency: Descriptor: ServiceType: RadiologyCenter.Insurance.Infrastructure.Persistence.InsuranceDbContext Lifetime: Scoped ImplementationType: RadiologyCenter.Insurance.Infrastructure.Persistence.InsuranceDbContext
      
      Dependency: Descriptor: ServiceType: Microsoft.EntityFrameworkCore.DbContextOptions`1[RadiologyCenter.Insurance.Infrastructure.Persistence.InsuranceDbContext] Lifetime: Scoped ImplementationFactory: Microsoft.Extensions.DependencyInjection.EntityFrameworkServiceCollectionExtensions.CreateDbContextOptions
      The service registration for Microsoft.EntityFrameworkCore.DbContextOptions<RadiologyCenter.Insurance.Infrastructure.Persistence.InsuranceDbContext> is an 'opaque' lambda factory with the Scoped lifetime and requires service location
      
      . This will throw in Wolverine 6.0 when ServiceLocationPolicy.NotAllowed becomes the default. See https://wolverinefx.net/guide/codegen.html
info: Microsoft.EntityFrameworkCore.Database.Command[20101]
      Executed DbCommand (2ms) [Parameters=[@patientId='?' (DbType = Guid), @now='?' (DbType = DateTime2)], CommandType='Text', CommandTimeout='30']
      SELECT [i].[Id], [i].[CompanyId], [i].[CoveragePercent], [i].[CreatedAt], [i].[CreatedBy], [i].[EffectiveFrom], [i].[EffectiveTo], [i].[IsGovernment], [i].[LastModifiedAt], [i].[LastModifiedBy], [i].[PatientId], [i].[PolicyNumber], [i].[Status]
      FROM [Insurance].[InsurancePolicies] AS [i]
      WHERE [i].[PatientId] = @patientId AND [i].[Status] = 1 AND [i].[EffectiveFrom] <= @now AND ([i].[EffectiveTo] IS NULL OR [i].[EffectiveTo] >= @now)
info: Microsoft.EntityFrameworkCore.Database.Command[20101]
      Executed DbCommand (0ms) [Parameters=[@p='?' (DbType = Guid)], CommandType='Text', CommandTimeout='30']
      SELECT TOP(1) [i].[Id], [i].[Address], [i].[CreatedAt], [i].[CreatedBy], [i].[DeletedAt], [i].[DeletedBy], [i].[Email], [i].[IsDeleted], [i].[LastModifiedAt], [i].[LastModifiedBy], [i].[Name], [i].[Phone], [i].[TaxId]
      FROM [Insurance].[InsuranceCompanies] AS [i]
      WHERE [i].[IsDeleted] = CAST(0 AS bit) AND [i].[Id] = @p
info: Microsoft.EntityFrameworkCore.Database.Command[20101]
      Executed DbCommand (0ms) [Parameters=[@policyNumber='?' (Size = 100)], CommandType='Text', CommandTimeout='30']
      SELECT CASE
          WHEN EXISTS (
              SELECT 1
              FROM [Insurance].[InsurancePolicies] AS [i]
              WHERE [i].[PolicyNumber] = @policyNumber) THEN CAST(1 AS bit)
          ELSE CAST(0 AS bit)
      END
info: Microsoft.EntityFrameworkCore.Database.Command[20101]
      Executed DbCommand (1ms) [Parameters=[@p0='?' (DbType = Guid), @p1='?' (DbType = Guid), @p2='?' (Precision = 18) (Scale = 2) (DbType = Decimal), @p3='?' (DbType = DateTime2), @p4='?' (Size = 4000), @p5='?' (DbType = DateTime2), @p6='?' (DbType = DateTime2), @p7='?' (DbType = Boolean), @p8='?' (DbType = DateTime2), @p9='?' (Size = 4000), @p10='?' (DbType = Guid), @p11='?' (Size = 100), @p12='?' (DbType = Int32)], CommandType='Text', CommandTimeout='30']
      SET IMPLICIT_TRANSACTIONS OFF;
      SET NOCOUNT ON;
      INSERT INTO [Insurance].[InsurancePolicies] ([Id], [CompanyId], [CoveragePercent], [CreatedAt], [CreatedBy], [EffectiveFrom], [EffectiveTo], [IsGovernment], [LastModifiedAt], [LastModifiedBy], [PatientId], [PolicyNumber], [Status])
      VALUES (@p0, @p1, @p2, @p3, @p4, @p5, @p6, @p7, @p8, @p9, @p10, @p11, @p12);
info: Microsoft.EntityFrameworkCore.Database.Command[20101]
      Executed DbCommand (0ms) [Parameters=[@patientId='?' (DbType = Guid), @now='?' (DbType = DateTime2)], CommandType='Text', CommandTimeout='30']
      SELECT [i].[Id], [i].[CompanyId], [i].[CoveragePercent], [i].[CreatedAt], [i].[CreatedBy], [i].[EffectiveFrom], [i].[EffectiveTo], [i].[IsGovernment], [i].[LastModifiedAt], [i].[LastModifiedBy], [i].[PatientId], [i].[PolicyNumber], [i].[Status]
      FROM [Insurance].[InsurancePolicies] AS [i]
      WHERE [i].[PatientId] = @patientId AND [i].[Status] = 1 AND [i].[EffectiveFrom] <= @now AND ([i].[EffectiveTo] IS NULL OR [i].[EffectiveTo] >= @now)
warn: JasperFx.CodeGeneration.ICodeFile[0]
      Utilizing service location for Message Handler for RadiologyCenter.Cash.Application.Queries.Sessions.GetMyOpenCashSession.GetMyOpenCashSessionQuery for Service RadiologyCenter.Cash.Application.Abstractions.ICashSessionRepository: 
      Dependency: Descriptor: ServiceType: RadiologyCenter.Cash.Infrastructure.Persistence.CashDbContext Lifetime: Scoped ImplementationType: RadiologyCenter.Cash.Infrastructure.Persistence.CashDbContext
      
      Dependency: Descriptor: ServiceType: Microsoft.EntityFrameworkCore.DbContextOptions`1[RadiologyCenter.Cash.Infrastructure.Persistence.CashDbContext] Lifetime: Scoped ImplementationFactory: Microsoft.Extensions.DependencyInjection.EntityFrameworkServiceCollectionExtensions.CreateDbContextOptions
      The service registration for Microsoft.EntityFrameworkCore.DbContextOptions<RadiologyCenter.Cash.Infrastructure.Persistence.CashDbContext> is an 'opaque' lambda factory with the Scoped lifetime and requires service location
      
      . This will throw in Wolverine 6.0 when ServiceLocationPolicy.NotAllowed becomes the default. See https://wolverinefx.net/guide/codegen.html
warn: JasperFx.CodeGeneration.ICodeFile[0]
      Utilizing service location for Message Handler for RadiologyCenter.Cash.Application.Queries.Sessions.GetMyOpenCashSession.GetMyOpenCashSessionQuery for Service RadiologyCenter.Cash.Application.Abstractions.ICashEntryRepository: 
      Dependency: Descriptor: ServiceType: RadiologyCenter.Cash.Infrastructure.Persistence.CashDbContext Lifetime: Scoped ImplementationType: RadiologyCenter.Cash.Infrastructure.Persistence.CashDbContext
      
      Dependency: Descriptor: ServiceType: Microsoft.EntityFrameworkCore.DbContextOptions`1[RadiologyCenter.Cash.Infrastructure.Persistence.CashDbContext] Lifetime: Scoped ImplementationFactory: Microsoft.Extensions.DependencyInjection.EntityFrameworkServiceCollectionExtensions.CreateDbContextOptions
      The service registration for Microsoft.EntityFrameworkCore.DbContextOptions<RadiologyCenter.Cash.Infrastructure.Persistence.CashDbContext> is an 'opaque' lambda factory with the Scoped lifetime and requires service location
      
      . This will throw in Wolverine 6.0 when ServiceLocationPolicy.NotAllowed becomes the default. See https://wolverinefx.net/guide/codegen.html
info: Microsoft.EntityFrameworkCore.Database.Command[20101]
      Executed DbCommand (0ms) [Parameters=[@userId='?' (DbType = Guid)], CommandType='Text', CommandTimeout='30']
      SELECT TOP(1) [c].[Id], [c].[ClosedAt], [c].[CreatedAt], [c].[CreatedBy], [c].[DeletedAt], [c].[DeletedBy], [c].[IsDeleted], [c].[LastModifiedAt], [c].[LastModifiedBy], [c].[Notes], [c].[OpenedAt], [c].[OpeningFloat], [c].[Status], [c].[UserId], [c].[WorkShiftId]
      FROM [Cash].[CashSessions] AS [c]
      WHERE [c].[IsDeleted] = CAST(0 AS bit) AND [c].[UserId] = @userId AND [c].[Status] = 1
info: Microsoft.EntityFrameworkCore.Database.Command[20101]
      Executed DbCommand (2ms) [Parameters=[@idList1='?' (DbType = Guid)], CommandType='Text', CommandTimeout='30']
      SELECT [c].[CashSessionId] AS [SessionId], COALESCE(SUM(CASE
          WHEN [c].[Direction] = 1 THEN [c].[Amount]
          ELSE -[c].[Amount]
      END), 0.0) AS [Movement], COUNT(*) AS [Count]
      FROM [Cash].[CashEntries] AS [c]
      WHERE [c].[IsDeleted] = CAST(0 AS bit) AND [c].[CashSessionId] = @idList1
      GROUP BY [c].[CashSessionId]
warn: JasperFx.CodeGeneration.ICodeFile[0]
      Utilizing service location for Message Handler for RadiologyCenter.Cash.Application.Commands.Sessions.CloseCashSession.CloseCashSessionCommand for Service RadiologyCenter.Cash.Application.Abstractions.ICashSessionRepository: 
      Dependency: Descriptor: ServiceType: RadiologyCenter.Cash.Infrastructure.Persistence.CashDbContext Lifetime: Scoped ImplementationType: RadiologyCenter.Cash.Infrastructure.Persistence.CashDbContext
      
      Dependency: Descriptor: ServiceType: Microsoft.EntityFrameworkCore.DbContextOptions`1[RadiologyCenter.Cash.Infrastructure.Persistence.CashDbContext] Lifetime: Scoped ImplementationFactory: Microsoft.Extensions.DependencyInjection.EntityFrameworkServiceCollectionExtensions.CreateDbContextOptions
      The service registration for Microsoft.EntityFrameworkCore.DbContextOptions<RadiologyCenter.Cash.Infrastructure.Persistence.CashDbContext> is an 'opaque' lambda factory with the Scoped lifetime and requires service location
      
      . This will throw in Wolverine 6.0 when ServiceLocationPolicy.NotAllowed becomes the default. See https://wolverinefx.net/guide/codegen.html
warn: JasperFx.CodeGeneration.ICodeFile[0]
      Utilizing service location for Message Handler for RadiologyCenter.Cash.Application.Commands.Sessions.CloseCashSession.CloseCashSessionCommand for Service RadiologyCenter.Cash.Application.Abstractions.ICashEntryRepository: 
      Dependency: Descriptor: ServiceType: RadiologyCenter.Cash.Infrastructure.Persistence.CashDbContext Lifetime: Scoped ImplementationType: RadiologyCenter.Cash.Infrastructure.Persistence.CashDbContext
      
      Dependency: Descriptor: ServiceType: Microsoft.EntityFrameworkCore.DbContextOptions`1[RadiologyCenter.Cash.Infrastructure.Persistence.CashDbContext] Lifetime: Scoped ImplementationFactory: Microsoft.Extensions.DependencyInjection.EntityFrameworkServiceCollectionExtensions.CreateDbContextOptions
      The service registration for Microsoft.EntityFrameworkCore.DbContextOptions<RadiologyCenter.Cash.Infrastructure.Persistence.CashDbContext> is an 'opaque' lambda factory with the Scoped lifetime and requires service location
      
      . This will throw in Wolverine 6.0 when ServiceLocationPolicy.NotAllowed becomes the default. See https://wolverinefx.net/guide/codegen.html
warn: JasperFx.CodeGeneration.ICodeFile[0]
      Utilizing service location for Message Handler for RadiologyCenter.Cash.Application.Commands.Sessions.CloseCashSession.CloseCashSessionCommand for Service RadiologyCenter.Cash.Application.Abstractions.ICashHandoverRepository: 
      Dependency: Descriptor: ServiceType: RadiologyCenter.Cash.Infrastructure.Persistence.CashDbContext Lifetime: Scoped ImplementationType: RadiologyCenter.Cash.Infrastructure.Persistence.CashDbContext
      
      Dependency: Descriptor: ServiceType: Microsoft.EntityFrameworkCore.DbContextOptions`1[RadiologyCenter.Cash.Infrastructure.Persistence.CashDbContext] Lifetime: Scoped ImplementationFactory: Microsoft.Extensions.DependencyInjection.EntityFrameworkServiceCollectionExtensions.CreateDbContextOptions
      The service registration for Microsoft.EntityFrameworkCore.DbContextOptions<RadiologyCenter.Cash.Infrastructure.Persistence.CashDbContext> is an 'opaque' lambda factory with the Scoped lifetime and requires service location
      
      . This will throw in Wolverine 6.0 when ServiceLocationPolicy.NotAllowed becomes the default. See https://wolverinefx.net/guide/codegen.html
warn: JasperFx.CodeGeneration.ICodeFile[0]
      Utilizing service location for Message Handler for RadiologyCenter.Cash.Application.Commands.Sessions.CloseCashSession.CloseCashSessionCommand for Service RadiologyCenter.Cash.Application.Abstractions.ICashUnitOfWork: 
      Dependency: Descriptor: ServiceType: RadiologyCenter.Cash.Infrastructure.Persistence.CashDbContext Lifetime: Scoped ImplementationType: RadiologyCenter.Cash.Infrastructure.Persistence.CashDbContext
      
      Dependency: Descriptor: ServiceType: Microsoft.EntityFrameworkCore.DbContextOptions`1[RadiologyCenter.Cash.Infrastructure.Persistence.CashDbContext] Lifetime: Scoped ImplementationFactory: Microsoft.Extensions.DependencyInjection.EntityFrameworkServiceCollectionExtensions.CreateDbContextOptions
      The service registration for Microsoft.EntityFrameworkCore.DbContextOptions<RadiologyCenter.Cash.Infrastructure.Persistence.CashDbContext> is an 'opaque' lambda factory with the Scoped lifetime and requires service location
      
      . This will throw in Wolverine 6.0 when ServiceLocationPolicy.NotAllowed becomes the default. See https://wolverinefx.net/guide/codegen.html
info: Microsoft.EntityFrameworkCore.Database.Command[20101]
      Executed DbCommand (2ms) [Parameters=[@p='?' (DbType = Guid)], CommandType='Text', CommandTimeout='30']
      SELECT TOP(1) [c].[Id], [c].[ClosedAt], [c].[CreatedAt], [c].[CreatedBy], [c].[DeletedAt], [c].[DeletedBy], [c].[IsDeleted], [c].[LastModifiedAt], [c].[LastModifiedBy], [c].[Notes], [c].[OpenedAt], [c].[OpeningFloat], [c].[Status], [c].[UserId], [c].[WorkShiftId]
      FROM [Cash].[CashSessions] AS [c]
      WHERE [c].[IsDeleted] = CAST(0 AS bit) AND [c].[Id] = @p
info: Microsoft.EntityFrameworkCore.Database.Command[20101]
      Executed DbCommand (0ms) [Parameters=[@idList1='?' (DbType = Guid)], CommandType='Text', CommandTimeout='30']
      SELECT [c].[CashSessionId] AS [SessionId], COALESCE(SUM(CASE
          WHEN [c].[Direction] = 1 THEN [c].[Amount]
          ELSE -[c].[Amount]
      END), 0.0) AS [Movement], COUNT(*) AS [Count]
      FROM [Cash].[CashEntries] AS [c]
      WHERE [c].[IsDeleted] = CAST(0 AS bit) AND [c].[CashSessionId] = @idList1
      GROUP BY [c].[CashSessionId]
info: Microsoft.EntityFrameworkCore.Database.Command[20101]
      Executed DbCommand (5ms) [Parameters=[@p0='?' (DbType = Guid), @p1='?' (DbType = DateTime2), @p2='?' (DbType = Guid), @p3='?' (DbType = Guid), @p4='?' (DbType = DateTime2), @p5='?' (DbType = Guid), @p6='?' (Precision = 18) (Scale = 2) (DbType = Decimal), @p7='?' (DbType = DateTime2), @p8='?' (Size = 4000), @p9='?' (DbType = DateTime2), @p10='?' (Size = 4000), @p11='?' (Precision = 18) (Scale = 2) (DbType = Decimal), @p12='?' (DbType = Boolean), @p13='?' (DbType = DateTime2), @p14='?' (Size = 4000), @p15='?' (Size = 1000), @p16='?' (Precision = 18) (Scale = 2) (DbType = Decimal), @p17='?' (DbType = Guid), @p30='?' (DbType = Guid), @p18='?' (DbType = DateTime2), @p19='?' (DbType = DateTime2), @p20='?' (Size = 4000), @p21='?' (DbType = Boolean), @p22='?' (DbType = DateTime2), @p23='?' (Size = 4000), @p24='?' (Size = 1000), @p25='?' (DbType = DateTime2), @p26='?' (Precision = 18) (Scale = 2) (DbType = Decimal), @p27='?' (DbType = Int32), @p28='?' (DbType = Guid), @p29='?' (DbType = Guid)], CommandType='Text', CommandTimeout='30']
      SET NOCOUNT ON;
      INSERT INTO [Cash].[CashHandovers] ([Id], [ApprovedAt], [ApprovedByUserId], [CashSessionId], [ClosedAt], [ClosedByUserId], [CountedTotal], [CreatedAt], [CreatedBy], [DeletedAt], [DeletedBy], [ExpectedTotal], [IsDeleted], [LastModifiedAt], [LastModifiedBy], [Notes], [OverShortAmount], [ReceivingCashSessionId])
      VALUES (@p0, @p1, @p2, @p3, @p4, @p5, @p6, @p7, @p8, @p9, @p10, @p11, @p12, @p13, @p14, @p15, @p16, @p17);
      UPDATE [Cash].[CashSessions] SET [ClosedAt] = @p18, [DeletedAt] = @p19, [DeletedBy] = @p20, [IsDeleted] = @p21, [LastModifiedAt] = @p22, [LastModifiedBy] = @p23, [Notes] = @p24, [OpenedAt] = @p25, [OpeningFloat] = @p26, [Status] = @p27, [UserId] = @p28, [WorkShiftId] = @p29
      OUTPUT 1
      WHERE [Id] = @p30;
warn: JasperFx.CodeGeneration.ICodeFile[0]
      Utilizing service location for Message Handler for RadiologyCenter.Cash.Application.Commands.Sessions.ApproveCashHandover.ApproveCashHandoverCommand for Service RadiologyCenter.Cash.Application.Abstractions.ICashSessionRepository: 
      Dependency: Descriptor: ServiceType: RadiologyCenter.Cash.Infrastructure.Persistence.CashDbContext Lifetime: Scoped ImplementationType: RadiologyCenter.Cash.Infrastructure.Persistence.CashDbContext
      
      Dependency: Descriptor: ServiceType: Microsoft.EntityFrameworkCore.DbContextOptions`1[RadiologyCenter.Cash.Infrastructure.Persistence.CashDbContext] Lifetime: Scoped ImplementationFactory: Microsoft.Extensions.DependencyInjection.EntityFrameworkServiceCollectionExtensions.CreateDbContextOptions
      The service registration for Microsoft.EntityFrameworkCore.DbContextOptions<RadiologyCenter.Cash.Infrastructure.Persistence.CashDbContext> is an 'opaque' lambda factory with the Scoped lifetime and requires service location
      
      . This will throw in Wolverine 6.0 when ServiceLocationPolicy.NotAllowed becomes the default. See https://wolverinefx.net/guide/codegen.html
warn: JasperFx.CodeGeneration.ICodeFile[0]
      Utilizing service location for Message Handler for RadiologyCenter.Cash.Application.Commands.Sessions.ApproveCashHandover.ApproveCashHandoverCommand for Service RadiologyCenter.Cash.Application.Abstractions.ICashHandoverRepository: 
      Dependency: Descriptor: ServiceType: RadiologyCenter.Cash.Infrastructure.Persistence.CashDbContext Lifetime: Scoped ImplementationType: RadiologyCenter.Cash.Infrastructure.Persistence.CashDbContext
      
      Dependency: Descriptor: ServiceType: Microsoft.EntityFrameworkCore.DbContextOptions`1[RadiologyCenter.Cash.Infrastructure.Persistence.CashDbContext] Lifetime: Scoped ImplementationFactory: Microsoft.Extensions.DependencyInjection.EntityFrameworkServiceCollectionExtensions.CreateDbContextOptions
      The service registration for Microsoft.EntityFrameworkCore.DbContextOptions<RadiologyCenter.Cash.Infrastructure.Persistence.CashDbContext> is an 'opaque' lambda factory with the Scoped lifetime and requires service location
      
      . This will throw in Wolverine 6.0 when ServiceLocationPolicy.NotAllowed becomes the default. See https://wolverinefx.net/guide/codegen.html
warn: JasperFx.CodeGeneration.ICodeFile[0]
      Utilizing service location for Message Handler for RadiologyCenter.Cash.Application.Commands.Sessions.ApproveCashHandover.ApproveCashHandoverCommand for Service RadiologyCenter.Cash.Application.Abstractions.ICashUnitOfWork: 
      Dependency: Descriptor: ServiceType: RadiologyCenter.Cash.Infrastructure.Persistence.CashDbContext Lifetime: Scoped ImplementationType: RadiologyCenter.Cash.Infrastructure.Persistence.CashDbContext
      
      Dependency: Descriptor: ServiceType: Microsoft.EntityFrameworkCore.DbContextOptions`1[RadiologyCenter.Cash.Infrastructure.Persistence.CashDbContext] Lifetime: Scoped ImplementationFactory: Microsoft.Extensions.DependencyInjection.EntityFrameworkServiceCollectionExtensions.CreateDbContextOptions
      The service registration for Microsoft.EntityFrameworkCore.DbContextOptions<RadiologyCenter.Cash.Infrastructure.Persistence.CashDbContext> is an 'opaque' lambda factory with the Scoped lifetime and requires service location
      
      . This will throw in Wolverine 6.0 when ServiceLocationPolicy.NotAllowed becomes the default. See https://wolverinefx.net/guide/codegen.html
info: Microsoft.EntityFrameworkCore.Database.Command[20101]
      Executed DbCommand (0ms) [Parameters=[@p='?' (DbType = Guid)], CommandType='Text', CommandTimeout='30']
      SELECT TOP(1) [c].[Id], [c].[ClosedAt], [c].[CreatedAt], [c].[CreatedBy], [c].[DeletedAt], [c].[DeletedBy], [c].[IsDeleted], [c].[LastModifiedAt], [c].[LastModifiedBy], [c].[Notes], [c].[OpenedAt], [c].[OpeningFloat], [c].[Status], [c].[UserId], [c].[WorkShiftId]
      FROM [Cash].[CashSessions] AS [c]
      WHERE [c].[IsDeleted] = CAST(0 AS bit) AND [c].[Id] = @p
info: Microsoft.EntityFrameworkCore.Database.Command[20101]
      Executed DbCommand (2ms) [Parameters=[@cashSessionId='?' (DbType = Guid)], CommandType='Text', CommandTimeout='30']
      SELECT TOP(1) [c].[Id], [c].[ApprovedAt], [c].[ApprovedByUserId], [c].[CashSessionId], [c].[ClosedAt], [c].[ClosedByUserId], [c].[CountedTotal], [c].[CreatedAt], [c].[CreatedBy], [c].[DeletedAt], [c].[DeletedBy], [c].[ExpectedTotal], [c].[IsDeleted], [c].[LastModifiedAt], [c].[LastModifiedBy], [c].[Notes], [c].[OverShortAmount], [c].[ReceivingCashSessionId]
      FROM [Cash].[CashHandovers] AS [c]
      WHERE [c].[IsDeleted] = CAST(0 AS bit) AND [c].[CashSessionId] = @cashSessionId
warn: JasperFx.CodeGeneration.ICodeFile[0]
      Utilizing service location for Message Handler for RadiologyCenter.ResourceManagement.Application.Commands.CreateLeave.CreateLeaveCommand for Service RadiologyCenter.ResourceManagement.Application.Abstractions.ILeaveRepository: 
      Dependency: Descriptor: ServiceType: RadiologyCenter.ResourceManagement.Infrastructure.Persistence.ResourceManagementDbContext Lifetime: Scoped ImplementationType: RadiologyCenter.ResourceManagement.Infrastructure.Persistence.ResourceManagementDbContext
      
      Dependency: Descriptor: ServiceType: Microsoft.EntityFrameworkCore.DbContextOptions`1[RadiologyCenter.ResourceManagement.Infrastructure.Persistence.ResourceManagementDbContext] Lifetime: Scoped ImplementationFactory: Microsoft.Extensions.DependencyInjection.EntityFrameworkServiceCollectionExtensions.CreateDbContextOptions
      The service registration for Microsoft.EntityFrameworkCore.DbContextOptions<RadiologyCenter.ResourceManagement.Infrastructure.Persistence.ResourceManagementDbContext> is an 'opaque' lambda factory with the Scoped lifetime and requires service location
      
      . This will throw in Wolverine 6.0 when ServiceLocationPolicy.NotAllowed becomes the default. See https://wolverinefx.net/guide/codegen.html
warn: JasperFx.CodeGeneration.ICodeFile[0]
      Utilizing service location for Message Handler for RadiologyCenter.ResourceManagement.Application.Commands.CreateLeave.CreateLeaveCommand for Service RadiologyCenter.ResourceManagement.Application.Abstractions.IStaffRepository: 
      Dependency: Descriptor: ServiceType: RadiologyCenter.ResourceManagement.Infrastructure.Persistence.ResourceManagementDbContext Lifetime: Scoped ImplementationType: RadiologyCenter.ResourceManagement.Infrastructure.Persistence.ResourceManagementDbContext
      
      Dependency: Descriptor: ServiceType: Microsoft.EntityFrameworkCore.DbContextOptions`1[RadiologyCenter.ResourceManagement.Infrastructure.Persistence.ResourceManagementDbContext] Lifetime: Scoped ImplementationFactory: Microsoft.Extensions.DependencyInjection.EntityFrameworkServiceCollectionExtensions.CreateDbContextOptions
      The service registration for Microsoft.EntityFrameworkCore.DbContextOptions<RadiologyCenter.ResourceManagement.Infrastructure.Persistence.ResourceManagementDbContext> is an 'opaque' lambda factory with the Scoped lifetime and requires service location
      
      . This will throw in Wolverine 6.0 when ServiceLocationPolicy.NotAllowed becomes the default. See https://wolverinefx.net/guide/codegen.html
warn: JasperFx.CodeGeneration.ICodeFile[0]
      Utilizing service location for Message Handler for RadiologyCenter.ResourceManagement.Application.Commands.CreateLeave.CreateLeaveCommand for Service RadiologyCenter.ResourceManagement.Application.Abstractions.IResourceManagementUnitOfWork: 
      Dependency: Descriptor: ServiceType: RadiologyCenter.ResourceManagement.Infrastructure.Persistence.ResourceManagementDbContext Lifetime: Scoped ImplementationType: RadiologyCenter.ResourceManagement.Infrastructure.Persistence.ResourceManagementDbContext
      
      Dependency: Descriptor: ServiceType: Microsoft.EntityFrameworkCore.DbContextOptions`1[RadiologyCenter.ResourceManagement.Infrastructure.Persistence.ResourceManagementDbContext] Lifetime: Scoped ImplementationFactory: Microsoft.Extensions.DependencyInjection.EntityFrameworkServiceCollectionExtensions.CreateDbContextOptions
      The service registration for Microsoft.EntityFrameworkCore.DbContextOptions<RadiologyCenter.ResourceManagement.Infrastructure.Persistence.ResourceManagementDbContext> is an 'opaque' lambda factory with the Scoped lifetime and requires service location
      
      . This will throw in Wolverine 6.0 when ServiceLocationPolicy.NotAllowed becomes the default. See https://wolverinefx.net/guide/codegen.html
info: Microsoft.EntityFrameworkCore.Database.Command[20101]
      Executed DbCommand (1ms) [Parameters=[@p='?' (DbType = Guid)], CommandType='Text', CommandTimeout='30']
      SELECT TOP(1) [s].[Id], [s].[CreatedAt], [s].[CreatedBy], [s].[DeletedAt], [s].[DeletedBy], [s].[Department], [s].[FirstName], [s].[HireDate], [s].[IsActive], [s].[IsDeleted], [s].[LastModifiedAt], [s].[LastModifiedBy], [s].[LastName], [s].[LicenseNumber], [s].[MiddleName], [s].[PhoneNumber], [s].[Position], [s].[Specialization], [s].[UserId]
      FROM [ResourceManagement].[Staff] AS [s]
      WHERE [s].[IsDeleted] = CAST(0 AS bit) AND [s].[Id] = @p
info: Microsoft.EntityFrameworkCore.Database.Command[20101]
      Executed DbCommand (3ms) [Parameters=[@staffId='?' (DbType = Guid), @endDate='?' (DbType = DateTime2), @startDate='?' (DbType = DateTime2)], CommandType='Text', CommandTimeout='30']
      SELECT CASE
          WHEN EXISTS (
              SELECT 1
              FROM [ResourceManagement].[Leaves] AS [l]
              WHERE [l].[IsDeleted] = CAST(0 AS bit) AND [l].[StaffId] = @staffId AND [l].[StartDate] <= @endDate AND [l].[EndDate] >= @startDate) THEN CAST(1 AS bit)
          ELSE CAST(0 AS bit)
      END
info: Microsoft.EntityFrameworkCore.Database.Command[20101]
      Executed DbCommand (2ms) [Parameters=[@p0='?' (DbType = Guid), @p1='?' (DbType = DateTime2), @p2='?' (Size = 4000), @p3='?' (DbType = DateTime2), @p4='?' (Size = 4000), @p5='?' (DbType = DateTime2), @p6='?' (DbType = Boolean), @p7='?' (DbType = DateTime2), @p8='?' (Size = 4000), @p9='?' (DbType = Int32), @p10='?' (Size = 500), @p11='?' (DbType = Guid), @p12='?' (DbType = DateTime2)], CommandType='Text', CommandTimeout='30']
      SET IMPLICIT_TRANSACTIONS OFF;
      SET NOCOUNT ON;
      INSERT INTO [ResourceManagement].[Leaves] ([Id], [CreatedAt], [CreatedBy], [DeletedAt], [DeletedBy], [EndDate], [IsDeleted], [LastModifiedAt], [LastModifiedBy], [LeaveType], [Reason], [StaffId], [StartDate])
      VALUES (@p0, @p1, @p2, @p3, @p4, @p5, @p6, @p7, @p8, @p9, @p10, @p11, @p12);
info: Microsoft.EntityFrameworkCore.Database.Command[20101]
      Executed DbCommand (0ms) [Parameters=[@p='?' (DbType = Guid)], CommandType='Text', CommandTimeout='30']
      SELECT TOP(1) [s].[Id], [s].[CreatedAt], [s].[CreatedBy], [s].[DeletedAt], [s].[DeletedBy], [s].[Department], [s].[FirstName], [s].[HireDate], [s].[IsActive], [s].[IsDeleted], [s].[LastModifiedAt], [s].[LastModifiedBy], [s].[LastName], [s].[LicenseNumber], [s].[MiddleName], [s].[PhoneNumber], [s].[Position], [s].[Specialization], [s].[UserId]
      FROM [ResourceManagement].[Staff] AS [s]
      WHERE [s].[IsDeleted] = CAST(0 AS bit) AND [s].[Id] = @p
info: Microsoft.EntityFrameworkCore.Database.Command[20101]
      Executed DbCommand (0ms) [Parameters=[@staffId='?' (DbType = Guid), @endDate='?' (DbType = DateTime2), @startDate='?' (DbType = DateTime2)], CommandType='Text', CommandTimeout='30']
      SELECT CASE
          WHEN EXISTS (
              SELECT 1
              FROM [ResourceManagement].[Leaves] AS [l]
              WHERE [l].[IsDeleted] = CAST(0 AS bit) AND [l].[StaffId] = @staffId AND [l].[StartDate] <= @endDate AND [l].[EndDate] >= @startDate) THEN CAST(1 AS bit)
          ELSE CAST(0 AS bit)
      END
info: Microsoft.EntityFrameworkCore.Database.Command[20101]
      Executed DbCommand (0ms) [Parameters=[@p='?' (DbType = Guid)], CommandType='Text', CommandTimeout='30']
      SELECT TOP(1) [s].[Id], [s].[CreatedAt], [s].[CreatedBy], [s].[DeletedAt], [s].[DeletedBy], [s].[Department], [s].[FirstName], [s].[HireDate], [s].[IsActive], [s].[IsDeleted], [s].[LastModifiedAt], [s].[LastModifiedBy], [s].[LastName], [s].[LicenseNumber], [s].[MiddleName], [s].[PhoneNumber], [s].[Position], [s].[Specialization], [s].[UserId]
      FROM [ResourceManagement].[Staff] AS [s]
      WHERE [s].[IsDeleted] = CAST(0 AS bit) AND [s].[Id] = @p
info: Microsoft.EntityFrameworkCore.Database.Command[20101]
      Executed DbCommand (0ms) [Parameters=[@staffId='?' (DbType = Guid), @endDate='?' (DbType = DateTime2), @startDate='?' (DbType = DateTime2)], CommandType='Text', CommandTimeout='30']
      SELECT CASE
          WHEN EXISTS (
              SELECT 1
              FROM [ResourceManagement].[Leaves] AS [l]
              WHERE [l].[IsDeleted] = CAST(0 AS bit) AND [l].[StaffId] = @staffId AND [l].[StartDate] <= @endDate AND [l].[EndDate] >= @startDate) THEN CAST(1 AS bit)
          ELSE CAST(0 AS bit)
      END
info: Microsoft.EntityFrameworkCore.Database.Command[20101]
      Executed DbCommand (1ms) [Parameters=[@p0='?' (DbType = Guid), @p1='?' (DbType = DateTime2), @p2='?' (Size = 4000), @p3='?' (DbType = DateTime2), @p4='?' (Size = 4000), @p5='?' (DbType = DateTime2), @p6='?' (DbType = Boolean), @p7='?' (DbType = DateTime2), @p8='?' (Size = 4000), @p9='?' (DbType = Int32), @p10='?' (Size = 500), @p11='?' (DbType = Guid), @p12='?' (DbType = DateTime2)], CommandType='Text', CommandTimeout='30']
      SET IMPLICIT_TRANSACTIONS OFF;
      SET NOCOUNT ON;
      INSERT INTO [ResourceManagement].[Leaves] ([Id], [CreatedAt], [CreatedBy], [DeletedAt], [DeletedBy], [EndDate], [IsDeleted], [LastModifiedAt], [LastModifiedBy], [LeaveType], [Reason], [StaffId], [StartDate])
      VALUES (@p0, @p1, @p2, @p3, @p4, @p5, @p6, @p7, @p8, @p9, @p10, @p11, @p12);
warn: JasperFx.CodeGeneration.ICodeFile[0]
      Utilizing service location for Message Handler for RadiologyCenter.ResourceManagement.Application.Commands.UpdateLeave.UpdateLeaveCommand for Service RadiologyCenter.ResourceManagement.Application.Abstractions.ILeaveRepository: 
      Dependency: Descriptor: ServiceType: RadiologyCenter.ResourceManagement.Infrastructure.Persistence.ResourceManagementDbContext Lifetime: Scoped ImplementationType: RadiologyCenter.ResourceManagement.Infrastructure.Persistence.ResourceManagementDbContext
      
      Dependency: Descriptor: ServiceType: Microsoft.EntityFrameworkCore.DbContextOptions`1[RadiologyCenter.ResourceManagement.Infrastructure.Persistence.ResourceManagementDbContext] Lifetime: Scoped ImplementationFactory: Microsoft.Extensions.DependencyInjection.EntityFrameworkServiceCollectionExtensions.CreateDbContextOptions
      The service registration for Microsoft.EntityFrameworkCore.DbContextOptions<RadiologyCenter.ResourceManagement.Infrastructure.Persistence.ResourceManagementDbContext> is an 'opaque' lambda factory with the Scoped lifetime and requires service location
      
      . This will throw in Wolverine 6.0 when ServiceLocationPolicy.NotAllowed becomes the default. See https://wolverinefx.net/guide/codegen.html
warn: JasperFx.CodeGeneration.ICodeFile[0]
      Utilizing service location for Message Handler for RadiologyCenter.ResourceManagement.Application.Commands.UpdateLeave.UpdateLeaveCommand for Service RadiologyCenter.ResourceManagement.Application.Abstractions.IStaffRepository: 
      Dependency: Descriptor: ServiceType: RadiologyCenter.ResourceManagement.Infrastructure.Persistence.ResourceManagementDbContext Lifetime: Scoped ImplementationType: RadiologyCenter.ResourceManagement.Infrastructure.Persistence.ResourceManagementDbContext
      
      Dependency: Descriptor: ServiceType: Microsoft.EntityFrameworkCore.DbContextOptions`1[RadiologyCenter.ResourceManagement.Infrastructure.Persistence.ResourceManagementDbContext] Lifetime: Scoped ImplementationFactory: Microsoft.Extensions.DependencyInjection.EntityFrameworkServiceCollectionExtensions.CreateDbContextOptions
      The service registration for Microsoft.EntityFrameworkCore.DbContextOptions<RadiologyCenter.ResourceManagement.Infrastructure.Persistence.ResourceManagementDbContext> is an 'opaque' lambda factory with the Scoped lifetime and requires service location
      
      . This will throw in Wolverine 6.0 when ServiceLocationPolicy.NotAllowed becomes the default. See https://wolverinefx.net/guide/codegen.html
warn: JasperFx.CodeGeneration.ICodeFile[0]
      Utilizing service location for Message Handler for RadiologyCenter.ResourceManagement.Application.Commands.UpdateLeave.UpdateLeaveCommand for Service RadiologyCenter.ResourceManagement.Application.Abstractions.IResourceManagementUnitOfWork: 
      Dependency: Descriptor: ServiceType: RadiologyCenter.ResourceManagement.Infrastructure.Persistence.ResourceManagementDbContext Lifetime: Scoped ImplementationType: RadiologyCenter.ResourceManagement.Infrastructure.Persistence.ResourceManagementDbContext
      
      Dependency: Descriptor: ServiceType: Microsoft.EntityFrameworkCore.DbContextOptions`1[RadiologyCenter.ResourceManagement.Infrastructure.Persistence.ResourceManagementDbContext] Lifetime: Scoped ImplementationFactory: Microsoft.Extensions.DependencyInjection.EntityFrameworkServiceCollectionExtensions.CreateDbContextOptions
      The service registration for Microsoft.EntityFrameworkCore.DbContextOptions<RadiologyCenter.ResourceManagement.Infrastructure.Persistence.ResourceManagementDbContext> is an 'opaque' lambda factory with the Scoped lifetime and requires service location
      
      . This will throw in Wolverine 6.0 when ServiceLocationPolicy.NotAllowed becomes the default. See https://wolverinefx.net/guide/codegen.html
info: Microsoft.EntityFrameworkCore.Database.Command[20101]
      Executed DbCommand (1ms) [Parameters=[@p='?' (DbType = Guid)], CommandType='Text', CommandTimeout='30']
      SELECT TOP(1) [l].[Id], [l].[CreatedAt], [l].[CreatedBy], [l].[DeletedAt], [l].[DeletedBy], [l].[EndDate], [l].[IsDeleted], [l].[LastModifiedAt], [l].[LastModifiedBy], [l].[LeaveType], [l].[Reason], [l].[StaffId], [l].[StartDate]
      FROM [ResourceManagement].[Leaves] AS [l]
      WHERE [l].[IsDeleted] = CAST(0 AS bit) AND [l].[Id] = @p
info: Microsoft.EntityFrameworkCore.Database.Command[20101]
      Executed DbCommand (0ms) [Parameters=[@p='?' (DbType = Guid)], CommandType='Text', CommandTimeout='30']
      SELECT TOP(1) [s].[Id], [s].[CreatedAt], [s].[CreatedBy], [s].[DeletedAt], [s].[DeletedBy], [s].[Department], [s].[FirstName], [s].[HireDate], [s].[IsActive], [s].[IsDeleted], [s].[LastModifiedAt], [s].[LastModifiedBy], [s].[LastName], [s].[LicenseNumber], [s].[MiddleName], [s].[PhoneNumber], [s].[Position], [s].[Specialization], [s].[UserId]
      FROM [ResourceManagement].[Staff] AS [s]
      WHERE [s].[IsDeleted] = CAST(0 AS bit) AND [s].[Id] = @p
info: Microsoft.EntityFrameworkCore.Database.Command[20101]
      Executed DbCommand (2ms) [Parameters=[@staffId='?' (DbType = Guid), @endDate='?' (DbType = DateTime2), @startDate='?' (DbType = DateTime2), @excludeLeaveId_Value='?' (DbType = Guid)], CommandType='Text', CommandTimeout='30']
      SELECT CASE
          WHEN EXISTS (
              SELECT 1
              FROM [ResourceManagement].[Leaves] AS [l]
              WHERE [l].[IsDeleted] = CAST(0 AS bit) AND [l].[StaffId] = @staffId AND [l].[StartDate] <= @endDate AND [l].[EndDate] >= @startDate AND [l].[Id] <> @excludeLeaveId_Value) THEN CAST(1 AS bit)
          ELSE CAST(0 AS bit)
      END
warn: JasperFx.CodeGeneration.ICodeFile[0]
      Utilizing service location for Message Handler for RadiologyCenter.Payroll.Application.Commands.CreateSalary.CreateSalaryCommand for Service RadiologyCenter.Payroll.Application.Abstractions.ISalaryRepository: 
      Dependency: Descriptor: ServiceType: RadiologyCenter.Payroll.Infrastructure.Persistence.PayrollDbContext Lifetime: Scoped ImplementationType: RadiologyCenter.Payroll.Infrastructure.Persistence.PayrollDbContext
      
      Dependency: Descriptor: ServiceType: Microsoft.EntityFrameworkCore.DbContextOptions`1[RadiologyCenter.Payroll.Infrastructure.Persistence.PayrollDbContext] Lifetime: Scoped ImplementationFactory: Microsoft.Extensions.DependencyInjection.EntityFrameworkServiceCollectionExtensions.CreateDbContextOptions
      The service registration for Microsoft.EntityFrameworkCore.DbContextOptions<RadiologyCenter.Payroll.Infrastructure.Persistence.PayrollDbContext> is an 'opaque' lambda factory with the Scoped lifetime and requires service location
      
      . This will throw in Wolverine 6.0 when ServiceLocationPolicy.NotAllowed becomes the default. See https://wolverinefx.net/guide/codegen.html
warn: JasperFx.CodeGeneration.ICodeFile[0]
      Utilizing service location for Message Handler for RadiologyCenter.Payroll.Application.Commands.CreateSalary.CreateSalaryCommand for Service RadiologyCenter.Payroll.Application.Abstractions.IPayrollStaffDirectory: 
      Dependency: Descriptor: ServiceType: RadiologyCenter.ResourceManagement.Application.Abstractions.IStaffRepository Lifetime: Scoped ImplementationType: RadiologyCenter.ResourceManagement.Infrastructure.Repositories.StaffRepository
      
      Dependency: Descriptor: ServiceType: RadiologyCenter.ResourceManagement.Infrastructure.Persistence.ResourceManagementDbContext Lifetime: Scoped ImplementationType: RadiologyCenter.ResourceManagement.Infrastructure.Persistence.ResourceManagementDbContext
      
      Dependency: Descriptor: ServiceType: Microsoft.EntityFrameworkCore.DbContextOptions`1[RadiologyCenter.ResourceManagement.Infrastructure.Persistence.ResourceManagementDbContext] Lifetime: Scoped ImplementationFactory: Microsoft.Extensions.DependencyInjection.EntityFrameworkServiceCollectionExtensions.CreateDbContextOptions
      The service registration for Microsoft.EntityFrameworkCore.DbContextOptions<RadiologyCenter.ResourceManagement.Infrastructure.Persistence.ResourceManagementDbContext> is an 'opaque' lambda factory with the Scoped lifetime and requires service location
      
      
      . This will throw in Wolverine 6.0 when ServiceLocationPolicy.NotAllowed becomes the default. See https://wolverinefx.net/guide/codegen.html
warn: JasperFx.CodeGeneration.ICodeFile[0]
      Utilizing service location for Message Handler for RadiologyCenter.Payroll.Application.Commands.CreateSalary.CreateSalaryCommand for Service RadiologyCenter.Payroll.Application.Abstractions.IPayrollUnitOfWork: 
      Dependency: Descriptor: ServiceType: RadiologyCenter.Payroll.Infrastructure.Persistence.PayrollDbContext Lifetime: Scoped ImplementationType: RadiologyCenter.Payroll.Infrastructure.Persistence.PayrollDbContext
      
      Dependency: Descriptor: ServiceType: Microsoft.EntityFrameworkCore.DbContextOptions`1[RadiologyCenter.Payroll.Infrastructure.Persistence.PayrollDbContext] Lifetime: Scoped ImplementationFactory: Microsoft.Extensions.DependencyInjection.EntityFrameworkServiceCollectionExtensions.CreateDbContextOptions
      The service registration for Microsoft.EntityFrameworkCore.DbContextOptions<RadiologyCenter.Payroll.Infrastructure.Persistence.PayrollDbContext> is an 'opaque' lambda factory with the Scoped lifetime and requires service location
      
      . This will throw in Wolverine 6.0 when ServiceLocationPolicy.NotAllowed becomes the default. See https://wolverinefx.net/guide/codegen.html
info: Microsoft.EntityFrameworkCore.Database.Command[20101]
      Executed DbCommand (0ms) [Parameters=[@p='?' (DbType = Guid)], CommandType='Text', CommandTimeout='30']
      SELECT TOP(1) [s].[Id], [s].[CreatedAt], [s].[CreatedBy], [s].[DeletedAt], [s].[DeletedBy], [s].[Department], [s].[FirstName], [s].[HireDate], [s].[IsActive], [s].[IsDeleted], [s].[LastModifiedAt], [s].[LastModifiedBy], [s].[LastName], [s].[LicenseNumber], [s].[MiddleName], [s].[PhoneNumber], [s].[Position], [s].[Specialization], [s].[UserId]
      FROM [ResourceManagement].[Staff] AS [s]
      WHERE [s].[IsDeleted] = CAST(0 AS bit) AND [s].[Id] = @p
info: Microsoft.EntityFrameworkCore.Database.Command[20101]
      Executed DbCommand (3ms) [Parameters=[@staffId='?' (DbType = Guid)], CommandType='Text', CommandTimeout='30']
      SELECT [s].[Id], [s].[BaseSalary], [s].[CreatedAt], [s].[CreatedBy], [s].[DeletedAt], [s].[DeletedBy], [s].[EffectiveDate], [s].[IsActive], [s].[IsDeleted], [s].[LastModifiedAt], [s].[LastModifiedBy], [s].[SalaryType], [s].[StaffId]
      FROM [Payroll].[Salaries] AS [s]
      WHERE [s].[IsDeleted] = CAST(0 AS bit) AND [s].[StaffId] = @staffId AND [s].[IsActive] = CAST(1 AS bit)
info: Microsoft.EntityFrameworkCore.Database.Command[20101]
      Executed DbCommand (2ms) [Parameters=[@p0='?' (DbType = Guid), @p1='?' (Precision = 18) (Scale = 2) (DbType = Decimal), @p2='?' (DbType = DateTime2), @p3='?' (Size = 4000), @p4='?' (DbType = DateTime2), @p5='?' (Size = 4000), @p6='?' (DbType = DateTime2), @p7='?' (DbType = Boolean), @p8='?' (DbType = Boolean), @p9='?' (DbType = DateTime2), @p10='?' (Size = 4000), @p11='?' (DbType = Int32), @p12='?' (DbType = Guid)], CommandType='Text', CommandTimeout='30']
      SET IMPLICIT_TRANSACTIONS OFF;
      SET NOCOUNT ON;
      INSERT INTO [Payroll].[Salaries] ([Id], [BaseSalary], [CreatedAt], [CreatedBy], [DeletedAt], [DeletedBy], [EffectiveDate], [IsActive], [IsDeleted], [LastModifiedAt], [LastModifiedBy], [SalaryType], [StaffId])
      VALUES (@p0, @p1, @p2, @p3, @p4, @p5, @p6, @p7, @p8, @p9, @p10, @p11, @p12);
info: Microsoft.EntityFrameworkCore.Database.Command[20101]
      Executed DbCommand (0ms) [Parameters=[@p='?' (DbType = Guid)], CommandType='Text', CommandTimeout='30']
      SELECT TOP(1) [s].[Id], [s].[CreatedAt], [s].[CreatedBy], [s].[DeletedAt], [s].[DeletedBy], [s].[Department], [s].[FirstName], [s].[HireDate], [s].[IsActive], [s].[IsDeleted], [s].[LastModifiedAt], [s].[LastModifiedBy], [s].[LastName], [s].[LicenseNumber], [s].[MiddleName], [s].[PhoneNumber], [s].[Position], [s].[Specialization], [s].[UserId]
      FROM [ResourceManagement].[Staff] AS [s]
      WHERE [s].[IsDeleted] = CAST(0 AS bit) AND [s].[Id] = @p
info: Microsoft.EntityFrameworkCore.Database.Command[20101]
      Executed DbCommand (1ms) [Parameters=[@p0='?' (DbType = Guid), @p1='?' (Precision = 18) (Scale = 2) (DbType = Decimal), @p2='?' (DbType = DateTime2), @p3='?' (Size = 4000), @p4='?' (DbType = DateTime2), @p5='?' (Size = 4000), @p6='?' (DbType = DateTime2), @p7='?' (DbType = Boolean), @p8='?' (DbType = Boolean), @p9='?' (DbType = DateTime2), @p10='?' (Size = 4000), @p11='?' (DbType = Int32), @p12='?' (DbType = Guid)], CommandType='Text', CommandTimeout='30']
      SET IMPLICIT_TRANSACTIONS OFF;
      SET NOCOUNT ON;
      INSERT INTO [Payroll].[Salaries] ([Id], [BaseSalary], [CreatedAt], [CreatedBy], [DeletedAt], [DeletedBy], [EffectiveDate], [IsActive], [IsDeleted], [LastModifiedAt], [LastModifiedBy], [SalaryType], [StaffId])
      VALUES (@p0, @p1, @p2, @p3, @p4, @p5, @p6, @p7, @p8, @p9, @p10, @p11, @p12);
warn: JasperFx.CodeGeneration.ICodeFile[0]
      Utilizing service location for Message Handler for RadiologyCenter.Payroll.Application.Queries.GetSalaryById.GetSalaryByIdQuery for Service RadiologyCenter.Payroll.Application.Abstractions.ISalaryRepository: 
      Dependency: Descriptor: ServiceType: RadiologyCenter.Payroll.Infrastructure.Persistence.PayrollDbContext Lifetime: Scoped ImplementationType: RadiologyCenter.Payroll.Infrastructure.Persistence.PayrollDbContext
      
      Dependency: Descriptor: ServiceType: Microsoft.EntityFrameworkCore.DbContextOptions`1[RadiologyCenter.Payroll.Infrastructure.Persistence.PayrollDbContext] Lifetime: Scoped ImplementationFactory: Microsoft.Extensions.DependencyInjection.EntityFrameworkServiceCollectionExtensions.CreateDbContextOptions
      The service registration for Microsoft.EntityFrameworkCore.DbContextOptions<RadiologyCenter.Payroll.Infrastructure.Persistence.PayrollDbContext> is an 'opaque' lambda factory with the Scoped lifetime and requires service location
      
      . This will throw in Wolverine 6.0 when ServiceLocationPolicy.NotAllowed becomes the default. See https://wolverinefx.net/guide/codegen.html
info: Microsoft.EntityFrameworkCore.Database.Command[20101]
      Executed DbCommand (1ms) [Parameters=[@p='?' (DbType = Guid)], CommandType='Text', CommandTimeout='30']
      SELECT TOP(1) [s].[Id], [s].[BaseSalary], [s].[CreatedAt], [s].[CreatedBy], [s].[DeletedAt], [s].[DeletedBy], [s].[EffectiveDate], [s].[IsActive], [s].[IsDeleted], [s].[LastModifiedAt], [s].[LastModifiedBy], [s].[SalaryType], [s].[StaffId]
      FROM [Payroll].[Salaries] AS [s]
      WHERE [s].[IsDeleted] = CAST(0 AS bit) AND [s].[Id] = @p
info: Microsoft.EntityFrameworkCore.Database.Command[20101]
      Executed DbCommand (2ms) [Parameters=[@code='?' (Size = 20)], CommandType='Text', CommandTimeout='30']
      SELECT CASE
          WHEN EXISTS (
              SELECT 1
              FROM [Examinations].[ExaminationTypes] AS [e]
              WHERE [e].[IsDeleted] = CAST(0 AS bit) AND [e].[Code] = @code) THEN CAST(1 AS bit)
          ELSE CAST(0 AS bit)
      END
info: Wolverine.Runtime.WolverineRuntime[107]
      No routes can be determined for Envelope #08def9a8-cabb-27a2-e86a-64c9e0060000 (RadiologyCenter.Examinations.Domain.Events.ExaminationTypeCreatedEvent)
info: Microsoft.EntityFrameworkCore.Database.Command[20101]
      Executed DbCommand (2ms) [Parameters=[@p0='?' (DbType = Guid), @p1='?' (Size = 200), @p2='?' (Size = 20), @p3='?' (DbType = DateTime2), @p4='?' (Size = 4000), @p5='?' (DbType = DateTime2), @p6='?' (Size = 4000), @p7='?' (DbType = Boolean), @p8='?' (DbType = Boolean), @p9='?' (DbType = DateTime2), @p10='?' (Size = 4000), @p11='?' (DbType = Int32), @p12='?' (Size = 200), @p13='?' (Precision = 18) (Scale = 2) (DbType = Decimal), @p14='?' (DbType = Boolean), @p15='?' (DbType = Boolean), @p16='?' (DbType = Int32)], CommandType='Text', CommandTimeout='30']
      SET IMPLICIT_TRANSACTIONS OFF;
      SET NOCOUNT ON;
      INSERT INTO [Examinations].[ExaminationTypes] ([Id], [BodyPart], [Code], [CreatedAt], [CreatedBy], [DeletedAt], [DeletedBy], [IsActive], [IsDeleted], [LastModifiedAt], [LastModifiedBy], [Modality], [Name], [Price], [RequiresConsent], [RequiresPreparation], [StandardDurationMinutes])
      VALUES (@p0, @p1, @p2, @p3, @p4, @p5, @p6, @p7, @p8, @p9, @p10, @p11, @p12, @p13, @p14, @p15, @p16);
warn: JasperFx.CodeGeneration.ICodeFile[0]
      Utilizing service location for Message Handler for RadiologyCenter.Examinations.Application.Queries.GetExaminationTypes.GetExaminationTypesQuery for Service RadiologyCenter.Examinations.Application.Abstractions.IExaminationTypeRepository: 
      Dependency: Descriptor: ServiceType: RadiologyCenter.Examinations.Infrastructure.Persistence.ExaminationsDbContext Lifetime: Scoped ImplementationType: RadiologyCenter.Examinations.Infrastructure.Persistence.ExaminationsDbContext
      
      Dependency: Descriptor: ServiceType: Microsoft.EntityFrameworkCore.DbContextOptions`1[RadiologyCenter.Examinations.Infrastructure.Persistence.ExaminationsDbContext] Lifetime: Scoped ImplementationFactory: Microsoft.Extensions.DependencyInjection.EntityFrameworkServiceCollectionExtensions.CreateDbContextOptions
      The service registration for Microsoft.EntityFrameworkCore.DbContextOptions<RadiologyCenter.Examinations.Infrastructure.Persistence.ExaminationsDbContext> is an 'opaque' lambda factory with the Scoped lifetime and requires service location
      
      . This will throw in Wolverine 6.0 when ServiceLocationPolicy.NotAllowed becomes the default. See https://wolverinefx.net/guide/codegen.html
info: Microsoft.EntityFrameworkCore.Database.Command[20101]
      Executed DbCommand (2ms) [Parameters=[], CommandType='Text', CommandTimeout='30']
      SELECT COUNT(*)
      FROM [Examinations].[ExaminationTypes] AS [e]
      WHERE [e].[IsDeleted] = CAST(0 AS bit) AND [e].[IsActive] = CAST(1 AS bit)
warn: Microsoft.EntityFrameworkCore.Query[10102]
      The query uses a row limiting operator ('Skip'/'Take') without an 'OrderBy' operator. This may lead to unpredictable results. If the 'Distinct' operator is used after 'OrderBy', then make sure to use the 'OrderBy' operator after 'Distinct' as the ordering would otherwise get erased.
warn: Microsoft.EntityFrameworkCore.Query[10102]
      The query uses a row limiting operator ('Skip'/'Take') without an 'OrderBy' operator. This may lead to unpredictable results. If the 'Distinct' operator is used after 'OrderBy', then make sure to use the 'OrderBy' operator after 'Distinct' as the ordering would otherwise get erased.
info: Microsoft.EntityFrameworkCore.Database.Command[20101]
      Executed DbCommand (4ms) [Parameters=[@p='?' (DbType = Int32), @p1='?' (DbType = Int32)], CommandType='Text', CommandTimeout='30']
      SELECT [e1].[Id], [e1].[BodyPart], [e1].[Code], [e1].[CreatedAt], [e1].[CreatedBy], [e1].[DeletedAt], [e1].[DeletedBy], [e1].[IsActive], [e1].[IsDeleted], [e1].[LastModifiedAt], [e1].[LastModifiedBy], [e1].[Modality], [e1].[Name], [e1].[Price], [e1].[RequiresConsent], [e1].[RequiresPreparation], [e1].[StandardDurationMinutes], [e0].[Id], [e0].[ExaminationTypeId], [e0].[IsContrast], [e0].[IsRequired], [e0].[ItemId], [e0].[Notes], [e0].[Quantity]
      FROM (
          SELECT [e].[Id], [e].[BodyPart], [e].[Code], [e].[CreatedAt], [e].[CreatedBy], [e].[DeletedAt], [e].[DeletedBy], [e].[IsActive], [e].[IsDeleted], [e].[LastModifiedAt], [e].[LastModifiedBy], [e].[Modality], [e].[Name], [e].[Price], [e].[RequiresConsent], [e].[RequiresPreparation], [e].[StandardDurationMinutes]
          FROM [Examinations].[ExaminationTypes] AS [e]
          WHERE [e].[IsDeleted] = CAST(0 AS bit) AND [e].[IsActive] = CAST(1 AS bit)
          ORDER BY (SELECT 1)
          OFFSET @p ROWS FETCH NEXT @p1 ROWS ONLY
      ) AS [e1]
      LEFT JOIN [Examinations].[ExaminationTypeItems] AS [e0] ON [e1].[Id] = [e0].[ExaminationTypeId]
      ORDER BY [e1].[Id]
info: Microsoft.EntityFrameworkCore.Database.Command[20101]
      Executed DbCommand (2ms) [Parameters=[], CommandType='Text', CommandTimeout='30']
      SELECT COUNT(*)
      FROM [Examinations].[ExaminationTypes] AS [e]
      WHERE [e].[IsDeleted] = CAST(0 AS bit) AND [e].[IsActive] = CAST(0 AS bit)
warn: Microsoft.EntityFrameworkCore.Query[10102]
      The query uses a row limiting operator ('Skip'/'Take') without an 'OrderBy' operator. This may lead to unpredictable results. If the 'Distinct' operator is used after 'OrderBy', then make sure to use the 'OrderBy' operator after 'Distinct' as the ordering would otherwise get erased.
warn: Microsoft.EntityFrameworkCore.Query[10102]
      The query uses a row limiting operator ('Skip'/'Take') without an 'OrderBy' operator. This may lead to unpredictable results. If the 'Distinct' operator is used after 'OrderBy', then make sure to use the 'OrderBy' operator after 'Distinct' as the ordering would otherwise get erased.
info: Microsoft.EntityFrameworkCore.Database.Command[20101]
      Executed DbCommand (3ms) [Parameters=[@p='?' (DbType = Int32), @p1='?' (DbType = Int32)], CommandType='Text', CommandTimeout='30']
      SELECT [e1].[Id], [e1].[BodyPart], [e1].[Code], [e1].[CreatedAt], [e1].[CreatedBy], [e1].[DeletedAt], [e1].[DeletedBy], [e1].[IsActive], [e1].[IsDeleted], [e1].[LastModifiedAt], [e1].[LastModifiedBy], [e1].[Modality], [e1].[Name], [e1].[Price], [e1].[RequiresConsent], [e1].[RequiresPreparation], [e1].[StandardDurationMinutes], [e0].[Id], [e0].[ExaminationTypeId], [e0].[IsContrast], [e0].[IsRequired], [e0].[ItemId], [e0].[Notes], [e0].[Quantity]
      FROM (
          SELECT [e].[Id], [e].[BodyPart], [e].[Code], [e].[CreatedAt], [e].[CreatedBy], [e].[DeletedAt], [e].[DeletedBy], [e].[IsActive], [e].[IsDeleted], [e].[LastModifiedAt], [e].[LastModifiedBy], [e].[Modality], [e].[Name], [e].[Price], [e].[RequiresConsent], [e].[RequiresPreparation], [e].[StandardDurationMinutes]
          FROM [Examinations].[ExaminationTypes] AS [e]
          WHERE [e].[IsDeleted] = CAST(0 AS bit) AND [e].[IsActive] = CAST(0 AS bit)
          ORDER BY (SELECT 1)
          OFFSET @p ROWS FETCH NEXT @p1 ROWS ONLY
      ) AS [e1]
      LEFT JOIN [Examinations].[ExaminationTypeItems] AS [e0] ON [e1].[Id] = [e0].[ExaminationTypeId]
      ORDER BY [e1].[Id]
info: Wolverine.Runtime.WolverineRuntime[107]
      No routes can be determined for Envelope #08def9a8-cad9-a319-e86a-64c9e0060000 (RadiologyCenter.Patients.Domain.Events.PatientRegisteredEvent)
info: Microsoft.EntityFrameworkCore.Database.Command[20101]
      Executed DbCommand (0ms) [Parameters=[@p0='?' (DbType = Guid), @p1='?' (Size = 300), @p2='?' (DbType = Int32), @p3='?' (Size = 1000), @p4='?' (DbType = Int32), @p5='?' (DbType = DateTime2), @p6='?' (Size = 4000), @p7='?' (DbType = DateTime2), @p8='?' (DbType = DateTime2), @p9='?' (Size = 4000), @p10='?' (Size = 200), @p11='?' (Size = 100), @p12='?' (DbType = Int32), @p13='?' (DbType = Boolean), @p14='?' (DbType = Boolean), @p15='?' (DbType = DateTime2), @p16='?' (Size = 4000), @p17='?' (Size = 100), @p18='?' (Size = 2000), @p19='?' (Size = 100), @p20='?' (Size = 50), @p21='?' (Size = 20), @p22='?' (Size = 30), @p23='?' (Size = 200)], CommandType='Text', CommandTimeout='30']
      SET IMPLICIT_TRANSACTIONS OFF;
      SET NOCOUNT ON;
      INSERT INTO [Patients].[Patients] ([Id], [Address], [Age], [Allergies], [BloodType], [CreatedAt], [CreatedBy], [DateOfBirth], [DeletedAt], [DeletedBy], [Email], [FirstName], [Gender], [IsActive], [IsDeleted], [LastModifiedAt], [LastModifiedBy], [LastName], [MedicalHistory], [MiddleName], [NationalId], [PatientCode], [PhoneNumber], [ReferringPhysician])
      VALUES (@p0, @p1, @p2, @p3, @p4, @p5, @p6, @p7, @p8, @p9, @p10, @p11, @p12, @p13, @p14, @p15, @p16, @p17, @p18, @p19, @p20, @p21, @p22, @p23);
warn: JasperFx.CodeGeneration.ICodeFile[0]
      Utilizing service location for Message Handler for RadiologyCenter.Patients.Application.Queries.GetPatients.GetPatientsQuery for Service RadiologyCenter.Patients.Application.Abstractions.IPatientRepository: 
      Dependency: Descriptor: ServiceType: RadiologyCenter.Patients.Infrastructure.Persistence.PatientsDbContext Lifetime: Scoped ImplementationType: RadiologyCenter.Patients.Infrastructure.Persistence.PatientsDbContext
      
      Dependency: Descriptor: ServiceType: Microsoft.EntityFrameworkCore.DbContextOptions`1[RadiologyCenter.Patients.Infrastructure.Persistence.PatientsDbContext] Lifetime: Scoped ImplementationFactory: Microsoft.Extensions.DependencyInjection.EntityFrameworkServiceCollectionExtensions.CreateDbContextOptions
      The service registration for Microsoft.EntityFrameworkCore.DbContextOptions<RadiologyCenter.Patients.Infrastructure.Persistence.PatientsDbContext> is an 'opaque' lambda factory with the Scoped lifetime and requires service location
      
      . This will throw in Wolverine 6.0 when ServiceLocationPolicy.NotAllowed becomes the default. See https://wolverinefx.net/guide/codegen.html
info: Microsoft.EntityFrameworkCore.Database.Command[20101]
      Executed DbCommand (2ms) [Parameters=[], CommandType='Text', CommandTimeout='30']
      SELECT COUNT(*)
      FROM [Patients].[Patients] AS [p]
      WHERE [p].[IsDeleted] = CAST(0 AS bit) AND [p].[IsActive] = CAST(1 AS bit)
warn: Microsoft.EntityFrameworkCore.Query[10102]
      The query uses a row limiting operator ('Skip'/'Take') without an 'OrderBy' operator. This may lead to unpredictable results. If the 'Distinct' operator is used after 'OrderBy', then make sure to use the 'OrderBy' operator after 'Distinct' as the ordering would otherwise get erased.
warn: Microsoft.EntityFrameworkCore.Query[10102]
      The query uses a row limiting operator ('Skip'/'Take') without an 'OrderBy' operator. This may lead to unpredictable results. If the 'Distinct' operator is used after 'OrderBy', then make sure to use the 'OrderBy' operator after 'Distinct' as the ordering would otherwise get erased.
info: Microsoft.EntityFrameworkCore.Database.Command[20101]
      Executed DbCommand (2ms) [Parameters=[@p='?' (DbType = Int32), @p1='?' (DbType = Int32)], CommandType='Text', CommandTimeout='30']
      SELECT [p].[Id], [p].[Address], [p].[Age], [p].[Allergies], [p].[BloodType], [p].[CreatedAt], [p].[CreatedBy], [p].[DateOfBirth], [p].[DeletedAt], [p].[DeletedBy], [p].[Email], [p].[FirstName], [p].[Gender], [p].[IsActive], [p].[IsDeleted], [p].[LastModifiedAt], [p].[LastModifiedBy], [p].[LastName], [p].[MedicalHistory], [p].[MiddleName], [p].[NationalId], [p].[PatientCode], [p].[PhoneNumber], [p].[ReferringPhysician]
      FROM [Patients].[Patients] AS [p]
      WHERE [p].[IsDeleted] = CAST(0 AS bit) AND [p].[IsActive] = CAST(1 AS bit)
      ORDER BY (SELECT 1)
      OFFSET @p ROWS FETCH NEXT @p1 ROWS ONLY
info: Microsoft.EntityFrameworkCore.Database.Command[20101]
      Executed DbCommand (2ms) [Parameters=[], CommandType='Text', CommandTimeout='30']
      SELECT COUNT(*)
      FROM [Patients].[Patients] AS [p]
      WHERE [p].[IsDeleted] = CAST(0 AS bit) AND [p].[IsActive] = CAST(0 AS bit)
warn: Microsoft.EntityFrameworkCore.Query[10102]
      The query uses a row limiting operator ('Skip'/'Take') without an 'OrderBy' operator. This may lead to unpredictable results. If the 'Distinct' operator is used after 'OrderBy', then make sure to use the 'OrderBy' operator after 'Distinct' as the ordering would otherwise get erased.
warn: Microsoft.EntityFrameworkCore.Query[10102]
      The query uses a row limiting operator ('Skip'/'Take') without an 'OrderBy' operator. This may lead to unpredictable results. If the 'Distinct' operator is used after 'OrderBy', then make sure to use the 'OrderBy' operator after 'Distinct' as the ordering would otherwise get erased.
info: Microsoft.EntityFrameworkCore.Database.Command[20101]
      Executed DbCommand (3ms) [Parameters=[@p='?' (DbType = Int32), @p1='?' (DbType = Int32)], CommandType='Text', CommandTimeout='30']
      SELECT [p].[Id], [p].[Address], [p].[Age], [p].[Allergies], [p].[BloodType], [p].[CreatedAt], [p].[CreatedBy], [p].[DateOfBirth], [p].[DeletedAt], [p].[DeletedBy], [p].[Email], [p].[FirstName], [p].[Gender], [p].[IsActive], [p].[IsDeleted], [p].[LastModifiedAt], [p].[LastModifiedBy], [p].[LastName], [p].[MedicalHistory], [p].[MiddleName], [p].[NationalId], [p].[PatientCode], [p].[PhoneNumber], [p].[ReferringPhysician]
      FROM [Patients].[Patients] AS [p]
      WHERE [p].[IsDeleted] = CAST(0 AS bit) AND [p].[IsActive] = CAST(0 AS bit)
      ORDER BY (SELECT 1)
      OFFSET @p ROWS FETCH NEXT @p1 ROWS ONLY
info: Microsoft.EntityFrameworkCore.Database.Command[20101]
      Executed DbCommand (14ms) [Parameters=[@userName='?' (Size = 4000)], CommandType='Text', CommandTimeout='30']
      SELECT [a3].[Id], [a3].[AccessFailedCount], [a3].[ConcurrencyStamp], [a3].[CreatedAt], [a3].[Email], [a3].[EmailConfirmed], [a3].[FirstName], [a3].[IsActive], [a3].[LastLoginAt], [a3].[LastName], [a3].[LockoutEnabled], [a3].[LockoutEnd], [a3].[MustChangePassword], [a3].[NormalizedEmail], [a3].[NormalizedUserName], [a3].[PasswordHash], [a3].[PhoneNumber], [a3].[PhoneNumberConfirmed], [a3].[ProfilePictureUrl], [a3].[SecurityStamp], [a3].[TwoFactorEnabled], [a3].[UserName], [r].[UserId], [r].[Token], [r].[CreatedAtUtc], [r].[ExpiresAtUtc], [r].[RevokedAtUtc], [u].[UserId], [u].[Id], [u].[LastActivityAtUtc], [u].[RefreshToken], [u].[RevokedAtUtc], [u].[StartedAtUtc], [s0].[AssignedRolesId], [s0].[UserId], [s0].[Id], [s0].[ConcurrencyStamp], [s0].[CreatedAt], [s0].[Description], [s0].[IsActive], [s0].[IsSystem], [s0].[Name], [s0].[NormalizedName], [s0].[PermissionsId], [s0].[RoleId], [s0].[Id0], [s0].[Code], [s0].[Description0], [s0].[Group], [s0].[Name0]
      FROM (
          SELECT TOP(1) [a].[Id], [a].[AccessFailedCount], [a].[ConcurrencyStamp], [a].[CreatedAt], [a].[Email], [a].[EmailConfirmed], [a].[FirstName], [a].[IsActive], [a].[LastLoginAt], [a].[LastName], [a].[LockoutEnabled], [a].[LockoutEnd], [a].[MustChangePassword], [a].[NormalizedEmail], [a].[NormalizedUserName], [a].[PasswordHash], [a].[PhoneNumber], [a].[PhoneNumberConfirmed], [a].[ProfilePictureUrl], [a].[SecurityStamp], [a].[TwoFactorEnabled], [a].[UserName]
          FROM [Identity].[AspNetUsers] AS [a]
          WHERE [a].[UserName] = @userName
      ) AS [a3]
      LEFT JOIN [Identity].[RefreshToken] AS [r] ON [a3].[Id] = [r].[UserId]
      LEFT JOIN [Identity].[UserSession] AS [u] ON [a3].[Id] = [u].[UserId]
      LEFT JOIN (
          SELECT [a0].[AssignedRolesId], [a0].[UserId], [a1].[Id], [a1].[ConcurrencyStamp], [a1].[CreatedAt], [a1].[Description], [a1].[IsActive], [a1].[IsSystem], [a1].[Name], [a1].[NormalizedName], [s].[PermissionsId], [s].[RoleId], [s].[Id] AS [Id0], [s].[Code], [s].[Description] AS [Description0], [s].[Group], [s].[Name] AS [Name0]
          FROM [Identity].[AspNetUserRoles] AS [a0]
          INNER JOIN [Identity].[AspNetRoles] AS [a1] ON [a0].[AssignedRolesId] = [a1].[Id]
          LEFT JOIN (
              SELECT [r0].[PermissionsId], [r0].[RoleId], [a2].[Id], [a2].[Code], [a2].[Description], [a2].[Group], [a2].[Name]
              FROM [Identity].[RolePermissions] AS [r0]
              INNER JOIN [Identity].[AspNetPermissions] AS [a2] ON [r0].[PermissionsId] = [a2].[Id]
          ) AS [s] ON [a1].[Id] = [s].[RoleId]
      ) AS [s0] ON [a3].[Id] = [s0].[UserId]
      ORDER BY [a3].[Id], [r].[UserId], [r].[Token], [u].[UserId], [u].[Id], [s0].[AssignedRolesId], [s0].[UserId], [s0].[Id], [s0].[PermissionsId], [s0].[RoleId]
info: Wolverine.Runtime.WolverineRuntime[107]
      No routes can be determined for Envelope #08def9a8-e9f6-6417-e86a-64c9e0060000 (RadiologyCenter.Identity.Domain.Events.UserLoggedInEvent)
info: Microsoft.EntityFrameworkCore.Database.Command[20101]
      Executed DbCommand (5ms) [Parameters=[@p1='?' (DbType = Guid), @p0='?' (DbType = DateTime2), @p3='?' (Size = 256), @p4='?' (DbType = Guid), @p2='?' (DbType = DateTime2), @p5='?' (Size = 256), @p6='?' (DbType = Guid), @p7='?' (DbType = DateTime2), @p8='?' (DbType = DateTime2), @p9='?' (DbType = DateTime2), @p11='?' (DbType = Guid), @p12='?' (DbType = Guid), @p10='?' (DbType = DateTime2), @p13='?' (DbType = Guid), @p14='?' (DbType = Guid), @p15='?' (DbType = DateTime2), @p16='?' (Size = 256), @p17='?' (DbType = DateTime2), @p18='?' (DbType = DateTime2)], CommandType='Text', CommandTimeout='30']
      SET NOCOUNT ON;
      UPDATE [Identity].[AspNetUsers] SET [LastLoginAt] = @p0
      OUTPUT 1
      WHERE [Id] = @p1;
      UPDATE [Identity].[RefreshToken] SET [RevokedAtUtc] = @p2
      OUTPUT 1
      WHERE [Token] = @p3 AND [UserId] = @p4;
      INSERT INTO [Identity].[RefreshToken] ([Token], [UserId], [CreatedAtUtc], [ExpiresAtUtc], [RevokedAtUtc])
      VALUES (@p5, @p6, @p7, @p8, @p9);
      UPDATE [Identity].[UserSession] SET [RevokedAtUtc] = @p10
      OUTPUT 1
      WHERE [Id] = @p11 AND [UserId] = @p12;
      INSERT INTO [Identity].[UserSession] ([Id], [UserId], [LastActivityAtUtc], [RefreshToken], [RevokedAtUtc], [StartedAtUtc])
      VALUES (@p13, @p14, @p15, @p16, @p17, @p18);
info: Microsoft.EntityFrameworkCore.Database.Command[20101]
      Executed DbCommand (1ms) [Parameters=[], CommandType='Text', CommandTimeout='30']
      SELECT COUNT(*)
      FROM [Identity].[AspNetRoles] AS [a]
info: Microsoft.EntityFrameworkCore.Database.Command[20101]
      Executed DbCommand (6ms) [Parameters=[@p='?' (DbType = Int32), @p1='?' (DbType = Int32)], CommandType='Text', CommandTimeout='30']
      SELECT [a1].[Id], [a1].[ConcurrencyStamp], [a1].[CreatedAt], [a1].[Description], [a1].[IsActive], [a1].[IsSystem], [a1].[Name], [a1].[NormalizedName], [s].[Id], [s].[Code], [s].[Description], [s].[Group], [s].[Name], [s].[PermissionsId], [s].[RoleId]
      FROM (
          SELECT [a].[Id], [a].[ConcurrencyStamp], [a].[CreatedAt], [a].[Description], [a].[IsActive], [a].[IsSystem], [a].[Name], [a].[NormalizedName]
          FROM [Identity].[AspNetRoles] AS [a]
          ORDER BY (SELECT 1)
          OFFSET @p ROWS FETCH NEXT @p1 ROWS ONLY
      ) AS [a1]
      LEFT JOIN (
          SELECT [a0].[Id], [a0].[Code], [a0].[Description], [a0].[Group], [a0].[Name], [r].[PermissionsId], [r].[RoleId]
          FROM [Identity].[RolePermissions] AS [r]
          INNER JOIN [Identity].[AspNetPermissions] AS [a0] ON [r].[PermissionsId] = [a0].[Id]
      ) AS [s] ON [a1].[Id] = [s].[RoleId]
      ORDER BY [a1].[Id], [s].[PermissionsId], [s].[RoleId]
info: Microsoft.EntityFrameworkCore.Database.Command[20101]
      Executed DbCommand (1ms) [Parameters=[@email='?' (Size = 4000)], CommandType='Text', CommandTimeout='30']
      SELECT CASE
          WHEN EXISTS (
              SELECT 1
              FROM [Identity].[AspNetUsers] AS [a]
              WHERE [a].[Email] = @email) THEN CAST(1 AS bit)
          ELSE CAST(0 AS bit)
      END
info: Microsoft.EntityFrameworkCore.Database.Command[20101]
      Executed DbCommand (1ms) [Parameters=[@userName='?' (Size = 4000)], CommandType='Text', CommandTimeout='30']
      SELECT CASE
          WHEN EXISTS (
              SELECT 1
              FROM [Identity].[AspNetUsers] AS [a]
              WHERE [a].[UserName] = @userName) THEN CAST(1 AS bit)
          ELSE CAST(0 AS bit)
      END
info: Microsoft.EntityFrameworkCore.Database.Command[20101]
      Executed DbCommand (3ms) [Parameters=[@idList1='?' (DbType = Guid)], CommandType='Text', CommandTimeout='30']
      SELECT [a].[Id], [a].[ConcurrencyStamp], [a].[CreatedAt], [a].[Description], [a].[IsActive], [a].[IsSystem], [a].[Name], [a].[NormalizedName], [s].[PermissionsId], [s].[RoleId], [s].[Id], [s].[Code], [s].[Description], [s].[Group], [s].[Name]
      FROM [Identity].[AspNetRoles] AS [a]
      LEFT JOIN (
          SELECT [r].[PermissionsId], [r].[RoleId], [a0].[Id], [a0].[Code], [a0].[Description], [a0].[Group], [a0].[Name]
          FROM [Identity].[RolePermissions] AS [r]
          INNER JOIN [Identity].[AspNetPermissions] AS [a0] ON [r].[PermissionsId] = [a0].[Id]
      ) AS [s] ON [a].[Id] = [s].[RoleId]
      WHERE [a].[Id] = @idList1
      ORDER BY [a].[Id], [s].[PermissionsId], [s].[RoleId]
info: Wolverine.Runtime.WolverineRuntime[107]
      No routes can be determined for Envelope #08def9a8-ea08-ad0e-e86a-64c9e0060000 (RadiologyCenter.Identity.Domain.Events.UserRegisteredEvent)
info: Wolverine.Runtime.WolverineRuntime[107]
      No routes can be determined for Envelope #08def9a8-ea08-ae1b-e86a-64c9e0060000 (RadiologyCenter.Identity.Domain.Events.UserRolesUpdatedEvent)
info: Microsoft.EntityFrameworkCore.Database.Command[20101]
      Executed DbCommand (2ms) [Parameters=[@p0='?' (DbType = Guid), @p1='?' (DbType = Int32), @p2='?' (Size = 4000), @p3='?' (DbType = DateTime2), @p4='?' (Size = 4000), @p5='?' (DbType = Boolean), @p6='?' (Size = 100), @p7='?' (DbType = Boolean), @p8='?' (DbType = DateTime2), @p9='?' (Size = 100), @p10='?' (DbType = Boolean), @p11='?' (DbType = DateTimeOffset), @p12='?' (DbType = Boolean), @p13='?' (Size = 4000), @p14='?' (Size = 4000), @p15='?' (Size = 4000), @p16='?' (Size = 4000), @p17='?' (DbType = Boolean), @p18='?' (Size = 500), @p19='?' (Size = 4000), @p20='?' (DbType = Boolean), @p21='?' (Size = 4000), @p22='?' (DbType = Guid), @p23='?' (DbType = Guid)], CommandType='Text', CommandTimeout='30']
      SET NOCOUNT ON;
      INSERT INTO [Identity].[AspNetUsers] ([Id], [AccessFailedCount], [ConcurrencyStamp], [CreatedAt], [Email], [EmailConfirmed], [FirstName], [IsActive], [LastLoginAt], [LastName], [LockoutEnabled], [LockoutEnd], [MustChangePassword], [NormalizedEmail], [NormalizedUserName], [PasswordHash], [PhoneNumber], [PhoneNumberConfirmed], [ProfilePictureUrl], [SecurityStamp], [TwoFactorEnabled], [UserName])
      VALUES (@p0, @p1, @p2, @p3, @p4, @p5, @p6, @p7, @p8, @p9, @p10, @p11, @p12, @p13, @p14, @p15, @p16, @p17, @p18, @p19, @p20, @p21);
      INSERT INTO [Identity].[AspNetUserRoles] ([AssignedRolesId], [UserId])
      VALUES (@p22, @p23);
info: Microsoft.EntityFrameworkCore.Database.Command[20101]
      Executed DbCommand (1ms) [Parameters=[], CommandType='Text', CommandTimeout='30']
      SELECT COUNT(*)
      FROM [Identity].[AspNetUsers] AS [a]
info: Microsoft.EntityFrameworkCore.Database.Command[20101]
      Executed DbCommand (278ms) [Parameters=[@p='?' (DbType = Int32), @p1='?' (DbType = Int32)], CommandType='Text', CommandTimeout='30']
      SELECT [a2].[Id], [a2].[AccessFailedCount], [a2].[ConcurrencyStamp], [a2].[CreatedAt], [a2].[Email], [a2].[EmailConfirmed], [a2].[FirstName], [a2].[IsActive], [a2].[LastLoginAt], [a2].[LastName], [a2].[LockoutEnabled], [a2].[LockoutEnd], [a2].[MustChangePassword], [a2].[NormalizedEmail], [a2].[NormalizedUserName], [a2].[PasswordHash], [a2].[PhoneNumber], [a2].[PhoneNumberConfirmed], [a2].[ProfilePictureUrl], [a2].[SecurityStamp], [a2].[TwoFactorEnabled], [a2].[UserName], [r].[UserId], [r].[Token], [r].[CreatedAtUtc], [r].[ExpiresAtUtc], [r].[RevokedAtUtc], [u].[UserId], [u].[Id], [u].[LastActivityAtUtc], [u].[RefreshToken], [u].[RevokedAtUtc], [u].[StartedAtUtc], [s].[AssignedRolesId], [s].[UserId], [s].[Id], [s].[ConcurrencyStamp], [s].[CreatedAt], [s].[Description], [s].[IsActive], [s].[IsSystem], [s].[Name], [s].[NormalizedName]
      FROM (
          SELECT [a].[Id], [a].[AccessFailedCount], [a].[ConcurrencyStamp], [a].[CreatedAt], [a].[Email], [a].[EmailConfirmed], [a].[FirstName], [a].[IsActive], [a].[LastLoginAt], [a].[LastName], [a].[LockoutEnabled], [a].[LockoutEnd], [a].[MustChangePassword], [a].[NormalizedEmail], [a].[NormalizedUserName], [a].[PasswordHash], [a].[PhoneNumber], [a].[PhoneNumberConfirmed], [a].[ProfilePictureUrl], [a].[SecurityStamp], [a].[TwoFactorEnabled], [a].[UserName]
          FROM [Identity].[AspNetUsers] AS [a]
          ORDER BY (SELECT 1)
          OFFSET @p ROWS FETCH NEXT @p1 ROWS ONLY
      ) AS [a2]
      LEFT JOIN [Identity].[RefreshToken] AS [r] ON [a2].[Id] = [r].[UserId]
      LEFT JOIN [Identity].[UserSession] AS [u] ON [a2].[Id] = [u].[UserId]
      LEFT JOIN (
          SELECT [a0].[AssignedRolesId], [a0].[UserId], [a1].[Id], [a1].[ConcurrencyStamp], [a1].[CreatedAt], [a1].[Description], [a1].[IsActive], [a1].[IsSystem], [a1].[Name], [a1].[NormalizedName]
          FROM [Identity].[AspNetUserRoles] AS [a0]
          INNER JOIN [Identity].[AspNetRoles] AS [a1] ON [a0].[AssignedRolesId] = [a1].[Id]
      ) AS [s] ON [a2].[Id] = [s].[UserId]
      ORDER BY [a2].[Id], [r].[UserId], [r].[Token], [u].[UserId], [u].[Id], [s].[AssignedRolesId], [s].[UserId]
info: Microsoft.EntityFrameworkCore.Database.Command[20101]
      Executed DbCommand (4ms) [Parameters=[@p0='?' (DbType = Guid), @p1='?' (DbType = DateTime2), @p2='?' (Size = 4000), @p3='?' (DbType = DateTime2), @p4='?' (Size = 4000), @p5='?' (Size = 200), @p6='?' (Size = 100), @p7='?' (DbType = DateTime2), @p8='?' (DbType = Boolean), @p9='?' (DbType = Boolean), @p10='?' (DbType = DateTime2), @p11='?' (Size = 4000), @p12='?' (Size = 100), @p13='?' (Size = 100), @p14='?' (Size = 100), @p15='?' (Size = 30), @p16='?' (DbType = Int32), @p17='?' (Size = 200), @p18='?' (DbType = Guid)], CommandType='Text', CommandTimeout='30']
      SET IMPLICIT_TRANSACTIONS OFF;
      SET NOCOUNT ON;
      INSERT INTO [ResourceManagement].[Staff] ([Id], [CreatedAt], [CreatedBy], [DeletedAt], [DeletedBy], [Department], [FirstName], [HireDate], [IsActive], [IsDeleted], [LastModifiedAt], [LastModifiedBy], [LastName], [LicenseNumber], [MiddleName], [PhoneNumber], [Position], [Specialization], [UserId])
      VALUES (@p0, @p1, @p2, @p3, @p4, @p5, @p6, @p7, @p8, @p9, @p10, @p11, @p12, @p13, @p14, @p15, @p16, @p17, @p18);
info: Wolverine.Runtime.WolverineRuntime[107]
      No routes can be determined for Envelope #08def9a8-ea74-d9c6-e86a-64c9e0060000 (RadiologyCenter.Patients.Domain.Events.PatientRegisteredEvent)
info: Microsoft.EntityFrameworkCore.Database.Command[20101]
      Executed DbCommand (0ms) [Parameters=[@p0='?' (DbType = Guid), @p1='?' (Size = 300), @p2='?' (DbType = Int32), @p3='?' (Size = 1000), @p4='?' (DbType = Int32), @p5='?' (DbType = DateTime2), @p6='?' (Size = 4000), @p7='?' (DbType = DateTime2), @p8='?' (DbType = DateTime2), @p9='?' (Size = 4000), @p10='?' (Size = 200), @p11='?' (Size = 100), @p12='?' (DbType = Int32), @p13='?' (DbType = Boolean), @p14='?' (DbType = Boolean), @p15='?' (DbType = DateTime2), @p16='?' (Size = 4000), @p17='?' (Size = 100), @p18='?' (Size = 2000), @p19='?' (Size = 100), @p20='?' (Size = 50), @p21='?' (Size = 20), @p22='?' (Size = 30), @p23='?' (Size = 200)], CommandType='Text', CommandTimeout='30']
      SET IMPLICIT_TRANSACTIONS OFF;
      SET NOCOUNT ON;
      INSERT INTO [Patients].[Patients] ([Id], [Address], [Age], [Allergies], [BloodType], [CreatedAt], [CreatedBy], [DateOfBirth], [DeletedAt], [DeletedBy], [Email], [FirstName], [Gender], [IsActive], [IsDeleted], [LastModifiedAt], [LastModifiedBy], [LastName], [MedicalHistory], [MiddleName], [NationalId], [PatientCode], [PhoneNumber], [ReferringPhysician])
      VALUES (@p0, @p1, @p2, @p3, @p4, @p5, @p6, @p7, @p8, @p9, @p10, @p11, @p12, @p13, @p14, @p15, @p16, @p17, @p18, @p19, @p20, @p21, @p22, @p23);
info: Microsoft.EntityFrameworkCore.Database.Command[20101]
      Executed DbCommand (0ms) [Parameters=[@code='?' (Size = 20)], CommandType='Text', CommandTimeout='30']
      SELECT CASE
          WHEN EXISTS (
              SELECT 1
              FROM [Examinations].[ExaminationTypes] AS [e]
              WHERE [e].[IsDeleted] = CAST(0 AS bit) AND [e].[Code] = @code) THEN CAST(1 AS bit)
          ELSE CAST(0 AS bit)
      END
info: Wolverine.Runtime.WolverineRuntime[107]
      No routes can be determined for Envelope #08def9a8-ea75-f19f-e86a-64c9e0060000 (RadiologyCenter.Examinations.Domain.Events.ExaminationTypeCreatedEvent)
info: Microsoft.EntityFrameworkCore.Database.Command[20101]
      Executed DbCommand (1ms) [Parameters=[@p0='?' (DbType = Guid), @p1='?' (Size = 200), @p2='?' (Size = 20), @p3='?' (DbType = DateTime2), @p4='?' (Size = 4000), @p5='?' (DbType = DateTime2), @p6='?' (Size = 4000), @p7='?' (DbType = Boolean), @p8='?' (DbType = Boolean), @p9='?' (DbType = DateTime2), @p10='?' (Size = 4000), @p11='?' (DbType = Int32), @p12='?' (Size = 200), @p13='?' (Precision = 18) (Scale = 2) (DbType = Decimal), @p14='?' (DbType = Boolean), @p15='?' (DbType = Boolean), @p16='?' (DbType = Int32)], CommandType='Text', CommandTimeout='30']
      SET IMPLICIT_TRANSACTIONS OFF;
      SET NOCOUNT ON;
      INSERT INTO [Examinations].[ExaminationTypes] ([Id], [BodyPart], [Code], [CreatedAt], [CreatedBy], [DeletedAt], [DeletedBy], [IsActive], [IsDeleted], [LastModifiedAt], [LastModifiedBy], [Modality], [Name], [Price], [RequiresConsent], [RequiresPreparation], [StandardDurationMinutes])
      VALUES (@p0, @p1, @p2, @p3, @p4, @p5, @p6, @p7, @p8, @p9, @p10, @p11, @p12, @p13, @p14, @p15, @p16);
info: Microsoft.EntityFrameworkCore.Database.Command[20101]
      Executed DbCommand (0ms) [Parameters=[@id='?' (DbType = Guid)], CommandType='Text', CommandTimeout='30']
      SELECT [e1].[Id], [e1].[BodyPart], [e1].[Code], [e1].[CreatedAt], [e1].[CreatedBy], [e1].[DeletedAt], [e1].[DeletedBy], [e1].[IsActive], [e1].[IsDeleted], [e1].[LastModifiedAt], [e1].[LastModifiedBy], [e1].[Modality], [e1].[Name], [e1].[Price], [e1].[RequiresConsent], [e1].[RequiresPreparation], [e1].[StandardDurationMinutes], [e0].[Id], [e0].[ExaminationTypeId], [e0].[IsContrast], [e0].[IsRequired], [e0].[ItemId], [e0].[Notes], [e0].[Quantity]
      FROM (
          SELECT TOP(1) [e].[Id], [e].[BodyPart], [e].[Code], [e].[CreatedAt], [e].[CreatedBy], [e].[DeletedAt], [e].[DeletedBy], [e].[IsActive], [e].[IsDeleted], [e].[LastModifiedAt], [e].[LastModifiedBy], [e].[Modality], [e].[Name], [e].[Price], [e].[RequiresConsent], [e].[RequiresPreparation], [e].[StandardDurationMinutes]
          FROM [Examinations].[ExaminationTypes] AS [e]
          WHERE [e].[IsDeleted] = CAST(0 AS bit) AND [e].[Id] = @id
      ) AS [e1]
      LEFT JOIN [Examinations].[ExaminationTypeItems] AS [e0] ON [e1].[Id] = [e0].[ExaminationTypeId]
      ORDER BY [e1].[Id]
info: Wolverine.Runtime.WolverineRuntime[107]
      No routes can be determined for Envelope #08def9a8-ea76-f67e-e86a-64c9e0060000 (RadiologyCenter.Examinations.Domain.Events.ExaminationCreatedEvent)
info: Microsoft.EntityFrameworkCore.Database.Command[20101]
      Executed DbCommand (1ms) [Parameters=[@p0='?' (DbType = Guid), @p1='?' (Size = 500), @p2='?' (Size = 1000), @p3='?' (DbType = DateTime2), @p4='?' (DbType = DateTime2), @p5='?' (Size = 4000), @p6='?' (Precision = 18) (Scale = 2) (DbType = Decimal), @p7='?' (DbType = Guid), @p8='?' (DbType = Boolean), @p9='?' (DbType = DateTime2), @p10='?' (Size = 4000), @p11='?' (Size = 500), @p12='?' (Precision = 18) (Scale = 2) (DbType = Decimal), @p13='?' (DbType = Guid), @p14='?' (DbType = Guid), @p15='?' (Precision = 18) (Scale = 2) (DbType = Decimal), @p16='?' (DbType = Int32), @p17='?' (DbType = Guid), @p18='?' (DbType = Guid), @p19='?' (Precision = 18) (Scale = 2) (DbType = Decimal), @p20='?' (DbType = DateTime2), @p21='?' (DbType = DateTime2), @p22='?' (DbType = Int32), @p23='?' (DbType = Guid)], CommandType='Text', CommandTimeout='30']
      SET IMPLICIT_TRANSACTIONS OFF;
      SET NOCOUNT ON;
      INSERT INTO [Examinations].[Examinations] ([Id], [CancellationReason], [ClinicalIndication], [CompletedAt], [CreatedAt], [CreatedBy], [Discount], [ExaminationTypeId], [IsDiscountPercentage], [LastModifiedAt], [LastModifiedBy], [Notes], [Paid], [PatientId], [PerformedByUserId], [Price], [Priority], [RadiologistId], [ReferralDoctorId], [Remaining], [ScheduledAt], [StartedAt], [Status], [TechnicianId])
      VALUES (@p0, @p1, @p2, @p3, @p4, @p5, @p6, @p7, @p8, @p9, @p10, @p11, @p12, @p13, @p14, @p15, @p16, @p17, @p18, @p19, @p20, @p21, @p22, @p23);
info: Microsoft.EntityFrameworkCore.Database.Command[20101]
      Executed DbCommand (0ms) [Parameters=[@userId='?' (DbType = Guid)], CommandType='Text', CommandTimeout='30']
      SELECT TOP(1) [c].[Id], [c].[ClosedAt], [c].[CreatedAt], [c].[CreatedBy], [c].[DeletedAt], [c].[DeletedBy], [c].[IsDeleted], [c].[LastModifiedAt], [c].[LastModifiedBy], [c].[Notes], [c].[OpenedAt], [c].[OpeningFloat], [c].[Status], [c].[UserId], [c].[WorkShiftId]
      FROM [Cash].[CashSessions] AS [c]
      WHERE [c].[IsDeleted] = CAST(0 AS bit) AND [c].[UserId] = @userId AND [c].[Status] = 1
info: Microsoft.EntityFrameworkCore.Database.Command[20101]
      Executed DbCommand (0ms) [Parameters=[p0='?' (DbType = Guid)], CommandType='Text', CommandTimeout='30']
      SELECT TOP(2) [r].[Id], [r].[CancellationReason], [r].[ClinicalIndication], [r].[CompletedAt], [r].[CreatedAt], [r].[CreatedBy], [r].[Discount], [r].[ExaminationTypeId], [r].[IsDiscountPercentage], [r].[LastModifiedAt], [r].[LastModifiedBy], [r].[Notes], [r].[Paid], [r].[PatientId], [r].[PerformedByUserId], [r].[Price], [r].[Priority], [r].[RadiologistId], [r].[ReferralDoctorId], [r].[Remaining], [r].[ScheduledAt], [r].[StartedAt], [r].[Status], [r].[TechnicianId]
      FROM (
          SELECT * FROM [Examinations].[Examinations] WITH (UPDLOCK, ROWLOCK) WHERE [Id] = @p0
      ) AS [r]
info: Microsoft.EntityFrameworkCore.Database.Command[20101]
      Executed DbCommand (0ms) [Parameters=[@id='?' (DbType = Guid)], CommandType='Text', CommandTimeout='30']
      SELECT [e1].[Id], [e1].[CancellationReason], [e1].[ClinicalIndication], [e1].[CompletedAt], [e1].[CreatedAt], [e1].[CreatedBy], [e1].[Discount], [e1].[ExaminationTypeId], [e1].[IsDiscountPercentage], [e1].[LastModifiedAt], [e1].[LastModifiedBy], [e1].[Notes], [e1].[Paid], [e1].[PatientId], [e1].[PerformedByUserId], [e1].[Price], [e1].[Priority], [e1].[RadiologistId], [e1].[ReferralDoctorId], [e1].[Remaining], [e1].[ScheduledAt], [e1].[StartedAt], [e1].[Status], [e1].[TechnicianId], [e0].[Id], [e0].[ExaminationId], [e0].[IsContrast], [e0].[IsRequired], [e0].[ItemId], [e0].[Notes], [e0].[Quantity]
      FROM (
          SELECT TOP(1) [e].[Id], [e].[CancellationReason], [e].[ClinicalIndication], [e].[CompletedAt], [e].[CreatedAt], [e].[CreatedBy], [e].[Discount], [e].[ExaminationTypeId], [e].[IsDiscountPercentage], [e].[LastModifiedAt], [e].[LastModifiedBy], [e].[Notes], [e].[Paid], [e].[PatientId], [e].[PerformedByUserId], [e].[Price], [e].[Priority], [e].[RadiologistId], [e].[ReferralDoctorId], [e].[Remaining], [e].[ScheduledAt], [e].[StartedAt], [e].[Status], [e].[TechnicianId]
          FROM [Examinations].[Examinations] AS [e]
          WHERE [e].[Id] = @id
      ) AS [e1]
      LEFT JOIN [Examinations].[ExaminationItems] AS [e0] ON [e1].[Id] = [e0].[ExaminationId]
      ORDER BY [e1].[Id]
info: Microsoft.EntityFrameworkCore.Database.Command[20101]
      Executed DbCommand (0ms) [Parameters=[@id='?' (DbType = Guid)], CommandType='Text', CommandTimeout='30']
      SELECT TOP(1) [e].[Id], [e].[BodyPart], [e].[Code], [e].[CreatedAt], [e].[CreatedBy], [e].[DeletedAt], [e].[DeletedBy], [e].[IsActive], [e].[IsDeleted], [e].[LastModifiedAt], [e].[LastModifiedBy], [e].[Modality], [e].[Name], [e].[Price], [e].[RequiresConsent], [e].[RequiresPreparation], [e].[StandardDurationMinutes]
      FROM [Examinations].[ExaminationTypes] AS [e]
      WHERE [e].[IsDeleted] = CAST(0 AS bit) AND [e].[Id] = @id
info: Microsoft.EntityFrameworkCore.Database.Command[20101]
      Executed DbCommand (0ms) [Parameters=[@userId='?' (DbType = Guid)], CommandType='Text', CommandTimeout='30']
      SELECT TOP(1) [c].[Id], [c].[ClosedAt], [c].[CreatedAt], [c].[CreatedBy], [c].[DeletedAt], [c].[DeletedBy], [c].[IsDeleted], [c].[LastModifiedAt], [c].[LastModifiedBy], [c].[Notes], [c].[OpenedAt], [c].[OpeningFloat], [c].[Status], [c].[UserId], [c].[WorkShiftId]
      FROM [Cash].[CashSessions] AS [c]
      WHERE [c].[IsDeleted] = CAST(0 AS bit) AND [c].[UserId] = @userId AND [c].[Status] = 1
info: Microsoft.EntityFrameworkCore.Database.Command[20101]
      Executed DbCommand (0ms) [Parameters=[p0='?' (DbType = Guid)], CommandType='Text', CommandTimeout='30']
      SELECT TOP(2) [r].[Id], [r].[CancellationReason], [r].[ClinicalIndication], [r].[CompletedAt], [r].[CreatedAt], [r].[CreatedBy], [r].[Discount], [r].[ExaminationTypeId], [r].[IsDiscountPercentage], [r].[LastModifiedAt], [r].[LastModifiedBy], [r].[Notes], [r].[Paid], [r].[PatientId], [r].[PerformedByUserId], [r].[Price], [r].[Priority], [r].[RadiologistId], [r].[ReferralDoctorId], [r].[Remaining], [r].[ScheduledAt], [r].[StartedAt], [r].[Status], [r].[TechnicianId]
      FROM (
          SELECT * FROM [Examinations].[Examinations] WITH (UPDLOCK, ROWLOCK) WHERE [Id] = @p0
      ) AS [r]
info: Microsoft.EntityFrameworkCore.Database.Command[20101]
      Executed DbCommand (1ms) [Parameters=[@p4='?' (DbType = Guid), @p0='?' (DbType = DateTime2), @p1='?' (Size = 4000), @p2='?' (Precision = 18) (Scale = 2) (DbType = Decimal), @p3='?' (Precision = 18) (Scale = 2) (DbType = Decimal)], CommandType='Text', CommandTimeout='30']
      SET IMPLICIT_TRANSACTIONS OFF;
      SET NOCOUNT ON;
      UPDATE [Examinations].[Examinations] SET [LastModifiedAt] = @p0, [LastModifiedBy] = @p1, [Paid] = @p2, [Remaining] = @p3
      OUTPUT 1
      WHERE [Id] = @p4;
info: Microsoft.EntityFrameworkCore.Database.Command[20101]
      Executed DbCommand (0ms) [Parameters=[@id='?' (DbType = Guid)], CommandType='Text', CommandTimeout='30']
      SELECT [e1].[Id], [e1].[CancellationReason], [e1].[ClinicalIndication], [e1].[CompletedAt], [e1].[CreatedAt], [e1].[CreatedBy], [e1].[Discount], [e1].[ExaminationTypeId], [e1].[IsDiscountPercentage], [e1].[LastModifiedAt], [e1].[LastModifiedBy], [e1].[Notes], [e1].[Paid], [e1].[PatientId], [e1].[PerformedByUserId], [e1].[Price], [e1].[Priority], [e1].[RadiologistId], [e1].[ReferralDoctorId], [e1].[Remaining], [e1].[ScheduledAt], [e1].[StartedAt], [e1].[Status], [e1].[TechnicianId], [e0].[Id], [e0].[ExaminationId], [e0].[IsContrast], [e0].[IsRequired], [e0].[ItemId], [e0].[Notes], [e0].[Quantity]
      FROM (
          SELECT TOP(1) [e].[Id], [e].[CancellationReason], [e].[ClinicalIndication], [e].[CompletedAt], [e].[CreatedAt], [e].[CreatedBy], [e].[Discount], [e].[ExaminationTypeId], [e].[IsDiscountPercentage], [e].[LastModifiedAt], [e].[LastModifiedBy], [e].[Notes], [e].[Paid], [e].[PatientId], [e].[PerformedByUserId], [e].[Price], [e].[Priority], [e].[RadiologistId], [e].[ReferralDoctorId], [e].[Remaining], [e].[ScheduledAt], [e].[StartedAt], [e].[Status], [e].[TechnicianId]
          FROM [Examinations].[Examinations] AS [e]
          WHERE [e].[Id] = @id
      ) AS [e1]
      LEFT JOIN [Examinations].[ExaminationItems] AS [e0] ON [e1].[Id] = [e0].[ExaminationId]
      ORDER BY [e1].[Id]
info: Microsoft.EntityFrameworkCore.Database.Command[20101]
      Executed DbCommand (0ms) [Parameters=[@id='?' (DbType = Guid)], CommandType='Text', CommandTimeout='30']
      SELECT TOP(1) [e].[Id], [e].[BodyPart], [e].[Code], [e].[CreatedAt], [e].[CreatedBy], [e].[DeletedAt], [e].[DeletedBy], [e].[IsActive], [e].[IsDeleted], [e].[LastModifiedAt], [e].[LastModifiedBy], [e].[Modality], [e].[Name], [e].[Price], [e].[RequiresConsent], [e].[RequiresPreparation], [e].[StandardDurationMinutes]
      FROM [Examinations].[ExaminationTypes] AS [e]
      WHERE [e].[IsDeleted] = CAST(0 AS bit) AND [e].[Id] = @id
info: Microsoft.EntityFrameworkCore.Database.Command[20101]
      Executed DbCommand (0ms) [Parameters=[@userId='?' (DbType = Guid)], CommandType='Text', CommandTimeout='30']
      SELECT TOP(1) [c].[Id], [c].[ClosedAt], [c].[CreatedAt], [c].[CreatedBy], [c].[DeletedAt], [c].[DeletedBy], [c].[IsDeleted], [c].[LastModifiedAt], [c].[LastModifiedBy], [c].[Notes], [c].[OpenedAt], [c].[OpeningFloat], [c].[Status], [c].[UserId], [c].[WorkShiftId]
      FROM [Cash].[CashSessions] AS [c]
      WHERE [c].[IsDeleted] = CAST(0 AS bit) AND [c].[UserId] = @userId AND [c].[Status] = 1
info: Microsoft.EntityFrameworkCore.Database.Command[20101]
      Executed DbCommand (0ms) [Parameters=[@idList1='?' (DbType = Guid)], CommandType='Text', CommandTimeout='30']
      SELECT [c].[CashSessionId] AS [SessionId], COALESCE(SUM(CASE
          WHEN [c].[Direction] = 1 THEN [c].[Amount]
          ELSE -[c].[Amount]
      END), 0.0) AS [Movement], COUNT(*) AS [Count]
      FROM [Cash].[CashEntries] AS [c]
      WHERE [c].[IsDeleted] = CAST(0 AS bit) AND [c].[CashSessionId] = @idList1
      GROUP BY [c].[CashSessionId]
warn: JasperFx.CodeGeneration.ICodeFile[0]
      Utilizing service location for Message Handler for RadiologyCenter.Cash.Application.Queries.Sessions.GetCashEntries.GetCashEntriesQuery for Service RadiologyCenter.Cash.Application.Abstractions.ICashEntryRepository: 
      Dependency: Descriptor: ServiceType: RadiologyCenter.Cash.Infrastructure.Persistence.CashDbContext Lifetime: Scoped ImplementationType: RadiologyCenter.Cash.Infrastructure.Persistence.CashDbContext
      
      Dependency: Descriptor: ServiceType: Microsoft.EntityFrameworkCore.DbContextOptions`1[RadiologyCenter.Cash.Infrastructure.Persistence.CashDbContext] Lifetime: Scoped ImplementationFactory: Microsoft.Extensions.DependencyInjection.EntityFrameworkServiceCollectionExtensions.CreateDbContextOptions
      The service registration for Microsoft.EntityFrameworkCore.DbContextOptions<RadiologyCenter.Cash.Infrastructure.Persistence.CashDbContext> is an 'opaque' lambda factory with the Scoped lifetime and requires service location
      
      . This will throw in Wolverine 6.0 when ServiceLocationPolicy.NotAllowed becomes the default. See https://wolverinefx.net/guide/codegen.html
info: Microsoft.EntityFrameworkCore.Database.Command[20101]
      Executed DbCommand (2ms) [Parameters=[@cashSessionId='?' (DbType = Guid)], CommandType='Text', CommandTimeout='30']
      SELECT [c].[Id], [c].[Amount], [c].[CashSessionId], [c].[CreatedAt], [c].[CreatedBy], [c].[DeletedAt], [c].[DeletedBy], [c].[Description], [c].[Direction], [c].[IsDeleted], [c].[LastModifiedAt], [c].[LastModifiedBy], [c].[OccurredAt], [c].[Reason], [c].[ReferenceId]
      FROM [Cash].[CashEntries] AS [c]
      WHERE [c].[IsDeleted] = CAST(0 AS bit) AND [c].[CashSessionId] = @cashSessionId
      ORDER BY [c].[OccurredAt] DESC
warn: JasperFx.CodeGeneration.ICodeFile[0]
      Utilizing service location for Message Handler for RadiologyCenter.Examinations.Application.Commands.UpdateExamination.UpdateExaminationCommand for Service RadiologyCenter.Examinations.Application.Abstractions.IExaminationRepository: 
      Dependency: Descriptor: ServiceType: RadiologyCenter.Examinations.Infrastructure.Persistence.ExaminationsDbContext Lifetime: Scoped ImplementationType: RadiologyCenter.Examinations.Infrastructure.Persistence.ExaminationsDbContext
      
      Dependency: Descriptor: ServiceType: Microsoft.EntityFrameworkCore.DbContextOptions`1[RadiologyCenter.Examinations.Infrastructure.Persistence.ExaminationsDbContext] Lifetime: Scoped ImplementationFactory: Microsoft.Extensions.DependencyInjection.EntityFrameworkServiceCollectionExtensions.CreateDbContextOptions
      The service registration for Microsoft.EntityFrameworkCore.DbContextOptions<RadiologyCenter.Examinations.Infrastructure.Persistence.ExaminationsDbContext> is an 'opaque' lambda factory with the Scoped lifetime and requires service location
      
      . This will throw in Wolverine 6.0 when ServiceLocationPolicy.NotAllowed becomes the default. See https://wolverinefx.net/guide/codegen.html
warn: JasperFx.CodeGeneration.ICodeFile[0]
      Utilizing service location for Message Handler for RadiologyCenter.Examinations.Application.Commands.UpdateExamination.UpdateExaminationCommand for Service RadiologyCenter.Examinations.Application.Abstractions.IExaminationsUnitOfWork: 
      Dependency: Descriptor: ServiceType: RadiologyCenter.Examinations.Infrastructure.Persistence.ExaminationsDbContext Lifetime: Scoped ImplementationType: RadiologyCenter.Examinations.Infrastructure.Persistence.ExaminationsDbContext
      
      Dependency: Descriptor: ServiceType: Microsoft.EntityFrameworkCore.DbContextOptions`1[RadiologyCenter.Examinations.Infrastructure.Persistence.ExaminationsDbContext] Lifetime: Scoped ImplementationFactory: Microsoft.Extensions.DependencyInjection.EntityFrameworkServiceCollectionExtensions.CreateDbContextOptions
      The service registration for Microsoft.EntityFrameworkCore.DbContextOptions<RadiologyCenter.Examinations.Infrastructure.Persistence.ExaminationsDbContext> is an 'opaque' lambda factory with the Scoped lifetime and requires service location
      
      . This will throw in Wolverine 6.0 when ServiceLocationPolicy.NotAllowed becomes the default. See https://wolverinefx.net/guide/codegen.html
info: Microsoft.EntityFrameworkCore.Database.Command[20101]
      Executed DbCommand (0ms) [Parameters=[@id='?' (DbType = Guid)], CommandType='Text', CommandTimeout='30']
      SELECT [e1].[Id], [e1].[CancellationReason], [e1].[ClinicalIndication], [e1].[CompletedAt], [e1].[CreatedAt], [e1].[CreatedBy], [e1].[Discount], [e1].[ExaminationTypeId], [e1].[IsDiscountPercentage], [e1].[LastModifiedAt], [e1].[LastModifiedBy], [e1].[Notes], [e1].[Paid], [e1].[PatientId], [e1].[PerformedByUserId], [e1].[Price], [e1].[Priority], [e1].[RadiologistId], [e1].[ReferralDoctorId], [e1].[Remaining], [e1].[ScheduledAt], [e1].[StartedAt], [e1].[Status], [e1].[TechnicianId], [e0].[Id], [e0].[ExaminationId], [e0].[IsContrast], [e0].[IsRequired], [e0].[ItemId], [e0].[Notes], [e0].[Quantity]
      FROM (
          SELECT TOP(1) [e].[Id], [e].[CancellationReason], [e].[ClinicalIndication], [e].[CompletedAt], [e].[CreatedAt], [e].[CreatedBy], [e].[Discount], [e].[ExaminationTypeId], [e].[IsDiscountPercentage], [e].[LastModifiedAt], [e].[LastModifiedBy], [e].[Notes], [e].[Paid], [e].[PatientId], [e].[PerformedByUserId], [e].[Price], [e].[Priority], [e].[RadiologistId], [e].[ReferralDoctorId], [e].[Remaining], [e].[ScheduledAt], [e].[StartedAt], [e].[Status], [e].[TechnicianId]
          FROM [Examinations].[Examinations] AS [e]
          WHERE [e].[Id] = @id
      ) AS [e1]
      LEFT JOIN [Examinations].[ExaminationItems] AS [e0] ON [e1].[Id] = [e0].[ExaminationId]
      ORDER BY [e1].[Id]
info: Microsoft.EntityFrameworkCore.Database.Command[20101]
      Executed DbCommand (0ms) [Parameters=[@id='?' (DbType = Guid)], CommandType='Text', CommandTimeout='30']
      SELECT [e1].[Id], [e1].[CancellationReason], [e1].[ClinicalIndication], [e1].[CompletedAt], [e1].[CreatedAt], [e1].[CreatedBy], [e1].[Discount], [e1].[ExaminationTypeId], [e1].[IsDiscountPercentage], [e1].[LastModifiedAt], [e1].[LastModifiedBy], [e1].[Notes], [e1].[Paid], [e1].[PatientId], [e1].[PerformedByUserId], [e1].[Price], [e1].[Priority], [e1].[RadiologistId], [e1].[ReferralDoctorId], [e1].[Remaining], [e1].[ScheduledAt], [e1].[StartedAt], [e1].[Status], [e1].[TechnicianId], [e0].[Id], [e0].[ExaminationId], [e0].[IsContrast], [e0].[IsRequired], [e0].[ItemId], [e0].[Notes], [e0].[Quantity]
      FROM (
          SELECT TOP(1) [e].[Id], [e].[CancellationReason], [e].[ClinicalIndication], [e].[CompletedAt], [e].[CreatedAt], [e].[CreatedBy], [e].[Discount], [e].[ExaminationTypeId], [e].[IsDiscountPercentage], [e].[LastModifiedAt], [e].[LastModifiedBy], [e].[Notes], [e].[Paid], [e].[PatientId], [e].[PerformedByUserId], [e].[Price], [e].[Priority], [e].[RadiologistId], [e].[ReferralDoctorId], [e].[Remaining], [e].[ScheduledAt], [e].[StartedAt], [e].[Status], [e].[TechnicianId]
          FROM [Examinations].[Examinations] AS [e]
          WHERE [e].[Id] = @id
      ) AS [e1]
      LEFT JOIN [Examinations].[ExaminationItems] AS [e0] ON [e1].[Id] = [e0].[ExaminationId]
      ORDER BY [e1].[Id]
info: Microsoft.EntityFrameworkCore.Database.Command[20101]
      Executed DbCommand (0ms) [Parameters=[@id='?' (DbType = Guid)], CommandType='Text', CommandTimeout='30']
      SELECT [e1].[Id], [e1].[CancellationReason], [e1].[ClinicalIndication], [e1].[CompletedAt], [e1].[CreatedAt], [e1].[CreatedBy], [e1].[Discount], [e1].[ExaminationTypeId], [e1].[IsDiscountPercentage], [e1].[LastModifiedAt], [e1].[LastModifiedBy], [e1].[Notes], [e1].[Paid], [e1].[PatientId], [e1].[PerformedByUserId], [e1].[Price], [e1].[Priority], [e1].[RadiologistId], [e1].[ReferralDoctorId], [e1].[Remaining], [e1].[ScheduledAt], [e1].[StartedAt], [e1].[Status], [e1].[TechnicianId], [e0].[Id], [e0].[ExaminationId], [e0].[IsContrast], [e0].[IsRequired], [e0].[ItemId], [e0].[Notes], [e0].[Quantity]
      FROM (
          SELECT TOP(1) [e].[Id], [e].[CancellationReason], [e].[ClinicalIndication], [e].[CompletedAt], [e].[CreatedAt], [e].[CreatedBy], [e].[Discount], [e].[ExaminationTypeId], [e].[IsDiscountPercentage], [e].[LastModifiedAt], [e].[LastModifiedBy], [e].[Notes], [e].[Paid], [e].[PatientId], [e].[PerformedByUserId], [e].[Price], [e].[Priority], [e].[RadiologistId], [e].[ReferralDoctorId], [e].[Remaining], [e].[ScheduledAt], [e].[StartedAt], [e].[Status], [e].[TechnicianId]
          FROM [Examinations].[Examinations] AS [e]
          WHERE [e].[Id] = @id
      ) AS [e1]
      LEFT JOIN [Examinations].[ExaminationItems] AS [e0] ON [e1].[Id] = [e0].[ExaminationId]
      ORDER BY [e1].[Id]
info: Microsoft.EntityFrameworkCore.Database.Command[20101]
      Executed DbCommand (0ms) [Parameters=[@id='?' (DbType = Guid)], CommandType='Text', CommandTimeout='30']
      SELECT TOP(1) [e].[Id], [e].[BodyPart], [e].[Code], [e].[CreatedAt], [e].[CreatedBy], [e].[DeletedAt], [e].[DeletedBy], [e].[IsActive], [e].[IsDeleted], [e].[LastModifiedAt], [e].[LastModifiedBy], [e].[Modality], [e].[Name], [e].[Price], [e].[RequiresConsent], [e].[RequiresPreparation], [e].[StandardDurationMinutes]
      FROM [Examinations].[ExaminationTypes] AS [e]
      WHERE [e].[IsDeleted] = CAST(0 AS bit) AND [e].[Id] = @id
warn: JasperFx.CodeGeneration.ICodeFile[0]
      Utilizing service location for Message Handler for RadiologyCenter.Examinations.Application.Commands.CancelExamination.CancelExaminationCommand for Service RadiologyCenter.Examinations.Application.Abstractions.IExaminationRepository: 
      Dependency: Descriptor: ServiceType: RadiologyCenter.Examinations.Infrastructure.Persistence.ExaminationsDbContext Lifetime: Scoped ImplementationType: RadiologyCenter.Examinations.Infrastructure.Persistence.ExaminationsDbContext
      
      Dependency: Descriptor: ServiceType: Microsoft.EntityFrameworkCore.DbContextOptions`1[RadiologyCenter.Examinations.Infrastructure.Persistence.ExaminationsDbContext] Lifetime: Scoped ImplementationFactory: Microsoft.Extensions.DependencyInjection.EntityFrameworkServiceCollectionExtensions.CreateDbContextOptions
      The service registration for Microsoft.EntityFrameworkCore.DbContextOptions<RadiologyCenter.Examinations.Infrastructure.Persistence.ExaminationsDbContext> is an 'opaque' lambda factory with the Scoped lifetime and requires service location
      
      . This will throw in Wolverine 6.0 when ServiceLocationPolicy.NotAllowed becomes the default. See https://wolverinefx.net/guide/codegen.html
warn: JasperFx.CodeGeneration.ICodeFile[0]
      Utilizing service location for Message Handler for RadiologyCenter.Examinations.Application.Commands.CancelExamination.CancelExaminationCommand for Service RadiologyCenter.Examinations.Application.Abstractions.IExaminationsUnitOfWork: 
      Dependency: Descriptor: ServiceType: RadiologyCenter.Examinations.Infrastructure.Persistence.ExaminationsDbContext Lifetime: Scoped ImplementationType: RadiologyCenter.Examinations.Infrastructure.Persistence.ExaminationsDbContext
      
      Dependency: Descriptor: ServiceType: Microsoft.EntityFrameworkCore.DbContextOptions`1[RadiologyCenter.Examinations.Infrastructure.Persistence.ExaminationsDbContext] Lifetime: Scoped ImplementationFactory: Microsoft.Extensions.DependencyInjection.EntityFrameworkServiceCollectionExtensions.CreateDbContextOptions
      The service registration for Microsoft.EntityFrameworkCore.DbContextOptions<RadiologyCenter.Examinations.Infrastructure.Persistence.ExaminationsDbContext> is an 'opaque' lambda factory with the Scoped lifetime and requires service location
      
      . This will throw in Wolverine 6.0 when ServiceLocationPolicy.NotAllowed becomes the default. See https://wolverinefx.net/guide/codegen.html
info: Microsoft.EntityFrameworkCore.Database.Command[20101]
      Executed DbCommand (0ms) [Parameters=[p0='?' (DbType = Guid)], CommandType='Text', CommandTimeout='30']
      SELECT TOP(2) [r].[Id], [r].[CancellationReason], [r].[ClinicalIndication], [r].[CompletedAt], [r].[CreatedAt], [r].[CreatedBy], [r].[Discount], [r].[ExaminationTypeId], [r].[IsDiscountPercentage], [r].[LastModifiedAt], [r].[LastModifiedBy], [r].[Notes], [r].[Paid], [r].[PatientId], [r].[PerformedByUserId], [r].[Price], [r].[Priority], [r].[RadiologistId], [r].[ReferralDoctorId], [r].[Remaining], [r].[ScheduledAt], [r].[StartedAt], [r].[Status], [r].[TechnicianId]
      FROM (
          SELECT * FROM [Examinations].[Examinations] WITH (UPDLOCK, ROWLOCK) WHERE [Id] = @p0
      ) AS [r]
info: Wolverine.Runtime.WolverineRuntime[107]
      No routes can be determined for Envelope #08def9a8-eabe-1003-e86a-64c9e0060000 (RadiologyCenter.Examinations.Domain.Events.ExaminationCancelledEvent)
info: Microsoft.EntityFrameworkCore.Database.Command[20101]
      Executed DbCommand (2ms) [Parameters=[@p5='?' (DbType = Guid), @p0='?' (Size = 500), @p1='?' (DbType = DateTime2), @p2='?' (Precision = 18) (Scale = 2) (DbType = Decimal), @p3='?' (Precision = 18) (Scale = 2) (DbType = Decimal), @p4='?' (DbType = Int32)], CommandType='Text', CommandTimeout='30']
      SET IMPLICIT_TRANSACTIONS OFF;
      SET NOCOUNT ON;
      UPDATE [Examinations].[Examinations] SET [CancellationReason] = @p0, [LastModifiedAt] = @p1, [Paid] = @p2, [Remaining] = @p3, [Status] = @p4
      OUTPUT 1
      WHERE [Id] = @p5;
info: Microsoft.EntityFrameworkCore.Database.Command[20101]
      Executed DbCommand (0ms) [Parameters=[@id='?' (DbType = Guid)], CommandType='Text', CommandTimeout='30']
      SELECT [e1].[Id], [e1].[CancellationReason], [e1].[ClinicalIndication], [e1].[CompletedAt], [e1].[CreatedAt], [e1].[CreatedBy], [e1].[Discount], [e1].[ExaminationTypeId], [e1].[IsDiscountPercentage], [e1].[LastModifiedAt], [e1].[LastModifiedBy], [e1].[Notes], [e1].[Paid], [e1].[PatientId], [e1].[PerformedByUserId], [e1].[Price], [e1].[Priority], [e1].[RadiologistId], [e1].[ReferralDoctorId], [e1].[Remaining], [e1].[ScheduledAt], [e1].[StartedAt], [e1].[Status], [e1].[TechnicianId], [e0].[Id], [e0].[ExaminationId], [e0].[IsContrast], [e0].[IsRequired], [e0].[ItemId], [e0].[Notes], [e0].[Quantity]
      FROM (
          SELECT TOP(1) [e].[Id], [e].[CancellationReason], [e].[ClinicalIndication], [e].[CompletedAt], [e].[CreatedAt], [e].[CreatedBy], [e].[Discount], [e].[ExaminationTypeId], [e].[IsDiscountPercentage], [e].[LastModifiedAt], [e].[LastModifiedBy], [e].[Notes], [e].[Paid], [e].[PatientId], [e].[PerformedByUserId], [e].[Price], [e].[Priority], [e].[RadiologistId], [e].[ReferralDoctorId], [e].[Remaining], [e].[ScheduledAt], [e].[StartedAt], [e].[Status], [e].[TechnicianId]
          FROM [Examinations].[Examinations] AS [e]
          WHERE [e].[Id] = @id
      ) AS [e1]
      LEFT JOIN [Examinations].[ExaminationItems] AS [e0] ON [e1].[Id] = [e0].[ExaminationId]
      ORDER BY [e1].[Id]
info: Microsoft.EntityFrameworkCore.Database.Command[20101]
      Executed DbCommand (0ms) [Parameters=[@id='?' (DbType = Guid)], CommandType='Text', CommandTimeout='30']
      SELECT TOP(1) [e].[Id], [e].[BodyPart], [e].[Code], [e].[CreatedAt], [e].[CreatedBy], [e].[DeletedAt], [e].[DeletedBy], [e].[IsActive], [e].[IsDeleted], [e].[LastModifiedAt], [e].[LastModifiedBy], [e].[Modality], [e].[Name], [e].[Price], [e].[RequiresConsent], [e].[RequiresPreparation], [e].[StandardDurationMinutes]
      FROM [Examinations].[ExaminationTypes] AS [e]
      WHERE [e].[IsDeleted] = CAST(0 AS bit) AND [e].[Id] = @id
info: Microsoft.EntityFrameworkCore.Database.Command[20101]
      Executed DbCommand (0ms) [Parameters=[@userId='?' (DbType = Guid)], CommandType='Text', CommandTimeout='30']
      SELECT TOP(1) [c].[Id], [c].[ClosedAt], [c].[CreatedAt], [c].[CreatedBy], [c].[DeletedAt], [c].[DeletedBy], [c].[IsDeleted], [c].[LastModifiedAt], [c].[LastModifiedBy], [c].[Notes], [c].[OpenedAt], [c].[OpeningFloat], [c].[Status], [c].[UserId], [c].[WorkShiftId]
      FROM [Cash].[CashSessions] AS [c]
      WHERE [c].[IsDeleted] = CAST(0 AS bit) AND [c].[UserId] = @userId AND [c].[Status] = 1
info: Microsoft.EntityFrameworkCore.Database.Command[20101]
      Executed DbCommand (0ms) [Parameters=[@idList1='?' (DbType = Guid)], CommandType='Text', CommandTimeout='30']
      SELECT [c].[CashSessionId] AS [SessionId], COALESCE(SUM(CASE
          WHEN [c].[Direction] = 1 THEN [c].[Amount]
          ELSE -[c].[Amount]
      END), 0.0) AS [Movement], COUNT(*) AS [Count]
      FROM [Cash].[CashEntries] AS [c]
      WHERE [c].[IsDeleted] = CAST(0 AS bit) AND [c].[CashSessionId] = @idList1
      GROUP BY [c].[CashSessionId]
info: Microsoft.EntityFrameworkCore.Database.Command[20101]
      Executed DbCommand (0ms) [Parameters=[@cashSessionId='?' (DbType = Guid)], CommandType='Text', CommandTimeout='30']
      SELECT [c].[Id], [c].[Amount], [c].[CashSessionId], [c].[CreatedAt], [c].[CreatedBy], [c].[DeletedAt], [c].[DeletedBy], [c].[Description], [c].[Direction], [c].[IsDeleted], [c].[LastModifiedAt], [c].[LastModifiedBy], [c].[OccurredAt], [c].[Reason], [c].[ReferenceId]
      FROM [Cash].[CashEntries] AS [c]
      WHERE [c].[IsDeleted] = CAST(0 AS bit) AND [c].[CashSessionId] = @cashSessionId
      ORDER BY [c].[OccurredAt] DESC
info: Microsoft.EntityFrameworkCore.Database.Command[20101]
      Executed DbCommand (0ms) [Parameters=[@id='?' (DbType = Guid)], CommandType='Text', CommandTimeout='30']
      SELECT [e1].[Id], [e1].[BodyPart], [e1].[Code], [e1].[CreatedAt], [e1].[CreatedBy], [e1].[DeletedAt], [e1].[DeletedBy], [e1].[IsActive], [e1].[IsDeleted], [e1].[LastModifiedAt], [e1].[LastModifiedBy], [e1].[Modality], [e1].[Name], [e1].[Price], [e1].[RequiresConsent], [e1].[RequiresPreparation], [e1].[StandardDurationMinutes], [e0].[Id], [e0].[ExaminationTypeId], [e0].[IsContrast], [e0].[IsRequired], [e0].[ItemId], [e0].[Notes], [e0].[Quantity]
      FROM (
          SELECT TOP(1) [e].[Id], [e].[BodyPart], [e].[Code], [e].[CreatedAt], [e].[CreatedBy], [e].[DeletedAt], [e].[DeletedBy], [e].[IsActive], [e].[IsDeleted], [e].[LastModifiedAt], [e].[LastModifiedBy], [e].[Modality], [e].[Name], [e].[Price], [e].[RequiresConsent], [e].[RequiresPreparation], [e].[StandardDurationMinutes]
          FROM [Examinations].[ExaminationTypes] AS [e]
          WHERE [e].[IsDeleted] = CAST(0 AS bit) AND [e].[Id] = @id
      ) AS [e1]
      LEFT JOIN [Examinations].[ExaminationTypeItems] AS [e0] ON [e1].[Id] = [e0].[ExaminationTypeId]
      ORDER BY [e1].[Id]
info: Wolverine.Runtime.WolverineRuntime[107]
      No routes can be determined for Envelope #08def9a8-eac0-e029-e86a-64c9e0060000 (RadiologyCenter.Examinations.Domain.Events.ExaminationCreatedEvent)
info: Microsoft.EntityFrameworkCore.Database.Command[20101]
      Executed DbCommand (1ms) [Parameters=[@p0='?' (DbType = Guid), @p1='?' (Size = 500), @p2='?' (Size = 1000), @p3='?' (DbType = DateTime2), @p4='?' (DbType = DateTime2), @p5='?' (Size = 4000), @p6='?' (Precision = 18) (Scale = 2) (DbType = Decimal), @p7='?' (DbType = Guid), @p8='?' (DbType = Boolean), @p9='?' (DbType = DateTime2), @p10='?' (Size = 4000), @p11='?' (Size = 500), @p12='?' (Precision = 18) (Scale = 2) (DbType = Decimal), @p13='?' (DbType = Guid), @p14='?' (DbType = Guid), @p15='?' (Precision = 18) (Scale = 2) (DbType = Decimal), @p16='?' (DbType = Int32), @p17='?' (DbType = Guid), @p18='?' (DbType = Guid), @p19='?' (Precision = 18) (Scale = 2) (DbType = Decimal), @p20='?' (DbType = DateTime2), @p21='?' (DbType = DateTime2), @p22='?' (DbType = Int32), @p23='?' (DbType = Guid)], CommandType='Text', CommandTimeout='30']
      SET IMPLICIT_TRANSACTIONS OFF;
      SET NOCOUNT ON;
      INSERT INTO [Examinations].[Examinations] ([Id], [CancellationReason], [ClinicalIndication], [CompletedAt], [CreatedAt], [CreatedBy], [Discount], [ExaminationTypeId], [IsDiscountPercentage], [LastModifiedAt], [LastModifiedBy], [Notes], [Paid], [PatientId], [PerformedByUserId], [Price], [Priority], [RadiologistId], [ReferralDoctorId], [Remaining], [ScheduledAt], [StartedAt], [Status], [TechnicianId])
      VALUES (@p0, @p1, @p2, @p3, @p4, @p5, @p6, @p7, @p8, @p9, @p10, @p11, @p12, @p13, @p14, @p15, @p16, @p17, @p18, @p19, @p20, @p21, @p22, @p23);
info: Microsoft.EntityFrameworkCore.Database.Command[20101]
      Executed DbCommand (0ms) [Parameters=[@userId='?' (DbType = Guid)], CommandType='Text', CommandTimeout='30']
      SELECT TOP(1) [c].[Id], [c].[ClosedAt], [c].[CreatedAt], [c].[CreatedBy], [c].[DeletedAt], [c].[DeletedBy], [c].[IsDeleted], [c].[LastModifiedAt], [c].[LastModifiedBy], [c].[Notes], [c].[OpenedAt], [c].[OpeningFloat], [c].[Status], [c].[UserId], [c].[WorkShiftId]
      FROM [Cash].[CashSessions] AS [c]
      WHERE [c].[IsDeleted] = CAST(0 AS bit) AND [c].[UserId] = @userId AND [c].[Status] = 1
info: Microsoft.EntityFrameworkCore.Database.Command[20101]
      Executed DbCommand (0ms) [Parameters=[@idList1='?' (DbType = Guid)], CommandType='Text', CommandTimeout='30']
      SELECT [c].[CashSessionId] AS [SessionId], COALESCE(SUM(CASE
          WHEN [c].[Direction] = 1 THEN [c].[Amount]
          ELSE -[c].[Amount]
      END), 0.0) AS [Movement], COUNT(*) AS [Count]
      FROM [Cash].[CashEntries] AS [c]
      WHERE [c].[IsDeleted] = CAST(0 AS bit) AND [c].[CashSessionId] = @idList1
      GROUP BY [c].[CashSessionId]
info: Microsoft.EntityFrameworkCore.Database.Command[20101]
      Executed DbCommand (0ms) [Parameters=[p0='?' (DbType = Guid)], CommandType='Text', CommandTimeout='30']
      SELECT TOP(2) [r].[Id], [r].[CancellationReason], [r].[ClinicalIndication], [r].[CompletedAt], [r].[CreatedAt], [r].[CreatedBy], [r].[Discount], [r].[ExaminationTypeId], [r].[IsDiscountPercentage], [r].[LastModifiedAt], [r].[LastModifiedBy], [r].[Notes], [r].[Paid], [r].[PatientId], [r].[PerformedByUserId], [r].[Price], [r].[Priority], [r].[RadiologistId], [r].[ReferralDoctorId], [r].[Remaining], [r].[ScheduledAt], [r].[StartedAt], [r].[Status], [r].[TechnicianId]
      FROM (
          SELECT * FROM [Examinations].[Examinations] WITH (UPDLOCK, ROWLOCK) WHERE [Id] = @p0
      ) AS [r]
info: Wolverine.Runtime.WolverineRuntime[107]
      No routes can be determined for Envelope #08def9a8-eac2-5f49-e86a-64c9e0060000 (RadiologyCenter.Examinations.Domain.Events.ExaminationCancelledEvent)
info: Microsoft.EntityFrameworkCore.Database.Command[20101]
      Executed DbCommand (2ms) [Parameters=[@p4='?' (DbType = Guid), @p0='?' (Size = 500), @p1='?' (DbType = DateTime2), @p2='?' (Size = 4000), @p3='?' (DbType = Int32)], CommandType='Text', CommandTimeout='30']
      SET IMPLICIT_TRANSACTIONS OFF;
      SET NOCOUNT ON;
      UPDATE [Examinations].[Examinations] SET [CancellationReason] = @p0, [LastModifiedAt] = @p1, [LastModifiedBy] = @p2, [Status] = @p3
      OUTPUT 1
      WHERE [Id] = @p4;
info: Microsoft.EntityFrameworkCore.Database.Command[20101]
      Executed DbCommand (0ms) [Parameters=[@id='?' (DbType = Guid)], CommandType='Text', CommandTimeout='30']
      SELECT [e1].[Id], [e1].[CancellationReason], [e1].[ClinicalIndication], [e1].[CompletedAt], [e1].[CreatedAt], [e1].[CreatedBy], [e1].[Discount], [e1].[ExaminationTypeId], [e1].[IsDiscountPercentage], [e1].[LastModifiedAt], [e1].[LastModifiedBy], [e1].[Notes], [e1].[Paid], [e1].[PatientId], [e1].[PerformedByUserId], [e1].[Price], [e1].[Priority], [e1].[RadiologistId], [e1].[ReferralDoctorId], [e1].[Remaining], [e1].[ScheduledAt], [e1].[StartedAt], [e1].[Status], [e1].[TechnicianId], [e0].[Id], [e0].[ExaminationId], [e0].[IsContrast], [e0].[IsRequired], [e0].[ItemId], [e0].[Notes], [e0].[Quantity]
      FROM (
          SELECT TOP(1) [e].[Id], [e].[CancellationReason], [e].[ClinicalIndication], [e].[CompletedAt], [e].[CreatedAt], [e].[CreatedBy], [e].[Discount], [e].[ExaminationTypeId], [e].[IsDiscountPercentage], [e].[LastModifiedAt], [e].[LastModifiedBy], [e].[Notes], [e].[Paid], [e].[PatientId], [e].[PerformedByUserId], [e].[Price], [e].[Priority], [e].[RadiologistId], [e].[ReferralDoctorId], [e].[Remaining], [e].[ScheduledAt], [e].[StartedAt], [e].[Status], [e].[TechnicianId]
          FROM [Examinations].[Examinations] AS [e]
          WHERE [e].[Id] = @id
      ) AS [e1]
      LEFT JOIN [Examinations].[ExaminationItems] AS [e0] ON [e1].[Id] = [e0].[ExaminationId]
      ORDER BY [e1].[Id]
info: Microsoft.EntityFrameworkCore.Database.Command[20101]
      Executed DbCommand (0ms) [Parameters=[@id='?' (DbType = Guid)], CommandType='Text', CommandTimeout='30']
      SELECT TOP(1) [e].[Id], [e].[BodyPart], [e].[Code], [e].[CreatedAt], [e].[CreatedBy], [e].[DeletedAt], [e].[DeletedBy], [e].[IsActive], [e].[IsDeleted], [e].[LastModifiedAt], [e].[LastModifiedBy], [e].[Modality], [e].[Name], [e].[Price], [e].[RequiresConsent], [e].[RequiresPreparation], [e].[StandardDurationMinutes]
      FROM [Examinations].[ExaminationTypes] AS [e]
      WHERE [e].[IsDeleted] = CAST(0 AS bit) AND [e].[Id] = @id
info: Microsoft.EntityFrameworkCore.Database.Command[20101]
      Executed DbCommand (0ms) [Parameters=[@userId='?' (DbType = Guid)], CommandType='Text', CommandTimeout='30']
      SELECT TOP(1) [c].[Id], [c].[ClosedAt], [c].[CreatedAt], [c].[CreatedBy], [c].[DeletedAt], [c].[DeletedBy], [c].[IsDeleted], [c].[LastModifiedAt], [c].[LastModifiedBy], [c].[Notes], [c].[OpenedAt], [c].[OpeningFloat], [c].[Status], [c].[UserId], [c].[WorkShiftId]
      FROM [Cash].[CashSessions] AS [c]
      WHERE [c].[IsDeleted] = CAST(0 AS bit) AND [c].[UserId] = @userId AND [c].[Status] = 1
info: Microsoft.EntityFrameworkCore.Database.Command[20101]
      Executed DbCommand (1ms) [Parameters=[@idList1='?' (DbType = Guid)], CommandType='Text', CommandTimeout='30']
      SELECT [c].[CashSessionId] AS [SessionId], COALESCE(SUM(CASE
          WHEN [c].[Direction] = 1 THEN [c].[Amount]
          ELSE -[c].[Amount]
      END), 0.0) AS [Movement], COUNT(*) AS [Count]
      FROM [Cash].[CashEntries] AS [c]
      WHERE [c].[IsDeleted] = CAST(0 AS bit) AND [c].[CashSessionId] = @idList1
      GROUP BY [c].[CashSessionId]
info: Microsoft.EntityFrameworkCore.Database.Command[20101]
      Executed DbCommand (0ms) [Parameters=[@cashSessionId='?' (DbType = Guid)], CommandType='Text', CommandTimeout='30']
      SELECT [c].[Id], [c].[Amount], [c].[CashSessionId], [c].[CreatedAt], [c].[CreatedBy], [c].[DeletedAt], [c].[DeletedBy], [c].[Description], [c].[Direction], [c].[IsDeleted], [c].[LastModifiedAt], [c].[LastModifiedBy], [c].[OccurredAt], [c].[Reason], [c].[ReferenceId]
      FROM [Cash].[CashEntries] AS [c]
      WHERE [c].[IsDeleted] = CAST(0 AS bit) AND [c].[CashSessionId] = @cashSessionId
      ORDER BY [c].[OccurredAt] DESC
info: Microsoft.EntityFrameworkCore.Database.Command[20101]
      Executed DbCommand (14ms) [Parameters=[@userName='?' (Size = 4000)], CommandType='Text', CommandTimeout='30']
      SELECT [a3].[Id], [a3].[AccessFailedCount], [a3].[ConcurrencyStamp], [a3].[CreatedAt], [a3].[Email], [a3].[EmailConfirmed], [a3].[FirstName], [a3].[IsActive], [a3].[LastLoginAt], [a3].[LastName], [a3].[LockoutEnabled], [a3].[LockoutEnd], [a3].[MustChangePassword], [a3].[NormalizedEmail], [a3].[NormalizedUserName], [a3].[PasswordHash], [a3].[PhoneNumber], [a3].[PhoneNumberConfirmed], [a3].[ProfilePictureUrl], [a3].[SecurityStamp], [a3].[TwoFactorEnabled], [a3].[UserName], [r].[UserId], [r].[Token], [r].[CreatedAtUtc], [r].[ExpiresAtUtc], [r].[RevokedAtUtc], [u].[UserId], [u].[Id], [u].[LastActivityAtUtc], [u].[RefreshToken], [u].[RevokedAtUtc], [u].[StartedAtUtc], [s0].[AssignedRolesId], [s0].[UserId], [s0].[Id], [s0].[ConcurrencyStamp], [s0].[CreatedAt], [s0].[Description], [s0].[IsActive], [s0].[IsSystem], [s0].[Name], [s0].[NormalizedName], [s0].[PermissionsId], [s0].[RoleId], [s0].[Id0], [s0].[Code], [s0].[Description0], [s0].[Group], [s0].[Name0]
      FROM (
          SELECT TOP(1) [a].[Id], [a].[AccessFailedCount], [a].[ConcurrencyStamp], [a].[CreatedAt], [a].[Email], [a].[EmailConfirmed], [a].[FirstName], [a].[IsActive], [a].[LastLoginAt], [a].[LastName], [a].[LockoutEnabled], [a].[LockoutEnd], [a].[MustChangePassword], [a].[NormalizedEmail], [a].[NormalizedUserName], [a].[PasswordHash], [a].[PhoneNumber], [a].[PhoneNumberConfirmed], [a].[ProfilePictureUrl], [a].[SecurityStamp], [a].[TwoFactorEnabled], [a].[UserName]
          FROM [Identity].[AspNetUsers] AS [a]
          WHERE [a].[UserName] = @userName
      ) AS [a3]
      LEFT JOIN [Identity].[RefreshToken] AS [r] ON [a3].[Id] = [r].[UserId]
      LEFT JOIN [Identity].[UserSession] AS [u] ON [a3].[Id] = [u].[UserId]
      LEFT JOIN (
          SELECT [a0].[AssignedRolesId], [a0].[UserId], [a1].[Id], [a1].[ConcurrencyStamp], [a1].[CreatedAt], [a1].[Description], [a1].[IsActive], [a1].[IsSystem], [a1].[Name], [a1].[NormalizedName], [s].[PermissionsId], [s].[RoleId], [s].[Id] AS [Id0], [s].[Code], [s].[Description] AS [Description0], [s].[Group], [s].[Name] AS [Name0]
          FROM [Identity].[AspNetUserRoles] AS [a0]
          INNER JOIN [Identity].[AspNetRoles] AS [a1] ON [a0].[AssignedRolesId] = [a1].[Id]
          LEFT JOIN (
              SELECT [r0].[PermissionsId], [r0].[RoleId], [a2].[Id], [a2].[Code], [a2].[Description], [a2].[Group], [a2].[Name]
              FROM [Identity].[RolePermissions] AS [r0]
              INNER JOIN [Identity].[AspNetPermissions] AS [a2] ON [r0].[PermissionsId] = [a2].[Id]
          ) AS [s] ON [a1].[Id] = [s].[RoleId]
      ) AS [s0] ON [a3].[Id] = [s0].[UserId]
      ORDER BY [a3].[Id], [r].[UserId], [r].[Token], [u].[UserId], [u].[Id], [s0].[AssignedRolesId], [s0].[UserId], [s0].[Id], [s0].[PermissionsId], [s0].[RoleId]
info: Wolverine.Runtime.WolverineRuntime[107]
      No routes can be determined for Envelope #08def9a9-0abf-5dc5-e86a-64c9e0060000 (RadiologyCenter.Identity.Domain.Events.UserLoggedInEvent)
info: Microsoft.EntityFrameworkCore.Database.Command[20101]
      Executed DbCommand (5ms) [Parameters=[@p1='?' (DbType = Guid), @p0='?' (DbType = DateTime2), @p3='?' (Size = 256), @p4='?' (DbType = Guid), @p2='?' (DbType = DateTime2), @p5='?' (Size = 256), @p6='?' (DbType = Guid), @p7='?' (DbType = DateTime2), @p8='?' (DbType = DateTime2), @p9='?' (DbType = DateTime2), @p11='?' (DbType = Guid), @p12='?' (DbType = Guid), @p10='?' (DbType = DateTime2), @p13='?' (DbType = Guid), @p14='?' (DbType = Guid), @p15='?' (DbType = DateTime2), @p16='?' (Size = 256), @p17='?' (DbType = DateTime2), @p18='?' (DbType = DateTime2)], CommandType='Text', CommandTimeout='30']
      SET NOCOUNT ON;
      UPDATE [Identity].[AspNetUsers] SET [LastLoginAt] = @p0
      OUTPUT 1
      WHERE [Id] = @p1;
      UPDATE [Identity].[RefreshToken] SET [RevokedAtUtc] = @p2
      OUTPUT 1
      WHERE [Token] = @p3 AND [UserId] = @p4;
      INSERT INTO [Identity].[RefreshToken] ([Token], [UserId], [CreatedAtUtc], [ExpiresAtUtc], [RevokedAtUtc])
      VALUES (@p5, @p6, @p7, @p8, @p9);
      UPDATE [Identity].[UserSession] SET [RevokedAtUtc] = @p10
      OUTPUT 1
      WHERE [Id] = @p11 AND [UserId] = @p12;
      INSERT INTO [Identity].[UserSession] ([Id], [UserId], [LastActivityAtUtc], [RefreshToken], [RevokedAtUtc], [StartedAtUtc])
      VALUES (@p13, @p14, @p15, @p16, @p17, @p18);
info: Microsoft.EntityFrameworkCore.Database.Command[20101]
      Executed DbCommand (1ms) [Parameters=[], CommandType='Text', CommandTimeout='30']
      SELECT COUNT(*)
      FROM [Identity].[AspNetRoles] AS [a]
info: Microsoft.EntityFrameworkCore.Database.Command[20101]
      Executed DbCommand (9ms) [Parameters=[@p='?' (DbType = Int32), @p1='?' (DbType = Int32)], CommandType='Text', CommandTimeout='30']
      SELECT [a1].[Id], [a1].[ConcurrencyStamp], [a1].[CreatedAt], [a1].[Description], [a1].[IsActive], [a1].[IsSystem], [a1].[Name], [a1].[NormalizedName], [s].[Id], [s].[Code], [s].[Description], [s].[Group], [s].[Name], [s].[PermissionsId], [s].[RoleId]
      FROM (
          SELECT [a].[Id], [a].[ConcurrencyStamp], [a].[CreatedAt], [a].[Description], [a].[IsActive], [a].[IsSystem], [a].[Name], [a].[NormalizedName]
          FROM [Identity].[AspNetRoles] AS [a]
          ORDER BY (SELECT 1)
          OFFSET @p ROWS FETCH NEXT @p1 ROWS ONLY
      ) AS [a1]
      LEFT JOIN (
          SELECT [a0].[Id], [a0].[Code], [a0].[Description], [a0].[Group], [a0].[Name], [r].[PermissionsId], [r].[RoleId]
          FROM [Identity].[RolePermissions] AS [r]
          INNER JOIN [Identity].[AspNetPermissions] AS [a0] ON [r].[PermissionsId] = [a0].[Id]
      ) AS [s] ON [a1].[Id] = [s].[RoleId]
      ORDER BY [a1].[Id], [s].[PermissionsId], [s].[RoleId]
info: Microsoft.EntityFrameworkCore.Database.Command[20101]
      Executed DbCommand (2ms) [Parameters=[@email='?' (Size = 4000)], CommandType='Text', CommandTimeout='30']
      SELECT CASE
          WHEN EXISTS (
              SELECT 1
              FROM [Identity].[AspNetUsers] AS [a]
              WHERE [a].[Email] = @email) THEN CAST(1 AS bit)
          ELSE CAST(0 AS bit)
      END
info: Microsoft.EntityFrameworkCore.Database.Command[20101]
      Executed DbCommand (2ms) [Parameters=[@userName='?' (Size = 4000)], CommandType='Text', CommandTimeout='30']
      SELECT CASE
          WHEN EXISTS (
              SELECT 1
              FROM [Identity].[AspNetUsers] AS [a]
              WHERE [a].[UserName] = @userName) THEN CAST(1 AS bit)
          ELSE CAST(0 AS bit)
      END
info: Microsoft.EntityFrameworkCore.Database.Command[20101]
      Executed DbCommand (4ms) [Parameters=[@idList1='?' (DbType = Guid)], CommandType='Text', CommandTimeout='30']
      SELECT [a].[Id], [a].[ConcurrencyStamp], [a].[CreatedAt], [a].[Description], [a].[IsActive], [a].[IsSystem], [a].[Name], [a].[NormalizedName], [s].[PermissionsId], [s].[RoleId], [s].[Id], [s].[Code], [s].[Description], [s].[Group], [s].[Name]
      FROM [Identity].[AspNetRoles] AS [a]
      LEFT JOIN (
          SELECT [r].[PermissionsId], [r].[RoleId], [a0].[Id], [a0].[Code], [a0].[Description], [a0].[Group], [a0].[Name]
          FROM [Identity].[RolePermissions] AS [r]
          INNER JOIN [Identity].[AspNetPermissions] AS [a0] ON [r].[PermissionsId] = [a0].[Id]
      ) AS [s] ON [a].[Id] = [s].[RoleId]
      WHERE [a].[Id] = @idList1
      ORDER BY [a].[Id], [s].[PermissionsId], [s].[RoleId]
info: Wolverine.Runtime.WolverineRuntime[107]
      No routes can be determined for Envelope #08def9a9-0ad3-1cd2-e86a-64c9e0060000 (RadiologyCenter.Identity.Domain.Events.UserRegisteredEvent)
info: Wolverine.Runtime.WolverineRuntime[107]
      No routes can be determined for Envelope #08def9a9-0ad3-1e24-e86a-64c9e0060000 (RadiologyCenter.Identity.Domain.Events.UserRolesUpdatedEvent)
info: Microsoft.EntityFrameworkCore.Database.Command[20101]
      Executed DbCommand (2ms) [Parameters=[@p0='?' (DbType = Guid), @p1='?' (DbType = Int32), @p2='?' (Size = 4000), @p3='?' (DbType = DateTime2), @p4='?' (Size = 4000), @p5='?' (DbType = Boolean), @p6='?' (Size = 100), @p7='?' (DbType = Boolean), @p8='?' (DbType = DateTime2), @p9='?' (Size = 100), @p10='?' (DbType = Boolean), @p11='?' (DbType = DateTimeOffset), @p12='?' (DbType = Boolean), @p13='?' (Size = 4000), @p14='?' (Size = 4000), @p15='?' (Size = 4000), @p16='?' (Size = 4000), @p17='?' (DbType = Boolean), @p18='?' (Size = 500), @p19='?' (Size = 4000), @p20='?' (DbType = Boolean), @p21='?' (Size = 4000), @p22='?' (DbType = Guid), @p23='?' (DbType = Guid)], CommandType='Text', CommandTimeout='30']
      SET NOCOUNT ON;
      INSERT INTO [Identity].[AspNetUsers] ([Id], [AccessFailedCount], [ConcurrencyStamp], [CreatedAt], [Email], [EmailConfirmed], [FirstName], [IsActive], [LastLoginAt], [LastName], [LockoutEnabled], [LockoutEnd], [MustChangePassword], [NormalizedEmail], [NormalizedUserName], [PasswordHash], [PhoneNumber], [PhoneNumberConfirmed], [ProfilePictureUrl], [SecurityStamp], [TwoFactorEnabled], [UserName])
      VALUES (@p0, @p1, @p2, @p3, @p4, @p5, @p6, @p7, @p8, @p9, @p10, @p11, @p12, @p13, @p14, @p15, @p16, @p17, @p18, @p19, @p20, @p21);
      INSERT INTO [Identity].[AspNetUserRoles] ([AssignedRolesId], [UserId])
      VALUES (@p22, @p23);
info: Microsoft.EntityFrameworkCore.Database.Command[20101]
      Executed DbCommand (1ms) [Parameters=[], CommandType='Text', CommandTimeout='30']
      SELECT COUNT(*)
      FROM [Identity].[AspNetUsers] AS [a]
info: Microsoft.EntityFrameworkCore.Database.Command[20101]
      Executed DbCommand (255ms) [Parameters=[@p='?' (DbType = Int32), @p1='?' (DbType = Int32)], CommandType='Text', CommandTimeout='30']
      SELECT [a2].[Id], [a2].[AccessFailedCount], [a2].[ConcurrencyStamp], [a2].[CreatedAt], [a2].[Email], [a2].[EmailConfirmed], [a2].[FirstName], [a2].[IsActive], [a2].[LastLoginAt], [a2].[LastName], [a2].[LockoutEnabled], [a2].[LockoutEnd], [a2].[MustChangePassword], [a2].[NormalizedEmail], [a2].[NormalizedUserName], [a2].[PasswordHash], [a2].[PhoneNumber], [a2].[PhoneNumberConfirmed], [a2].[ProfilePictureUrl], [a2].[SecurityStamp], [a2].[TwoFactorEnabled], [a2].[UserName], [r].[UserId], [r].[Token], [r].[CreatedAtUtc], [r].[ExpiresAtUtc], [r].[RevokedAtUtc], [u].[UserId], [u].[Id], [u].[LastActivityAtUtc], [u].[RefreshToken], [u].[RevokedAtUtc], [u].[StartedAtUtc], [s].[AssignedRolesId], [s].[UserId], [s].[Id], [s].[ConcurrencyStamp], [s].[CreatedAt], [s].[Description], [s].[IsActive], [s].[IsSystem], [s].[Name], [s].[NormalizedName]
      FROM (
          SELECT [a].[Id], [a].[AccessFailedCount], [a].[ConcurrencyStamp], [a].[CreatedAt], [a].[Email], [a].[EmailConfirmed], [a].[FirstName], [a].[IsActive], [a].[LastLoginAt], [a].[LastName], [a].[LockoutEnabled], [a].[LockoutEnd], [a].[MustChangePassword], [a].[NormalizedEmail], [a].[NormalizedUserName], [a].[PasswordHash], [a].[PhoneNumber], [a].[PhoneNumberConfirmed], [a].[ProfilePictureUrl], [a].[SecurityStamp], [a].[TwoFactorEnabled], [a].[UserName]
          FROM [Identity].[AspNetUsers] AS [a]
          ORDER BY (SELECT 1)
          OFFSET @p ROWS FETCH NEXT @p1 ROWS ONLY
      ) AS [a2]
      LEFT JOIN [Identity].[RefreshToken] AS [r] ON [a2].[Id] = [r].[UserId]
      LEFT JOIN [Identity].[UserSession] AS [u] ON [a2].[Id] = [u].[UserId]
      LEFT JOIN (
          SELECT [a0].[AssignedRolesId], [a0].[UserId], [a1].[Id], [a1].[ConcurrencyStamp], [a1].[CreatedAt], [a1].[Description], [a1].[IsActive], [a1].[IsSystem], [a1].[Name], [a1].[NormalizedName]
          FROM [Identity].[AspNetUserRoles] AS [a0]
          INNER JOIN [Identity].[AspNetRoles] AS [a1] ON [a0].[AssignedRolesId] = [a1].[Id]
      ) AS [s] ON [a2].[Id] = [s].[UserId]
      ORDER BY [a2].[Id], [r].[UserId], [r].[Token], [u].[UserId], [u].[Id], [s].[AssignedRolesId], [s].[UserId]
info: Microsoft.EntityFrameworkCore.Database.Command[20101]
      Executed DbCommand (0ms) [Parameters=[@email='?' (Size = 4000)], CommandType='Text', CommandTimeout='30']
      SELECT CASE
          WHEN EXISTS (
              SELECT 1
              FROM [Identity].[AspNetUsers] AS [a]
              WHERE [a].[Email] = @email) THEN CAST(1 AS bit)
          ELSE CAST(0 AS bit)
      END
info: Microsoft.EntityFrameworkCore.Database.Command[20101]
      Executed DbCommand (0ms) [Parameters=[@userName='?' (Size = 4000)], CommandType='Text', CommandTimeout='30']
      SELECT CASE
          WHEN EXISTS (
              SELECT 1
              FROM [Identity].[AspNetUsers] AS [a]
              WHERE [a].[UserName] = @userName) THEN CAST(1 AS bit)
          ELSE CAST(0 AS bit)
      END
info: Microsoft.EntityFrameworkCore.Database.Command[20101]
      Executed DbCommand (0ms) [Parameters=[@idList1='?' (DbType = Guid)], CommandType='Text', CommandTimeout='30']
      SELECT [a].[Id], [a].[ConcurrencyStamp], [a].[CreatedAt], [a].[Description], [a].[IsActive], [a].[IsSystem], [a].[Name], [a].[NormalizedName], [s].[PermissionsId], [s].[RoleId], [s].[Id], [s].[Code], [s].[Description], [s].[Group], [s].[Name]
      FROM [Identity].[AspNetRoles] AS [a]
      LEFT JOIN (
          SELECT [r].[PermissionsId], [r].[RoleId], [a0].[Id], [a0].[Code], [a0].[Description], [a0].[Group], [a0].[Name]
          FROM [Identity].[RolePermissions] AS [r]
          INNER JOIN [Identity].[AspNetPermissions] AS [a0] ON [r].[PermissionsId] = [a0].[Id]
      ) AS [s] ON [a].[Id] = [s].[RoleId]
      WHERE [a].[Id] = @idList1
      ORDER BY [a].[Id], [s].[PermissionsId], [s].[RoleId]
info: Wolverine.Runtime.WolverineRuntime[107]
      No routes can be determined for Envelope #08def9a9-0b43-ac38-e86a-64c9e0060000 (RadiologyCenter.Identity.Domain.Events.UserRegisteredEvent)
info: Wolverine.Runtime.WolverineRuntime[107]
      No routes can be determined for Envelope #08def9a9-0b43-afca-e86a-64c9e0060000 (RadiologyCenter.Identity.Domain.Events.UserRolesUpdatedEvent)
info: Microsoft.EntityFrameworkCore.Database.Command[20101]
      Executed DbCommand (0ms) [Parameters=[@p0='?' (DbType = Guid), @p1='?' (DbType = Int32), @p2='?' (Size = 4000), @p3='?' (DbType = DateTime2), @p4='?' (Size = 4000), @p5='?' (DbType = Boolean), @p6='?' (Size = 100), @p7='?' (DbType = Boolean), @p8='?' (DbType = DateTime2), @p9='?' (Size = 100), @p10='?' (DbType = Boolean), @p11='?' (DbType = DateTimeOffset), @p12='?' (DbType = Boolean), @p13='?' (Size = 4000), @p14='?' (Size = 4000), @p15='?' (Size = 4000), @p16='?' (Size = 4000), @p17='?' (DbType = Boolean), @p18='?' (Size = 500), @p19='?' (Size = 4000), @p20='?' (DbType = Boolean), @p21='?' (Size = 4000), @p22='?' (DbType = Guid), @p23='?' (DbType = Guid)], CommandType='Text', CommandTimeout='30']
      SET NOCOUNT ON;
      INSERT INTO [Identity].[AspNetUsers] ([Id], [AccessFailedCount], [ConcurrencyStamp], [CreatedAt], [Email], [EmailConfirmed], [FirstName], [IsActive], [LastLoginAt], [LastName], [LockoutEnabled], [LockoutEnd], [MustChangePassword], [NormalizedEmail], [NormalizedUserName], [PasswordHash], [PhoneNumber], [PhoneNumberConfirmed], [ProfilePictureUrl], [SecurityStamp], [TwoFactorEnabled], [UserName])
      VALUES (@p0, @p1, @p2, @p3, @p4, @p5, @p6, @p7, @p8, @p9, @p10, @p11, @p12, @p13, @p14, @p15, @p16, @p17, @p18, @p19, @p20, @p21);
      INSERT INTO [Identity].[AspNetUserRoles] ([AssignedRolesId], [UserId])
      VALUES (@p22, @p23);
info: Microsoft.EntityFrameworkCore.Database.Command[20101]
      Executed DbCommand (0ms) [Parameters=[], CommandType='Text', CommandTimeout='30']
      SELECT COUNT(*)
      FROM [Identity].[AspNetUsers] AS [a]
info: Microsoft.EntityFrameworkCore.Database.Command[20101]
      Executed DbCommand (242ms) [Parameters=[@p='?' (DbType = Int32), @p1='?' (DbType = Int32)], CommandType='Text', CommandTimeout='30']
      SELECT [a2].[Id], [a2].[AccessFailedCount], [a2].[ConcurrencyStamp], [a2].[CreatedAt], [a2].[Email], [a2].[EmailConfirmed], [a2].[FirstName], [a2].[IsActive], [a2].[LastLoginAt], [a2].[LastName], [a2].[LockoutEnabled], [a2].[LockoutEnd], [a2].[MustChangePassword], [a2].[NormalizedEmail], [a2].[NormalizedUserName], [a2].[PasswordHash], [a2].[PhoneNumber], [a2].[PhoneNumberConfirmed], [a2].[ProfilePictureUrl], [a2].[SecurityStamp], [a2].[TwoFactorEnabled], [a2].[UserName], [r].[UserId], [r].[Token], [r].[CreatedAtUtc], [r].[ExpiresAtUtc], [r].[RevokedAtUtc], [u].[UserId], [u].[Id], [u].[LastActivityAtUtc], [u].[RefreshToken], [u].[RevokedAtUtc], [u].[StartedAtUtc], [s].[AssignedRolesId], [s].[UserId], [s].[Id], [s].[ConcurrencyStamp], [s].[CreatedAt], [s].[Description], [s].[IsActive], [s].[IsSystem], [s].[Name], [s].[NormalizedName]
      FROM (
          SELECT [a].[Id], [a].[AccessFailedCount], [a].[ConcurrencyStamp], [a].[CreatedAt], [a].[Email], [a].[EmailConfirmed], [a].[FirstName], [a].[IsActive], [a].[LastLoginAt], [a].[LastName], [a].[LockoutEnabled], [a].[LockoutEnd], [a].[MustChangePassword], [a].[NormalizedEmail], [a].[NormalizedUserName], [a].[PasswordHash], [a].[PhoneNumber], [a].[PhoneNumberConfirmed], [a].[ProfilePictureUrl], [a].[SecurityStamp], [a].[TwoFactorEnabled], [a].[UserName]
          FROM [Identity].[AspNetUsers] AS [a]
          ORDER BY (SELECT 1)
          OFFSET @p ROWS FETCH NEXT @p1 ROWS ONLY
      ) AS [a2]
      LEFT JOIN [Identity].[RefreshToken] AS [r] ON [a2].[Id] = [r].[UserId]
      LEFT JOIN [Identity].[UserSession] AS [u] ON [a2].[Id] = [u].[UserId]
      LEFT JOIN (
          SELECT [a0].[AssignedRolesId], [a0].[UserId], [a1].[Id], [a1].[ConcurrencyStamp], [a1].[CreatedAt], [a1].[Description], [a1].[IsActive], [a1].[IsSystem], [a1].[Name], [a1].[NormalizedName]
          FROM [Identity].[AspNetUserRoles] AS [a0]
          INNER JOIN [Identity].[AspNetRoles] AS [a1] ON [a0].[AssignedRolesId] = [a1].[Id]
      ) AS [s] ON [a2].[Id] = [s].[UserId]
      ORDER BY [a2].[Id], [r].[UserId], [r].[Token], [u].[UserId], [u].[Id], [s].[AssignedRolesId], [s].[UserId]
info: Microsoft.EntityFrameworkCore.Database.Command[20101]
      Executed DbCommand (0ms) [Parameters=[@email='?' (Size = 4000)], CommandType='Text', CommandTimeout='30']
      SELECT CASE
          WHEN EXISTS (
              SELECT 1
              FROM [Identity].[AspNetUsers] AS [a]
              WHERE [a].[Email] = @email) THEN CAST(1 AS bit)
          ELSE CAST(0 AS bit)
      END
info: Microsoft.EntityFrameworkCore.Database.Command[20101]
      Executed DbCommand (0ms) [Parameters=[@userName='?' (Size = 4000)], CommandType='Text', CommandTimeout='30']
      SELECT CASE
          WHEN EXISTS (
              SELECT 1
              FROM [Identity].[AspNetUsers] AS [a]
              WHERE [a].[UserName] = @userName) THEN CAST(1 AS bit)
          ELSE CAST(0 AS bit)
      END
info: Microsoft.EntityFrameworkCore.Database.Command[20101]
      Executed DbCommand (0ms) [Parameters=[@idList1='?' (DbType = Guid)], CommandType='Text', CommandTimeout='30']
      SELECT [a].[Id], [a].[ConcurrencyStamp], [a].[CreatedAt], [a].[Description], [a].[IsActive], [a].[IsSystem], [a].[Name], [a].[NormalizedName], [s].[PermissionsId], [s].[RoleId], [s].[Id], [s].[Code], [s].[Description], [s].[Group], [s].[Name]
      FROM [Identity].[AspNetRoles] AS [a]
      LEFT JOIN (
          SELECT [r].[PermissionsId], [r].[RoleId], [a0].[Id], [a0].[Code], [a0].[Description], [a0].[Group], [a0].[Name]
          FROM [Identity].[RolePermissions] AS [r]
          INNER JOIN [Identity].[AspNetPermissions] AS [a0] ON [r].[PermissionsId] = [a0].[Id]
      ) AS [s] ON [a].[Id] = [s].[RoleId]
      WHERE [a].[Id] = @idList1
      ORDER BY [a].[Id], [s].[PermissionsId], [s].[RoleId]
info: Wolverine.Runtime.WolverineRuntime[107]
      No routes can be determined for Envelope #08def9a9-0bb3-d4c4-e86a-64c9e0060000 (RadiologyCenter.Identity.Domain.Events.UserRegisteredEvent)
info: Wolverine.Runtime.WolverineRuntime[107]
      No routes can be determined for Envelope #08def9a9-0bb3-d78f-e86a-64c9e0060000 (RadiologyCenter.Identity.Domain.Events.UserRolesUpdatedEvent)
info: Microsoft.EntityFrameworkCore.Database.Command[20101]
      Executed DbCommand (1ms) [Parameters=[@p0='?' (DbType = Guid), @p1='?' (DbType = Int32), @p2='?' (Size = 4000), @p3='?' (DbType = DateTime2), @p4='?' (Size = 4000), @p5='?' (DbType = Boolean), @p6='?' (Size = 100), @p7='?' (DbType = Boolean), @p8='?' (DbType = DateTime2), @p9='?' (Size = 100), @p10='?' (DbType = Boolean), @p11='?' (DbType = DateTimeOffset), @p12='?' (DbType = Boolean), @p13='?' (Size = 4000), @p14='?' (Size = 4000), @p15='?' (Size = 4000), @p16='?' (Size = 4000), @p17='?' (DbType = Boolean), @p18='?' (Size = 500), @p19='?' (Size = 4000), @p20='?' (DbType = Boolean), @p21='?' (Size = 4000), @p22='?' (DbType = Guid), @p23='?' (DbType = Guid)], CommandType='Text', CommandTimeout='30']
      SET NOCOUNT ON;
      INSERT INTO [Identity].[AspNetUsers] ([Id], [AccessFailedCount], [ConcurrencyStamp], [CreatedAt], [Email], [EmailConfirmed], [FirstName], [IsActive], [LastLoginAt], [LastName], [LockoutEnabled], [LockoutEnd], [MustChangePassword], [NormalizedEmail], [NormalizedUserName], [PasswordHash], [PhoneNumber], [PhoneNumberConfirmed], [ProfilePictureUrl], [SecurityStamp], [TwoFactorEnabled], [UserName])
      VALUES (@p0, @p1, @p2, @p3, @p4, @p5, @p6, @p7, @p8, @p9, @p10, @p11, @p12, @p13, @p14, @p15, @p16, @p17, @p18, @p19, @p20, @p21);
      INSERT INTO [Identity].[AspNetUserRoles] ([AssignedRolesId], [UserId])
      VALUES (@p22, @p23);
info: Microsoft.EntityFrameworkCore.Database.Command[20101]
      Executed DbCommand (0ms) [Parameters=[], CommandType='Text', CommandTimeout='30']
      SELECT COUNT(*)
      FROM [Identity].[AspNetUsers] AS [a]
info: Microsoft.EntityFrameworkCore.Database.Command[20101]
      Executed DbCommand (237ms) [Parameters=[@p='?' (DbType = Int32), @p1='?' (DbType = Int32)], CommandType='Text', CommandTimeout='30']
      SELECT [a2].[Id], [a2].[AccessFailedCount], [a2].[ConcurrencyStamp], [a2].[CreatedAt], [a2].[Email], [a2].[EmailConfirmed], [a2].[FirstName], [a2].[IsActive], [a2].[LastLoginAt], [a2].[LastName], [a2].[LockoutEnabled], [a2].[LockoutEnd], [a2].[MustChangePassword], [a2].[NormalizedEmail], [a2].[NormalizedUserName], [a2].[PasswordHash], [a2].[PhoneNumber], [a2].[PhoneNumberConfirmed], [a2].[ProfilePictureUrl], [a2].[SecurityStamp], [a2].[TwoFactorEnabled], [a2].[UserName], [r].[UserId], [r].[Token], [r].[CreatedAtUtc], [r].[ExpiresAtUtc], [r].[RevokedAtUtc], [u].[UserId], [u].[Id], [u].[LastActivityAtUtc], [u].[RefreshToken], [u].[RevokedAtUtc], [u].[StartedAtUtc], [s].[AssignedRolesId], [s].[UserId], [s].[Id], [s].[ConcurrencyStamp], [s].[CreatedAt], [s].[Description], [s].[IsActive], [s].[IsSystem], [s].[Name], [s].[NormalizedName]
      FROM (
          SELECT [a].[Id], [a].[AccessFailedCount], [a].[ConcurrencyStamp], [a].[CreatedAt], [a].[Email], [a].[EmailConfirmed], [a].[FirstName], [a].[IsActive], [a].[LastLoginAt], [a].[LastName], [a].[LockoutEnabled], [a].[LockoutEnd], [a].[MustChangePassword], [a].[NormalizedEmail], [a].[NormalizedUserName], [a].[PasswordHash], [a].[PhoneNumber], [a].[PhoneNumberConfirmed], [a].[ProfilePictureUrl], [a].[SecurityStamp], [a].[TwoFactorEnabled], [a].[UserName]
          FROM [Identity].[AspNetUsers] AS [a]
          ORDER BY (SELECT 1)
          OFFSET @p ROWS FETCH NEXT @p1 ROWS ONLY
      ) AS [a2]
      LEFT JOIN [Identity].[RefreshToken] AS [r] ON [a2].[Id] = [r].[UserId]
      LEFT JOIN [Identity].[UserSession] AS [u] ON [a2].[Id] = [u].[UserId]
      LEFT JOIN (
          SELECT [a0].[AssignedRolesId], [a0].[UserId], [a1].[Id], [a1].[ConcurrencyStamp], [a1].[CreatedAt], [a1].[Description], [a1].[IsActive], [a1].[IsSystem], [a1].[Name], [a1].[NormalizedName]
          FROM [Identity].[AspNetUserRoles] AS [a0]
          INNER JOIN [Identity].[AspNetRoles] AS [a1] ON [a0].[AssignedRolesId] = [a1].[Id]
      ) AS [s] ON [a2].[Id] = [s].[UserId]
      ORDER BY [a2].[Id], [r].[UserId], [r].[Token], [u].[UserId], [u].[Id], [s].[AssignedRolesId], [s].[UserId]
info: Microsoft.EntityFrameworkCore.Database.Command[20101]
      Executed DbCommand (0ms) [Parameters=[@email='?' (Size = 4000)], CommandType='Text', CommandTimeout='30']
      SELECT CASE
          WHEN EXISTS (
              SELECT 1
              FROM [Identity].[AspNetUsers] AS [a]
              WHERE [a].[Email] = @email) THEN CAST(1 AS bit)
          ELSE CAST(0 AS bit)
      END
info: Microsoft.EntityFrameworkCore.Database.Command[20101]
      Executed DbCommand (0ms) [Parameters=[@userName='?' (Size = 4000)], CommandType='Text', CommandTimeout='30']
      SELECT CASE
          WHEN EXISTS (
              SELECT 1
              FROM [Identity].[AspNetUsers] AS [a]
              WHERE [a].[UserName] = @userName) THEN CAST(1 AS bit)
          ELSE CAST(0 AS bit)
      END
info: Microsoft.EntityFrameworkCore.Database.Command[20101]
      Executed DbCommand (0ms) [Parameters=[@idList1='?' (DbType = Guid)], CommandType='Text', CommandTimeout='30']
      SELECT [a].[Id], [a].[ConcurrencyStamp], [a].[CreatedAt], [a].[Description], [a].[IsActive], [a].[IsSystem], [a].[Name], [a].[NormalizedName], [s].[PermissionsId], [s].[RoleId], [s].[Id], [s].[Code], [s].[Description], [s].[Group], [s].[Name]
      FROM [Identity].[AspNetRoles] AS [a]
      LEFT JOIN (
          SELECT [r].[PermissionsId], [r].[RoleId], [a0].[Id], [a0].[Code], [a0].[Description], [a0].[Group], [a0].[Name]
          FROM [Identity].[RolePermissions] AS [r]
          INNER JOIN [Identity].[AspNetPermissions] AS [a0] ON [r].[PermissionsId] = [a0].[Id]
      ) AS [s] ON [a].[Id] = [s].[RoleId]
      WHERE [a].[Id] = @idList1
      ORDER BY [a].[Id], [s].[PermissionsId], [s].[RoleId]
info: Wolverine.Runtime.WolverineRuntime[107]
      No routes can be determined for Envelope #08def9a9-0c1f-23e1-e86a-64c9e0060000 (RadiologyCenter.Identity.Domain.Events.UserRegisteredEvent)
info: Wolverine.Runtime.WolverineRuntime[107]
      No routes can be determined for Envelope #08def9a9-0c1f-2549-e86a-64c9e0060000 (RadiologyCenter.Identity.Domain.Events.UserRolesUpdatedEvent)
info: Microsoft.EntityFrameworkCore.Database.Command[20101]
      Executed DbCommand (0ms) [Parameters=[@p0='?' (DbType = Guid), @p1='?' (DbType = Int32), @p2='?' (Size = 4000), @p3='?' (DbType = DateTime2), @p4='?' (Size = 4000), @p5='?' (DbType = Boolean), @p6='?' (Size = 100), @p7='?' (DbType = Boolean), @p8='?' (DbType = DateTime2), @p9='?' (Size = 100), @p10='?' (DbType = Boolean), @p11='?' (DbType = DateTimeOffset), @p12='?' (DbType = Boolean), @p13='?' (Size = 4000), @p14='?' (Size = 4000), @p15='?' (Size = 4000), @p16='?' (Size = 4000), @p17='?' (DbType = Boolean), @p18='?' (Size = 500), @p19='?' (Size = 4000), @p20='?' (DbType = Boolean), @p21='?' (Size = 4000), @p22='?' (DbType = Guid), @p23='?' (DbType = Guid)], CommandType='Text', CommandTimeout='30']
      SET NOCOUNT ON;
      INSERT INTO [Identity].[AspNetUsers] ([Id], [AccessFailedCount], [ConcurrencyStamp], [CreatedAt], [Email], [EmailConfirmed], [FirstName], [IsActive], [LastLoginAt], [LastName], [LockoutEnabled], [LockoutEnd], [MustChangePassword], [NormalizedEmail], [NormalizedUserName], [PasswordHash], [PhoneNumber], [PhoneNumberConfirmed], [ProfilePictureUrl], [SecurityStamp], [TwoFactorEnabled], [UserName])
      VALUES (@p0, @p1, @p2, @p3, @p4, @p5, @p6, @p7, @p8, @p9, @p10, @p11, @p12, @p13, @p14, @p15, @p16, @p17, @p18, @p19, @p20, @p21);
      INSERT INTO [Identity].[AspNetUserRoles] ([AssignedRolesId], [UserId])
      VALUES (@p22, @p23);
info: Microsoft.EntityFrameworkCore.Database.Command[20101]
      Executed DbCommand (0ms) [Parameters=[], CommandType='Text', CommandTimeout='30']
      SELECT COUNT(*)
      FROM [Identity].[AspNetUsers] AS [a]
info: Microsoft.EntityFrameworkCore.Database.Command[20101]
      Executed DbCommand (245ms) [Parameters=[@p='?' (DbType = Int32), @p1='?' (DbType = Int32)], CommandType='Text', CommandTimeout='30']
      SELECT [a2].[Id], [a2].[AccessFailedCount], [a2].[ConcurrencyStamp], [a2].[CreatedAt], [a2].[Email], [a2].[EmailConfirmed], [a2].[FirstName], [a2].[IsActive], [a2].[LastLoginAt], [a2].[LastName], [a2].[LockoutEnabled], [a2].[LockoutEnd], [a2].[MustChangePassword], [a2].[NormalizedEmail], [a2].[NormalizedUserName], [a2].[PasswordHash], [a2].[PhoneNumber], [a2].[PhoneNumberConfirmed], [a2].[ProfilePictureUrl], [a2].[SecurityStamp], [a2].[TwoFactorEnabled], [a2].[UserName], [r].[UserId], [r].[Token], [r].[CreatedAtUtc], [r].[ExpiresAtUtc], [r].[RevokedAtUtc], [u].[UserId], [u].[Id], [u].[LastActivityAtUtc], [u].[RefreshToken], [u].[RevokedAtUtc], [u].[StartedAtUtc], [s].[AssignedRolesId], [s].[UserId], [s].[Id], [s].[ConcurrencyStamp], [s].[CreatedAt], [s].[Description], [s].[IsActive], [s].[IsSystem], [s].[Name], [s].[NormalizedName]
      FROM (
          SELECT [a].[Id], [a].[AccessFailedCount], [a].[ConcurrencyStamp], [a].[CreatedAt], [a].[Email], [a].[EmailConfirmed], [a].[FirstName], [a].[IsActive], [a].[LastLoginAt], [a].[LastName], [a].[LockoutEnabled], [a].[LockoutEnd], [a].[MustChangePassword], [a].[NormalizedEmail], [a].[NormalizedUserName], [a].[PasswordHash], [a].[PhoneNumber], [a].[PhoneNumberConfirmed], [a].[ProfilePictureUrl], [a].[SecurityStamp], [a].[TwoFactorEnabled], [a].[UserName]
          FROM [Identity].[AspNetUsers] AS [a]
          ORDER BY (SELECT 1)
          OFFSET @p ROWS FETCH NEXT @p1 ROWS ONLY
      ) AS [a2]
      LEFT JOIN [Identity].[RefreshToken] AS [r] ON [a2].[Id] = [r].[UserId]
      LEFT JOIN [Identity].[UserSession] AS [u] ON [a2].[Id] = [u].[UserId]
      LEFT JOIN (
          SELECT [a0].[AssignedRolesId], [a0].[UserId], [a1].[Id], [a1].[ConcurrencyStamp], [a1].[CreatedAt], [a1].[Description], [a1].[IsActive], [a1].[IsSystem], [a1].[Name], [a1].[NormalizedName]
          FROM [Identity].[AspNetUserRoles] AS [a0]
          INNER JOIN [Identity].[AspNetRoles] AS [a1] ON [a0].[AssignedRolesId] = [a1].[Id]
      ) AS [s] ON [a2].[Id] = [s].[UserId]
      ORDER BY [a2].[Id], [r].[UserId], [r].[Token], [u].[UserId], [u].[Id], [s].[AssignedRolesId], [s].[UserId]
info: Microsoft.EntityFrameworkCore.Database.Command[20101]
      Executed DbCommand (3ms) [Parameters=[@p0='?' (DbType = Guid), @p1='?' (DbType = DateTime2), @p2='?' (Size = 4000), @p3='?' (DbType = DateTime2), @p4='?' (Size = 4000), @p5='?' (Size = 200), @p6='?' (Size = 100), @p7='?' (DbType = DateTime2), @p8='?' (DbType = Boolean), @p9='?' (DbType = Boolean), @p10='?' (DbType = DateTime2), @p11='?' (Size = 4000), @p12='?' (Size = 100), @p13='?' (Size = 100), @p14='?' (Size = 100), @p15='?' (Size = 30), @p16='?' (DbType = Int32), @p17='?' (Size = 200), @p18='?' (DbType = Guid)], CommandType='Text', CommandTimeout='30']
      SET IMPLICIT_TRANSACTIONS OFF;
      SET NOCOUNT ON;
      INSERT INTO [ResourceManagement].[Staff] ([Id], [CreatedAt], [CreatedBy], [DeletedAt], [DeletedBy], [Department], [FirstName], [HireDate], [IsActive], [IsDeleted], [LastModifiedAt], [LastModifiedBy], [LastName], [LicenseNumber], [MiddleName], [PhoneNumber], [Position], [Specialization], [UserId])
      VALUES (@p0, @p1, @p2, @p3, @p4, @p5, @p6, @p7, @p8, @p9, @p10, @p11, @p12, @p13, @p14, @p15, @p16, @p17, @p18);
info: Microsoft.EntityFrameworkCore.Database.Command[20101]
      Executed DbCommand (1ms) [Parameters=[@p0='?' (DbType = Guid), @p1='?' (DbType = DateTime2), @p2='?' (Size = 4000), @p3='?' (DbType = DateTime2), @p4='?' (Size = 4000), @p5='?' (Size = 200), @p6='?' (Size = 100), @p7='?' (DbType = DateTime2), @p8='?' (DbType = Boolean), @p9='?' (DbType = Boolean), @p10='?' (DbType = DateTime2), @p11='?' (Size = 4000), @p12='?' (Size = 100), @p13='?' (Size = 100), @p14='?' (Size = 100), @p15='?' (Size = 30), @p16='?' (DbType = Int32), @p17='?' (Size = 200), @p18='?' (DbType = Guid)], CommandType='Text', CommandTimeout='30']
      SET IMPLICIT_TRANSACTIONS OFF;
      SET NOCOUNT ON;
      INSERT INTO [ResourceManagement].[Staff] ([Id], [CreatedAt], [CreatedBy], [DeletedAt], [DeletedBy], [Department], [FirstName], [HireDate], [IsActive], [IsDeleted], [LastModifiedAt], [LastModifiedBy], [LastName], [LicenseNumber], [MiddleName], [PhoneNumber], [Position], [Specialization], [UserId])
      VALUES (@p0, @p1, @p2, @p3, @p4, @p5, @p6, @p7, @p8, @p9, @p10, @p11, @p12, @p13, @p14, @p15, @p16, @p17, @p18);
warn: JasperFx.CodeGeneration.ICodeFile[0]
      Utilizing service location for Message Handler for RadiologyCenter.ResourceManagement.Application.Commands.CreateEquipment.CreateEquipmentCommand for Service RadiologyCenter.ResourceManagement.Application.Abstractions.IEquipmentRepository: 
      Dependency: Descriptor: ServiceType: RadiologyCenter.ResourceManagement.Infrastructure.Persistence.ResourceManagementDbContext Lifetime: Scoped ImplementationType: RadiologyCenter.ResourceManagement.Infrastructure.Persistence.ResourceManagementDbContext
      
      Dependency: Descriptor: ServiceType: Microsoft.EntityFrameworkCore.DbContextOptions`1[RadiologyCenter.ResourceManagement.Infrastructure.Persistence.ResourceManagementDbContext] Lifetime: Scoped ImplementationFactory: Microsoft.Extensions.DependencyInjection.EntityFrameworkServiceCollectionExtensions.CreateDbContextOptions
      The service registration for Microsoft.EntityFrameworkCore.DbContextOptions<RadiologyCenter.ResourceManagement.Infrastructure.Persistence.ResourceManagementDbContext> is an 'opaque' lambda factory with the Scoped lifetime and requires service location
      
      . This will throw in Wolverine 6.0 when ServiceLocationPolicy.NotAllowed becomes the default. See https://wolverinefx.net/guide/codegen.html
warn: JasperFx.CodeGeneration.ICodeFile[0]
      Utilizing service location for Message Handler for RadiologyCenter.ResourceManagement.Application.Commands.CreateEquipment.CreateEquipmentCommand for Service RadiologyCenter.ResourceManagement.Application.Abstractions.IResourceManagementUnitOfWork: 
      Dependency: Descriptor: ServiceType: RadiologyCenter.ResourceManagement.Infrastructure.Persistence.ResourceManagementDbContext Lifetime: Scoped ImplementationType: RadiologyCenter.ResourceManagement.Infrastructure.Persistence.ResourceManagementDbContext
      
      Dependency: Descriptor: ServiceType: Microsoft.EntityFrameworkCore.DbContextOptions`1[RadiologyCenter.ResourceManagement.Infrastructure.Persistence.ResourceManagementDbContext] Lifetime: Scoped ImplementationFactory: Microsoft.Extensions.DependencyInjection.EntityFrameworkServiceCollectionExtensions.CreateDbContextOptions
      The service registration for Microsoft.EntityFrameworkCore.DbContextOptions<RadiologyCenter.ResourceManagement.Infrastructure.Persistence.ResourceManagementDbContext> is an 'opaque' lambda factory with the Scoped lifetime and requires service location
      
      . This will throw in Wolverine 6.0 when ServiceLocationPolicy.NotAllowed becomes the default. See https://wolverinefx.net/guide/codegen.html
info: Microsoft.EntityFrameworkCore.Database.Command[20101]
      Executed DbCommand (3ms) [Parameters=[@p0='?' (DbType = Guid), @p1='?' (DbType = DateTime2), @p2='?' (Size = 4000), @p3='?' (DbType = DateTime2), @p4='?' (Size = 4000), @p5='?' (DbType = Boolean), @p6='?' (DbType = Boolean), @p7='?' (DbType = DateTime2), @p8='?' (Size = 4000), @p9='?' (DbType = Int32), @p10='?' (Size = 200), @p11='?' (DbType = DateTime2), @p12='?' (Size = 100), @p13='?' (DbType = Int32)], CommandType='Text', CommandTimeout='30']
      SET IMPLICIT_TRANSACTIONS OFF;
      SET NOCOUNT ON;
      INSERT INTO [ResourceManagement].[Equipment] ([Id], [CreatedAt], [CreatedBy], [DeletedAt], [DeletedBy], [IsActive], [IsDeleted], [LastModifiedAt], [LastModifiedBy], [Modality], [Name], [PurchaseDate], [SerialNumber], [Status])
      VALUES (@p0, @p1, @p2, @p3, @p4, @p5, @p6, @p7, @p8, @p9, @p10, @p11, @p12, @p13);
warn: JasperFx.CodeGeneration.ICodeFile[0]
      Utilizing service location for Message Handler for RadiologyCenter.ResourceManagement.Application.Commands.CreateWorkShift.CreateWorkShiftCommand for Service RadiologyCenter.ResourceManagement.Application.Abstractions.IWorkShiftRepository: 
      Dependency: Descriptor: ServiceType: RadiologyCenter.ResourceManagement.Infrastructure.Persistence.ResourceManagementDbContext Lifetime: Scoped ImplementationType: RadiologyCenter.ResourceManagement.Infrastructure.Persistence.ResourceManagementDbContext
      
      Dependency: Descriptor: ServiceType: Microsoft.EntityFrameworkCore.DbContextOptions`1[RadiologyCenter.ResourceManagement.Infrastructure.Persistence.ResourceManagementDbContext] Lifetime: Scoped ImplementationFactory: Microsoft.Extensions.DependencyInjection.EntityFrameworkServiceCollectionExtensions.CreateDbContextOptions
      The service registration for Microsoft.EntityFrameworkCore.DbContextOptions<RadiologyCenter.ResourceManagement.Infrastructure.Persistence.ResourceManagementDbContext> is an 'opaque' lambda factory with the Scoped lifetime and requires service location
      
      . This will throw in Wolverine 6.0 when ServiceLocationPolicy.NotAllowed becomes the default. See https://wolverinefx.net/guide/codegen.html
warn: JasperFx.CodeGeneration.ICodeFile[0]
      Utilizing service location for Message Handler for RadiologyCenter.ResourceManagement.Application.Commands.CreateWorkShift.CreateWorkShiftCommand for Service RadiologyCenter.ResourceManagement.Application.Abstractions.IStaffRepository: 
      Dependency: Descriptor: ServiceType: RadiologyCenter.ResourceManagement.Infrastructure.Persistence.ResourceManagementDbContext Lifetime: Scoped ImplementationType: RadiologyCenter.ResourceManagement.Infrastructure.Persistence.ResourceManagementDbContext
      
      Dependency: Descriptor: ServiceType: Microsoft.EntityFrameworkCore.DbContextOptions`1[RadiologyCenter.ResourceManagement.Infrastructure.Persistence.ResourceManagementDbContext] Lifetime: Scoped ImplementationFactory: Microsoft.Extensions.DependencyInjection.EntityFrameworkServiceCollectionExtensions.CreateDbContextOptions
      The service registration for Microsoft.EntityFrameworkCore.DbContextOptions<RadiologyCenter.ResourceManagement.Infrastructure.Persistence.ResourceManagementDbContext> is an 'opaque' lambda factory with the Scoped lifetime and requires service location
      
      . This will throw in Wolverine 6.0 when ServiceLocationPolicy.NotAllowed becomes the default. See https://wolverinefx.net/guide/codegen.html
warn: JasperFx.CodeGeneration.ICodeFile[0]
      Utilizing service location for Message Handler for RadiologyCenter.ResourceManagement.Application.Commands.CreateWorkShift.CreateWorkShiftCommand for Service RadiologyCenter.ResourceManagement.Application.Abstractions.IEquipmentRepository: 
      Dependency: Descriptor: ServiceType: RadiologyCenter.ResourceManagement.Infrastructure.Persistence.ResourceManagementDbContext Lifetime: Scoped ImplementationType: RadiologyCenter.ResourceManagement.Infrastructure.Persistence.ResourceManagementDbContext
      
      Dependency: Descriptor: ServiceType: Microsoft.EntityFrameworkCore.DbContextOptions`1[RadiologyCenter.ResourceManagement.Infrastructure.Persistence.ResourceManagementDbContext] Lifetime: Scoped ImplementationFactory: Microsoft.Extensions.DependencyInjection.EntityFrameworkServiceCollectionExtensions.CreateDbContextOptions
      The service registration for Microsoft.EntityFrameworkCore.DbContextOptions<RadiologyCenter.ResourceManagement.Infrastructure.Persistence.ResourceManagementDbContext> is an 'opaque' lambda factory with the Scoped lifetime and requires service location
      
      . This will throw in Wolverine 6.0 when ServiceLocationPolicy.NotAllowed becomes the default. See https://wolverinefx.net/guide/codegen.html
warn: JasperFx.CodeGeneration.ICodeFile[0]
      Utilizing service location for Message Handler for RadiologyCenter.ResourceManagement.Application.Commands.CreateWorkShift.CreateWorkShiftCommand for Service RadiologyCenter.ResourceManagement.Application.Abstractions.IResourceManagementUnitOfWork: 
      Dependency: Descriptor: ServiceType: RadiologyCenter.ResourceManagement.Infrastructure.Persistence.ResourceManagementDbContext Lifetime: Scoped ImplementationType: RadiologyCenter.ResourceManagement.Infrastructure.Persistence.ResourceManagementDbContext
      
      Dependency: Descriptor: ServiceType: Microsoft.EntityFrameworkCore.DbContextOptions`1[RadiologyCenter.ResourceManagement.Infrastructure.Persistence.ResourceManagementDbContext] Lifetime: Scoped ImplementationFactory: Microsoft.Extensions.DependencyInjection.EntityFrameworkServiceCollectionExtensions.CreateDbContextOptions
      The service registration for Microsoft.EntityFrameworkCore.DbContextOptions<RadiologyCenter.ResourceManagement.Infrastructure.Persistence.ResourceManagementDbContext> is an 'opaque' lambda factory with the Scoped lifetime and requires service location
      
      . This will throw in Wolverine 6.0 when ServiceLocationPolicy.NotAllowed becomes the default. See https://wolverinefx.net/guide/codegen.html
info: Microsoft.EntityFrameworkCore.Database.Command[20101]
      Executed DbCommand (1ms) [Parameters=[@p='?' (DbType = Guid)], CommandType='Text', CommandTimeout='30']
      SELECT TOP(1) [s].[Id], [s].[CreatedAt], [s].[CreatedBy], [s].[DeletedAt], [s].[DeletedBy], [s].[Department], [s].[FirstName], [s].[HireDate], [s].[IsActive], [s].[IsDeleted], [s].[LastModifiedAt], [s].[LastModifiedBy], [s].[LastName], [s].[LicenseNumber], [s].[MiddleName], [s].[PhoneNumber], [s].[Position], [s].[Specialization], [s].[UserId]
      FROM [ResourceManagement].[Staff] AS [s]
      WHERE [s].[IsDeleted] = CAST(0 AS bit) AND [s].[Id] = @p
info: Microsoft.EntityFrameworkCore.Database.Command[20101]
      Executed DbCommand (1ms) [Parameters=[@p='?' (DbType = Guid)], CommandType='Text', CommandTimeout='30']
      SELECT TOP(1) [e].[Id], [e].[CreatedAt], [e].[CreatedBy], [e].[DeletedAt], [e].[DeletedBy], [e].[IsActive], [e].[IsDeleted], [e].[LastModifiedAt], [e].[LastModifiedBy], [e].[Modality], [e].[Name], [e].[PurchaseDate], [e].[SerialNumber], [e].[Status]
      FROM [ResourceManagement].[Equipment] AS [e]
      WHERE [e].[IsDeleted] = CAST(0 AS bit) AND [e].[Id] = @p
info: Microsoft.EntityFrameworkCore.Database.Command[20101]
      Executed DbCommand (3ms) [Parameters=[@date_Date='?' (DbType = DateTime2)], CommandType='Text', CommandTimeout='30']
      SELECT [w].[Id], [w].[CreatedAt], [w].[CreatedBy], [w].[Date], [w].[DeletedAt], [w].[DeletedBy], [w].[EndTime], [w].[EquipmentId], [w].[IsDeleted], [w].[LastModifiedAt], [w].[LastModifiedBy], [w].[Notes], [w].[StaffId], [w].[StartTime]
      FROM [ResourceManagement].[WorkShifts] AS [w]
      WHERE [w].[IsDeleted] = CAST(0 AS bit) AND CONVERT(date, [w].[Date]) = @date_Date
info: Microsoft.EntityFrameworkCore.Database.Command[20101]
      Executed DbCommand (2ms) [Parameters=[@p0='?' (DbType = Guid), @p1='?' (DbType = DateTime2), @p2='?' (Size = 4000), @p3='?' (DbType = DateTime2), @p4='?' (DbType = DateTime2), @p5='?' (Size = 4000), @p6='?' (DbType = Time), @p7='?' (DbType = Guid), @p8='?' (DbType = Boolean), @p9='?' (DbType = DateTime2), @p10='?' (Size = 4000), @p11='?' (Size = 500), @p12='?' (DbType = Guid), @p13='?' (DbType = Time)], CommandType='Text', CommandTimeout='30']
      SET IMPLICIT_TRANSACTIONS OFF;
      SET NOCOUNT ON;
      INSERT INTO [ResourceManagement].[WorkShifts] ([Id], [CreatedAt], [CreatedBy], [Date], [DeletedAt], [DeletedBy], [EndTime], [EquipmentId], [IsDeleted], [LastModifiedAt], [LastModifiedBy], [Notes], [StaffId], [StartTime])
      VALUES (@p0, @p1, @p2, @p3, @p4, @p5, @p6, @p7, @p8, @p9, @p10, @p11, @p12, @p13);
info: Microsoft.EntityFrameworkCore.Database.Command[20101]
      Executed DbCommand (0ms) [Parameters=[@p='?' (DbType = Guid)], CommandType='Text', CommandTimeout='30']
      SELECT TOP(1) [s].[Id], [s].[CreatedAt], [s].[CreatedBy], [s].[DeletedAt], [s].[DeletedBy], [s].[Department], [s].[FirstName], [s].[HireDate], [s].[IsActive], [s].[IsDeleted], [s].[LastModifiedAt], [s].[LastModifiedBy], [s].[LastName], [s].[LicenseNumber], [s].[MiddleName], [s].[PhoneNumber], [s].[Position], [s].[Specialization], [s].[UserId]
      FROM [ResourceManagement].[Staff] AS [s]
      WHERE [s].[IsDeleted] = CAST(0 AS bit) AND [s].[Id] = @p
info: Microsoft.EntityFrameworkCore.Database.Command[20101]
      Executed DbCommand (0ms) [Parameters=[@date_Date='?' (DbType = DateTime2)], CommandType='Text', CommandTimeout='30']
      SELECT [w].[Id], [w].[CreatedAt], [w].[CreatedBy], [w].[Date], [w].[DeletedAt], [w].[DeletedBy], [w].[EndTime], [w].[EquipmentId], [w].[IsDeleted], [w].[LastModifiedAt], [w].[LastModifiedBy], [w].[Notes], [w].[StaffId], [w].[StartTime]
      FROM [ResourceManagement].[WorkShifts] AS [w]
      WHERE [w].[IsDeleted] = CAST(0 AS bit) AND CONVERT(date, [w].[Date]) = @date_Date
info: Microsoft.EntityFrameworkCore.Database.Command[20101]
      Executed DbCommand (0ms) [Parameters=[@p='?' (DbType = Guid)], CommandType='Text', CommandTimeout='30']
      SELECT TOP(1) [s].[Id], [s].[CreatedAt], [s].[CreatedBy], [s].[DeletedAt], [s].[DeletedBy], [s].[Department], [s].[FirstName], [s].[HireDate], [s].[IsActive], [s].[IsDeleted], [s].[LastModifiedAt], [s].[LastModifiedBy], [s].[LastName], [s].[LicenseNumber], [s].[MiddleName], [s].[PhoneNumber], [s].[Position], [s].[Specialization], [s].[UserId]
      FROM [ResourceManagement].[Staff] AS [s]
      WHERE [s].[IsDeleted] = CAST(0 AS bit) AND [s].[Id] = @p
info: Microsoft.EntityFrameworkCore.Database.Command[20101]
      Executed DbCommand (1ms) [Parameters=[@date_Date='?' (DbType = DateTime2)], CommandType='Text', CommandTimeout='30']
      SELECT [w].[Id], [w].[CreatedAt], [w].[CreatedBy], [w].[Date], [w].[DeletedAt], [w].[DeletedBy], [w].[EndTime], [w].[EquipmentId], [w].[IsDeleted], [w].[LastModifiedAt], [w].[LastModifiedBy], [w].[Notes], [w].[StaffId], [w].[StartTime]
      FROM [ResourceManagement].[WorkShifts] AS [w]
      WHERE [w].[IsDeleted] = CAST(0 AS bit) AND CONVERT(date, [w].[Date]) = @date_Date
info: Microsoft.EntityFrameworkCore.Database.Command[20101]
      Executed DbCommand (1ms) [Parameters=[@p0='?' (DbType = Guid), @p1='?' (DbType = DateTime2), @p2='?' (Size = 4000), @p3='?' (DbType = DateTime2), @p4='?' (DbType = DateTime2), @p5='?' (Size = 4000), @p6='?' (DbType = Time), @p7='?' (DbType = Guid), @p8='?' (DbType = Boolean), @p9='?' (DbType = DateTime2), @p10='?' (Size = 4000), @p11='?' (Size = 500), @p12='?' (DbType = Guid), @p13='?' (DbType = Time)], CommandType='Text', CommandTimeout='30']
      SET IMPLICIT_TRANSACTIONS OFF;
      SET NOCOUNT ON;
      INSERT INTO [ResourceManagement].[WorkShifts] ([Id], [CreatedAt], [CreatedBy], [Date], [DeletedAt], [DeletedBy], [EndTime], [EquipmentId], [IsDeleted], [LastModifiedAt], [LastModifiedBy], [Notes], [StaffId], [StartTime])
      VALUES (@p0, @p1, @p2, @p3, @p4, @p5, @p6, @p7, @p8, @p9, @p10, @p11, @p12, @p13);
info: Microsoft.EntityFrameworkCore.Database.Command[20101]
      Executed DbCommand (0ms) [Parameters=[@p='?' (DbType = Guid)], CommandType='Text', CommandTimeout='30']
      SELECT TOP(1) [s].[Id], [s].[CreatedAt], [s].[CreatedBy], [s].[DeletedAt], [s].[DeletedBy], [s].[Department], [s].[FirstName], [s].[HireDate], [s].[IsActive], [s].[IsDeleted], [s].[LastModifiedAt], [s].[LastModifiedBy], [s].[LastName], [s].[LicenseNumber], [s].[MiddleName], [s].[PhoneNumber], [s].[Position], [s].[Specialization], [s].[UserId]
      FROM [ResourceManagement].[Staff] AS [s]
      WHERE [s].[IsDeleted] = CAST(0 AS bit) AND [s].[Id] = @p
info: Microsoft.EntityFrameworkCore.Database.Command[20101]
      Executed DbCommand (0ms) [Parameters=[@p='?' (DbType = Guid)], CommandType='Text', CommandTimeout='30']
      SELECT TOP(1) [e].[Id], [e].[CreatedAt], [e].[CreatedBy], [e].[DeletedAt], [e].[DeletedBy], [e].[IsActive], [e].[IsDeleted], [e].[LastModifiedAt], [e].[LastModifiedBy], [e].[Modality], [e].[Name], [e].[PurchaseDate], [e].[SerialNumber], [e].[Status]
      FROM [ResourceManagement].[Equipment] AS [e]
      WHERE [e].[IsDeleted] = CAST(0 AS bit) AND [e].[Id] = @p
info: Microsoft.EntityFrameworkCore.Database.Command[20101]
      Executed DbCommand (0ms) [Parameters=[@date_Date='?' (DbType = DateTime2)], CommandType='Text', CommandTimeout='30']
      SELECT [w].[Id], [w].[CreatedAt], [w].[CreatedBy], [w].[Date], [w].[DeletedAt], [w].[DeletedBy], [w].[EndTime], [w].[EquipmentId], [w].[IsDeleted], [w].[LastModifiedAt], [w].[LastModifiedBy], [w].[Notes], [w].[StaffId], [w].[StartTime]
      FROM [ResourceManagement].[WorkShifts] AS [w]
      WHERE [w].[IsDeleted] = CAST(0 AS bit) AND CONVERT(date, [w].[Date]) = @date_Date
info: Microsoft.EntityFrameworkCore.Database.Command[20101]
      Executed DbCommand (0ms) [Parameters=[@p='?' (DbType = Guid)], CommandType='Text', CommandTimeout='30']
      SELECT TOP(1) [s].[Id], [s].[CreatedAt], [s].[CreatedBy], [s].[DeletedAt], [s].[DeletedBy], [s].[Department], [s].[FirstName], [s].[HireDate], [s].[IsActive], [s].[IsDeleted], [s].[LastModifiedAt], [s].[LastModifiedBy], [s].[LastName], [s].[LicenseNumber], [s].[MiddleName], [s].[PhoneNumber], [s].[Position], [s].[Specialization], [s].[UserId]
      FROM [ResourceManagement].[Staff] AS [s]
      WHERE [s].[IsDeleted] = CAST(0 AS bit) AND [s].[Id] = @p
info: Microsoft.EntityFrameworkCore.Database.Command[20101]
      Executed DbCommand (0ms) [Parameters=[@p='?' (DbType = Guid)], CommandType='Text', CommandTimeout='30']
      SELECT TOP(1) [e].[Id], [e].[CreatedAt], [e].[CreatedBy], [e].[DeletedAt], [e].[DeletedBy], [e].[IsActive], [e].[IsDeleted], [e].[LastModifiedAt], [e].[LastModifiedBy], [e].[Modality], [e].[Name], [e].[PurchaseDate], [e].[SerialNumber], [e].[Status]
      FROM [ResourceManagement].[Equipment] AS [e]
      WHERE [e].[IsDeleted] = CAST(0 AS bit) AND [e].[Id] = @p
info: Microsoft.EntityFrameworkCore.Database.Command[20101]
      Executed DbCommand (0ms) [Parameters=[@date_Date='?' (DbType = DateTime2)], CommandType='Text', CommandTimeout='30']
      SELECT [w].[Id], [w].[CreatedAt], [w].[CreatedBy], [w].[Date], [w].[DeletedAt], [w].[DeletedBy], [w].[EndTime], [w].[EquipmentId], [w].[IsDeleted], [w].[LastModifiedAt], [w].[LastModifiedBy], [w].[Notes], [w].[StaffId], [w].[StartTime]
      FROM [ResourceManagement].[WorkShifts] AS [w]
      WHERE [w].[IsDeleted] = CAST(0 AS bit) AND CONVERT(date, [w].[Date]) = @date_Date
info: Microsoft.EntityFrameworkCore.Database.Command[20101]
      Executed DbCommand (1ms) [Parameters=[@p0='?' (DbType = Guid), @p1='?' (DbType = DateTime2), @p2='?' (Size = 4000), @p3='?' (DbType = DateTime2), @p4='?' (DbType = DateTime2), @p5='?' (Size = 4000), @p6='?' (DbType = Time), @p7='?' (DbType = Guid), @p8='?' (DbType = Boolean), @p9='?' (DbType = DateTime2), @p10='?' (Size = 4000), @p11='?' (Size = 500), @p12='?' (DbType = Guid), @p13='?' (DbType = Time)], CommandType='Text', CommandTimeout='30']
      SET IMPLICIT_TRANSACTIONS OFF;
      SET NOCOUNT ON;
      INSERT INTO [ResourceManagement].[WorkShifts] ([Id], [CreatedAt], [CreatedBy], [Date], [DeletedAt], [DeletedBy], [EndTime], [EquipmentId], [IsDeleted], [LastModifiedAt], [LastModifiedBy], [Notes], [StaffId], [StartTime])
      VALUES (@p0, @p1, @p2, @p3, @p4, @p5, @p6, @p7, @p8, @p9, @p10, @p11, @p12, @p13);
warn: JasperFx.CodeGeneration.ICodeFile[0]
      Utilizing service location for Message Handler for RadiologyCenter.ResourceManagement.Application.Commands.UpdateWorkShift.UpdateWorkShiftCommand for Service RadiologyCenter.ResourceManagement.Application.Abstractions.IWorkShiftRepository: 
      Dependency: Descriptor: ServiceType: RadiologyCenter.ResourceManagement.Infrastructure.Persistence.ResourceManagementDbContext Lifetime: Scoped ImplementationType: RadiologyCenter.ResourceManagement.Infrastructure.Persistence.ResourceManagementDbContext
      
      Dependency: Descriptor: ServiceType: Microsoft.EntityFrameworkCore.DbContextOptions`1[RadiologyCenter.ResourceManagement.Infrastructure.Persistence.ResourceManagementDbContext] Lifetime: Scoped ImplementationFactory: Microsoft.Extensions.DependencyInjection.EntityFrameworkServiceCollectionExtensions.CreateDbContextOptions
      The service registration for Microsoft.EntityFrameworkCore.DbContextOptions<RadiologyCenter.ResourceManagement.Infrastructure.Persistence.ResourceManagementDbContext> is an 'opaque' lambda factory with the Scoped lifetime and requires service location
      
      . This will throw in Wolverine 6.0 when ServiceLocationPolicy.NotAllowed becomes the default. See https://wolverinefx.net/guide/codegen.html
warn: JasperFx.CodeGeneration.ICodeFile[0]
      Utilizing service location for Message Handler for RadiologyCenter.ResourceManagement.Application.Commands.UpdateWorkShift.UpdateWorkShiftCommand for Service RadiologyCenter.ResourceManagement.Application.Abstractions.IStaffRepository: 
      Dependency: Descriptor: ServiceType: RadiologyCenter.ResourceManagement.Infrastructure.Persistence.ResourceManagementDbContext Lifetime: Scoped ImplementationType: RadiologyCenter.ResourceManagement.Infrastructure.Persistence.ResourceManagementDbContext
      
      Dependency: Descriptor: ServiceType: Microsoft.EntityFrameworkCore.DbContextOptions`1[RadiologyCenter.ResourceManagement.Infrastructure.Persistence.ResourceManagementDbContext] Lifetime: Scoped ImplementationFactory: Microsoft.Extensions.DependencyInjection.EntityFrameworkServiceCollectionExtensions.CreateDbContextOptions
      The service registration for Microsoft.EntityFrameworkCore.DbContextOptions<RadiologyCenter.ResourceManagement.Infrastructure.Persistence.ResourceManagementDbContext> is an 'opaque' lambda factory with the Scoped lifetime and requires service location
      
      . This will throw in Wolverine 6.0 when ServiceLocationPolicy.NotAllowed becomes the default. See https://wolverinefx.net/guide/codegen.html
warn: JasperFx.CodeGeneration.ICodeFile[0]
      Utilizing service location for Message Handler for RadiologyCenter.ResourceManagement.Application.Commands.UpdateWorkShift.UpdateWorkShiftCommand for Service RadiologyCenter.ResourceManagement.Application.Abstractions.IEquipmentRepository: 
      Dependency: Descriptor: ServiceType: RadiologyCenter.ResourceManagement.Infrastructure.Persistence.ResourceManagementDbContext Lifetime: Scoped ImplementationType: RadiologyCenter.ResourceManagement.Infrastructure.Persistence.ResourceManagementDbContext
      
      Dependency: Descriptor: ServiceType: Microsoft.EntityFrameworkCore.DbContextOptions`1[RadiologyCenter.ResourceManagement.Infrastructure.Persistence.ResourceManagementDbContext] Lifetime: Scoped ImplementationFactory: Microsoft.Extensions.DependencyInjection.EntityFrameworkServiceCollectionExtensions.CreateDbContextOptions
      The service registration for Microsoft.EntityFrameworkCore.DbContextOptions<RadiologyCenter.ResourceManagement.Infrastructure.Persistence.ResourceManagementDbContext> is an 'opaque' lambda factory with the Scoped lifetime and requires service location
      
      . This will throw in Wolverine 6.0 when ServiceLocationPolicy.NotAllowed becomes the default. See https://wolverinefx.net/guide/codegen.html
warn: JasperFx.CodeGeneration.ICodeFile[0]
      Utilizing service location for Message Handler for RadiologyCenter.ResourceManagement.Application.Commands.UpdateWorkShift.UpdateWorkShiftCommand for Service RadiologyCenter.ResourceManagement.Application.Abstractions.IResourceManagementUnitOfWork: 
      Dependency: Descriptor: ServiceType: RadiologyCenter.ResourceManagement.Infrastructure.Persistence.ResourceManagementDbContext Lifetime: Scoped ImplementationType: RadiologyCenter.ResourceManagement.Infrastructure.Persistence.ResourceManagementDbContext
      
      Dependency: Descriptor: ServiceType: Microsoft.EntityFrameworkCore.DbContextOptions`1[RadiologyCenter.ResourceManagement.Infrastructure.Persistence.ResourceManagementDbContext] Lifetime: Scoped ImplementationFactory: Microsoft.Extensions.DependencyInjection.EntityFrameworkServiceCollectionExtensions.CreateDbContextOptions
      The service registration for Microsoft.EntityFrameworkCore.DbContextOptions<RadiologyCenter.ResourceManagement.Infrastructure.Persistence.ResourceManagementDbContext> is an 'opaque' lambda factory with the Scoped lifetime and requires service location
      
      . This will throw in Wolverine 6.0 when ServiceLocationPolicy.NotAllowed becomes the default. See https://wolverinefx.net/guide/codegen.html
info: Microsoft.EntityFrameworkCore.Database.Command[20101]
      Executed DbCommand (1ms) [Parameters=[@p='?' (DbType = Guid)], CommandType='Text', CommandTimeout='30']
      SELECT TOP(1) [w].[Id], [w].[CreatedAt], [w].[CreatedBy], [w].[Date], [w].[DeletedAt], [w].[DeletedBy], [w].[EndTime], [w].[EquipmentId], [w].[IsDeleted], [w].[LastModifiedAt], [w].[LastModifiedBy], [w].[Notes], [w].[StaffId], [w].[StartTime]
      FROM [ResourceManagement].[WorkShifts] AS [w]
      WHERE [w].[IsDeleted] = CAST(0 AS bit) AND [w].[Id] = @p
info: Microsoft.EntityFrameworkCore.Database.Command[20101]
      Executed DbCommand (0ms) [Parameters=[@p='?' (DbType = Guid)], CommandType='Text', CommandTimeout='30']
      SELECT TOP(1) [s].[Id], [s].[CreatedAt], [s].[CreatedBy], [s].[DeletedAt], [s].[DeletedBy], [s].[Department], [s].[FirstName], [s].[HireDate], [s].[IsActive], [s].[IsDeleted], [s].[LastModifiedAt], [s].[LastModifiedBy], [s].[LastName], [s].[LicenseNumber], [s].[MiddleName], [s].[PhoneNumber], [s].[Position], [s].[Specialization], [s].[UserId]
      FROM [ResourceManagement].[Staff] AS [s]
      WHERE [s].[IsDeleted] = CAST(0 AS bit) AND [s].[Id] = @p
info: Microsoft.EntityFrameworkCore.Database.Command[20101]
      Executed DbCommand (2ms) [Parameters=[@date_Date='?' (DbType = DateTime2), @excludingId_Value='?' (DbType = Guid)], CommandType='Text', CommandTimeout='30']
      SELECT [w].[Id], [w].[CreatedAt], [w].[CreatedBy], [w].[Date], [w].[DeletedAt], [w].[DeletedBy], [w].[EndTime], [w].[EquipmentId], [w].[IsDeleted], [w].[LastModifiedAt], [w].[LastModifiedBy], [w].[Notes], [w].[StaffId], [w].[StartTime]
      FROM [ResourceManagement].[WorkShifts] AS [w]
      WHERE [w].[IsDeleted] = CAST(0 AS bit) AND CONVERT(date, [w].[Date]) = @date_Date AND [w].[Id] <> @excludingId_Value
info: Microsoft.EntityFrameworkCore.Database.Command[20101]
      Executed DbCommand (0ms) [Parameters=[@p='?' (DbType = Guid)], CommandType='Text', CommandTimeout='30']
      SELECT TOP(1) [w].[Id], [w].[CreatedAt], [w].[CreatedBy], [w].[Date], [w].[DeletedAt], [w].[DeletedBy], [w].[EndTime], [w].[EquipmentId], [w].[IsDeleted], [w].[LastModifiedAt], [w].[LastModifiedBy], [w].[Notes], [w].[StaffId], [w].[StartTime]
      FROM [ResourceManagement].[WorkShifts] AS [w]
      WHERE [w].[IsDeleted] = CAST(0 AS bit) AND [w].[Id] = @p
info: Microsoft.EntityFrameworkCore.Database.Command[20101]
      Executed DbCommand (0ms) [Parameters=[@p='?' (DbType = Guid)], CommandType='Text', CommandTimeout='30']
      SELECT TOP(1) [s].[Id], [s].[CreatedAt], [s].[CreatedBy], [s].[DeletedAt], [s].[DeletedBy], [s].[Department], [s].[FirstName], [s].[HireDate], [s].[IsActive], [s].[IsDeleted], [s].[LastModifiedAt], [s].[LastModifiedBy], [s].[LastName], [s].[LicenseNumber], [s].[MiddleName], [s].[PhoneNumber], [s].[Position], [s].[Specialization], [s].[UserId]
      FROM [ResourceManagement].[Staff] AS [s]
      WHERE [s].[IsDeleted] = CAST(0 AS bit) AND [s].[Id] = @p
info: Microsoft.EntityFrameworkCore.Database.Command[20101]
      Executed DbCommand (0ms) [Parameters=[@date_Date='?' (DbType = DateTime2), @excludingId_Value='?' (DbType = Guid)], CommandType='Text', CommandTimeout='30']
      SELECT [w].[Id], [w].[CreatedAt], [w].[CreatedBy], [w].[Date], [w].[DeletedAt], [w].[DeletedBy], [w].[EndTime], [w].[EquipmentId], [w].[IsDeleted], [w].[LastModifiedAt], [w].[LastModifiedBy], [w].[Notes], [w].[StaffId], [w].[StartTime]
      FROM [ResourceManagement].[WorkShifts] AS [w]
      WHERE [w].[IsDeleted] = CAST(0 AS bit) AND CONVERT(date, [w].[Date]) = @date_Date AND [w].[Id] <> @excludingId_Value
info: Microsoft.EntityFrameworkCore.Database.Command[20101]
      Executed DbCommand (2ms) [Parameters=[@p11='?' (DbType = Guid), @p0='?' (DbType = DateTime2), @p1='?' (DbType = DateTime2), @p2='?' (Size = 4000), @p3='?' (DbType = Time), @p4='?' (DbType = Guid), @p5='?' (DbType = Boolean), @p6='?' (DbType = DateTime2), @p7='?' (Size = 4000), @p8='?' (Size = 500), @p9='?' (DbType = Guid), @p10='?' (DbType = Time)], CommandType='Text', CommandTimeout='30']
      SET IMPLICIT_TRANSACTIONS OFF;
      SET NOCOUNT ON;
      UPDATE [ResourceManagement].[WorkShifts] SET [Date] = @p0, [DeletedAt] = @p1, [DeletedBy] = @p2, [EndTime] = @p3, [EquipmentId] = @p4, [IsDeleted] = @p5, [LastModifiedAt] = @p6, [LastModifiedBy] = @p7, [Notes] = @p8, [StaffId] = @p9, [StartTime] = @p10
      OUTPUT 1
      WHERE [Id] = @p11;
info: Microsoft.EntityFrameworkCore.Database.Command[20101]
      Executed DbCommand (0ms) [Parameters=[@userName='?' (Size = 4000)], CommandType='Text', CommandTimeout='30']
      SELECT [a3].[Id], [a3].[AccessFailedCount], [a3].[ConcurrencyStamp], [a3].[CreatedAt], [a3].[Email], [a3].[EmailConfirmed], [a3].[FirstName], [a3].[IsActive], [a3].[LastLoginAt], [a3].[LastName], [a3].[LockoutEnabled], [a3].[LockoutEnd], [a3].[MustChangePassword], [a3].[NormalizedEmail], [a3].[NormalizedUserName], [a3].[PasswordHash], [a3].[PhoneNumber], [a3].[PhoneNumberConfirmed], [a3].[ProfilePictureUrl], [a3].[SecurityStamp], [a3].[TwoFactorEnabled], [a3].[UserName], [r].[UserId], [r].[Token], [r].[CreatedAtUtc], [r].[ExpiresAtUtc], [r].[RevokedAtUtc], [u].[UserId], [u].[Id], [u].[LastActivityAtUtc], [u].[RefreshToken], [u].[RevokedAtUtc], [u].[StartedAtUtc], [s0].[AssignedRolesId], [s0].[UserId], [s0].[Id], [s0].[ConcurrencyStamp], [s0].[CreatedAt], [s0].[Description], [s0].[IsActive], [s0].[IsSystem], [s0].[Name], [s0].[NormalizedName], [s0].[PermissionsId], [s0].[RoleId], [s0].[Id0], [s0].[Code], [s0].[Description0], [s0].[Group], [s0].[Name0]
      FROM (
          SELECT TOP(1) [a].[Id], [a].[AccessFailedCount], [a].[ConcurrencyStamp], [a].[CreatedAt], [a].[Email], [a].[EmailConfirmed], [a].[FirstName], [a].[IsActive], [a].[LastLoginAt], [a].[LastName], [a].[LockoutEnabled], [a].[LockoutEnd], [a].[MustChangePassword], [a].[NormalizedEmail], [a].[NormalizedUserName], [a].[PasswordHash], [a].[PhoneNumber], [a].[PhoneNumberConfirmed], [a].[ProfilePictureUrl], [a].[SecurityStamp], [a].[TwoFactorEnabled], [a].[UserName]
          FROM [Identity].[AspNetUsers] AS [a]
          WHERE [a].[UserName] = @userName
      ) AS [a3]
      LEFT JOIN [Identity].[RefreshToken] AS [r] ON [a3].[Id] = [r].[UserId]
      LEFT JOIN [Identity].[UserSession] AS [u] ON [a3].[Id] = [u].[UserId]
      LEFT JOIN (
          SELECT [a0].[AssignedRolesId], [a0].[UserId], [a1].[Id], [a1].[ConcurrencyStamp], [a1].[CreatedAt], [a1].[Description], [a1].[IsActive], [a1].[IsSystem], [a1].[Name], [a1].[NormalizedName], [s].[PermissionsId], [s].[RoleId], [s].[Id] AS [Id0], [s].[Code], [s].[Description] AS [Description0], [s].[Group], [s].[Name] AS [Name0]
          FROM [Identity].[AspNetUserRoles] AS [a0]
          INNER JOIN [Identity].[AspNetRoles] AS [a1] ON [a0].[AssignedRolesId] = [a1].[Id]
          LEFT JOIN (
              SELECT [r0].[PermissionsId], [r0].[RoleId], [a2].[Id], [a2].[Code], [a2].[Description], [a2].[Group], [a2].[Name]
              FROM [Identity].[RolePermissions] AS [r0]
              INNER JOIN [Identity].[AspNetPermissions] AS [a2] ON [r0].[PermissionsId] = [a2].[Id]
          ) AS [s] ON [a1].[Id] = [s].[RoleId]
      ) AS [s0] ON [a3].[Id] = [s0].[UserId]
      ORDER BY [a3].[Id], [r].[UserId], [r].[Token], [u].[UserId], [u].[Id], [s0].[AssignedRolesId], [s0].[UserId], [s0].[Id], [s0].[PermissionsId], [s0].[RoleId]
info: Wolverine.Runtime.WolverineRuntime[107]
      No routes can be determined for Envelope #08def9a9-0ce4-b281-e86a-64c9e0060000 (RadiologyCenter.Identity.Domain.Events.UserLoggedInEvent)
info: Microsoft.EntityFrameworkCore.Database.Command[20101]
      Executed DbCommand (3ms) [Parameters=[@p1='?' (DbType = Guid), @p0='?' (DbType = DateTime2), @p2='?' (Size = 256), @p3='?' (DbType = Guid), @p4='?' (DbType = DateTime2), @p5='?' (DbType = DateTime2), @p6='?' (DbType = DateTime2), @p7='?' (DbType = Guid), @p8='?' (DbType = Guid), @p9='?' (DbType = DateTime2), @p10='?' (Size = 256), @p11='?' (DbType = DateTime2), @p12='?' (DbType = DateTime2)], CommandType='Text', CommandTimeout='30']
      SET NOCOUNT ON;
      UPDATE [Identity].[AspNetUsers] SET [LastLoginAt] = @p0
      OUTPUT 1
      WHERE [Id] = @p1;
      INSERT INTO [Identity].[RefreshToken] ([Token], [UserId], [CreatedAtUtc], [ExpiresAtUtc], [RevokedAtUtc])
      VALUES (@p2, @p3, @p4, @p5, @p6);
      INSERT INTO [Identity].[UserSession] ([Id], [UserId], [LastActivityAtUtc], [RefreshToken], [RevokedAtUtc], [StartedAtUtc])
      VALUES (@p7, @p8, @p9, @p10, @p11, @p12);
info: Microsoft.EntityFrameworkCore.Database.Command[20101]
      Executed DbCommand (0ms) [Parameters=[@userName='?' (Size = 4000)], CommandType='Text', CommandTimeout='30']
      SELECT [a3].[Id], [a3].[AccessFailedCount], [a3].[ConcurrencyStamp], [a3].[CreatedAt], [a3].[Email], [a3].[EmailConfirmed], [a3].[FirstName], [a3].[IsActive], [a3].[LastLoginAt], [a3].[LastName], [a3].[LockoutEnabled], [a3].[LockoutEnd], [a3].[MustChangePassword], [a3].[NormalizedEmail], [a3].[NormalizedUserName], [a3].[PasswordHash], [a3].[PhoneNumber], [a3].[PhoneNumberConfirmed], [a3].[ProfilePictureUrl], [a3].[SecurityStamp], [a3].[TwoFactorEnabled], [a3].[UserName], [r].[UserId], [r].[Token], [r].[CreatedAtUtc], [r].[ExpiresAtUtc], [r].[RevokedAtUtc], [u].[UserId], [u].[Id], [u].[LastActivityAtUtc], [u].[RefreshToken], [u].[RevokedAtUtc], [u].[StartedAtUtc], [s0].[AssignedRolesId], [s0].[UserId], [s0].[Id], [s0].[ConcurrencyStamp], [s0].[CreatedAt], [s0].[Description], [s0].[IsActive], [s0].[IsSystem], [s0].[Name], [s0].[NormalizedName], [s0].[PermissionsId], [s0].[RoleId], [s0].[Id0], [s0].[Code], [s0].[Description0], [s0].[Group], [s0].[Name0]
      FROM (
          SELECT TOP(1) [a].[Id], [a].[AccessFailedCount], [a].[ConcurrencyStamp], [a].[CreatedAt], [a].[Email], [a].[EmailConfirmed], [a].[FirstName], [a].[IsActive], [a].[LastLoginAt], [a].[LastName], [a].[LockoutEnabled], [a].[LockoutEnd], [a].[MustChangePassword], [a].[NormalizedEmail], [a].[NormalizedUserName], [a].[PasswordHash], [a].[PhoneNumber], [a].[PhoneNumberConfirmed], [a].[ProfilePictureUrl], [a].[SecurityStamp], [a].[TwoFactorEnabled], [a].[UserName]
          FROM [Identity].[AspNetUsers] AS [a]
          WHERE [a].[UserName] = @userName
      ) AS [a3]
      LEFT JOIN [Identity].[RefreshToken] AS [r] ON [a3].[Id] = [r].[UserId]
      LEFT JOIN [Identity].[UserSession] AS [u] ON [a3].[Id] = [u].[UserId]
      LEFT JOIN (
          SELECT [a0].[AssignedRolesId], [a0].[UserId], [a1].[Id], [a1].[ConcurrencyStamp], [a1].[CreatedAt], [a1].[Description], [a1].[IsActive], [a1].[IsSystem], [a1].[Name], [a1].[NormalizedName], [s].[PermissionsId], [s].[RoleId], [s].[Id] AS [Id0], [s].[Code], [s].[Description] AS [Description0], [s].[Group], [s].[Name] AS [Name0]
          FROM [Identity].[AspNetUserRoles] AS [a0]
          INNER JOIN [Identity].[AspNetRoles] AS [a1] ON [a0].[AssignedRolesId] = [a1].[Id]
          LEFT JOIN (
              SELECT [r0].[PermissionsId], [r0].[RoleId], [a2].[Id], [a2].[Code], [a2].[Description], [a2].[Group], [a2].[Name]
              FROM [Identity].[RolePermissions] AS [r0]
              INNER JOIN [Identity].[AspNetPermissions] AS [a2] ON [r0].[PermissionsId] = [a2].[Id]
          ) AS [s] ON [a1].[Id] = [s].[RoleId]
      ) AS [s0] ON [a3].[Id] = [s0].[UserId]
      ORDER BY [a3].[Id], [r].[UserId], [r].[Token], [u].[UserId], [u].[Id], [s0].[AssignedRolesId], [s0].[UserId], [s0].[Id], [s0].[PermissionsId], [s0].[RoleId]
info: Wolverine.Runtime.WolverineRuntime[107]
      No routes can be determined for Envelope #08def9a9-0cf7-0945-e86a-64c9e0060000 (RadiologyCenter.Identity.Domain.Events.UserLoggedInEvent)
info: Microsoft.EntityFrameworkCore.Database.Command[20101]
      Executed DbCommand (0ms) [Parameters=[@p1='?' (DbType = Guid), @p0='?' (DbType = DateTime2), @p2='?' (Size = 256), @p3='?' (DbType = Guid), @p4='?' (DbType = DateTime2), @p5='?' (DbType = DateTime2), @p6='?' (DbType = DateTime2), @p7='?' (DbType = Guid), @p8='?' (DbType = Guid), @p9='?' (DbType = DateTime2), @p10='?' (Size = 256), @p11='?' (DbType = DateTime2), @p12='?' (DbType = DateTime2)], CommandType='Text', CommandTimeout='30']
      SET NOCOUNT ON;
      UPDATE [Identity].[AspNetUsers] SET [LastLoginAt] = @p0
      OUTPUT 1
      WHERE [Id] = @p1;
      INSERT INTO [Identity].[RefreshToken] ([Token], [UserId], [CreatedAtUtc], [ExpiresAtUtc], [RevokedAtUtc])
      VALUES (@p2, @p3, @p4, @p5, @p6);
      INSERT INTO [Identity].[UserSession] ([Id], [UserId], [LastActivityAtUtc], [RefreshToken], [RevokedAtUtc], [StartedAtUtc])
      VALUES (@p7, @p8, @p9, @p10, @p11, @p12);
warn: JasperFx.CodeGeneration.ICodeFile[0]
      Utilizing service location for Message Handler for RadiologyCenter.Cash.Application.Commands.Sessions.OpenCashSession.OpenCashSessionCommand for Service RadiologyCenter.Cash.Application.Abstractions.ICashSessionRepository: 
      Dependency: Descriptor: ServiceType: RadiologyCenter.Cash.Infrastructure.Persistence.CashDbContext Lifetime: Scoped ImplementationType: RadiologyCenter.Cash.Infrastructure.Persistence.CashDbContext
      
      Dependency: Descriptor: ServiceType: Microsoft.EntityFrameworkCore.DbContextOptions`1[RadiologyCenter.Cash.Infrastructure.Persistence.CashDbContext] Lifetime: Scoped ImplementationFactory: Microsoft.Extensions.DependencyInjection.EntityFrameworkServiceCollectionExtensions.CreateDbContextOptions
      The service registration for Microsoft.EntityFrameworkCore.DbContextOptions<RadiologyCenter.Cash.Infrastructure.Persistence.CashDbContext> is an 'opaque' lambda factory with the Scoped lifetime and requires service location
      
      . This will throw in Wolverine 6.0 when ServiceLocationPolicy.NotAllowed becomes the default. See https://wolverinefx.net/guide/codegen.html
warn: JasperFx.CodeGeneration.ICodeFile[0]
      Utilizing service location for Message Handler for RadiologyCenter.Cash.Application.Commands.Sessions.OpenCashSession.OpenCashSessionCommand for Service RadiologyCenter.Cash.Application.Abstractions.ICashUnitOfWork: 
      Dependency: Descriptor: ServiceType: RadiologyCenter.Cash.Infrastructure.Persistence.CashDbContext Lifetime: Scoped ImplementationType: RadiologyCenter.Cash.Infrastructure.Persistence.CashDbContext
      
      Dependency: Descriptor: ServiceType: Microsoft.EntityFrameworkCore.DbContextOptions`1[RadiologyCenter.Cash.Infrastructure.Persistence.CashDbContext] Lifetime: Scoped ImplementationFactory: Microsoft.Extensions.DependencyInjection.EntityFrameworkServiceCollectionExtensions.CreateDbContextOptions
      The service registration for Microsoft.EntityFrameworkCore.DbContextOptions<RadiologyCenter.Cash.Infrastructure.Persistence.CashDbContext> is an 'opaque' lambda factory with the Scoped lifetime and requires service location
      
      . This will throw in Wolverine 6.0 when ServiceLocationPolicy.NotAllowed becomes the default. See https://wolverinefx.net/guide/codegen.html
info: Microsoft.EntityFrameworkCore.Database.Command[20101]
      Executed DbCommand (2ms) [Parameters=[@userId='?' (DbType = Guid)], CommandType='Text', CommandTimeout='30']
      SELECT TOP(1) [c].[Id], [c].[ClosedAt], [c].[CreatedAt], [c].[CreatedBy], [c].[DeletedAt], [c].[DeletedBy], [c].[IsDeleted], [c].[LastModifiedAt], [c].[LastModifiedBy], [c].[Notes], [c].[OpenedAt], [c].[OpeningFloat], [c].[Status], [c].[UserId], [c].[WorkShiftId]
      FROM [Cash].[CashSessions] AS [c]
      WHERE [c].[IsDeleted] = CAST(0 AS bit) AND [c].[UserId] = @userId AND [c].[Status] = 1
info: Microsoft.EntityFrameworkCore.Database.Command[20101]
      Executed DbCommand (1ms) [Parameters=[@p0='?' (DbType = Guid), @p1='?' (DbType = DateTime2), @p2='?' (DbType = DateTime2), @p3='?' (Size = 4000), @p4='?' (DbType = DateTime2), @p5='?' (Size = 4000), @p6='?' (DbType = Boolean), @p7='?' (DbType = DateTime2), @p8='?' (Size = 4000), @p9='?' (Size = 1000), @p10='?' (DbType = DateTime2), @p11='?' (Precision = 18) (Scale = 2) (DbType = Decimal), @p12='?' (DbType = Int32), @p13='?' (DbType = Guid), @p14='?' (DbType = Guid)], CommandType='Text', CommandTimeout='30']
      SET IMPLICIT_TRANSACTIONS OFF;
      SET NOCOUNT ON;
      INSERT INTO [Cash].[CashSessions] ([Id], [ClosedAt], [CreatedAt], [CreatedBy], [DeletedAt], [DeletedBy], [IsDeleted], [LastModifiedAt], [LastModifiedBy], [Notes], [OpenedAt], [OpeningFloat], [Status], [UserId], [WorkShiftId])
      VALUES (@p0, @p1, @p2, @p3, @p4, @p5, @p6, @p7, @p8, @p9, @p10, @p11, @p12, @p13, @p14);
warn: JasperFx.CodeGeneration.ICodeFile[0]
      Utilizing service location for Message Handler for RadiologyCenter.Cash.Application.Commands.Sessions.AddCashEntry.AddCashEntryCommand for Service RadiologyCenter.Cash.Application.Abstractions.ICashSessionRepository: 
      Dependency: Descriptor: ServiceType: RadiologyCenter.Cash.Infrastructure.Persistence.CashDbContext Lifetime: Scoped ImplementationType: RadiologyCenter.Cash.Infrastructure.Persistence.CashDbContext
      
      Dependency: Descriptor: ServiceType: Microsoft.EntityFrameworkCore.DbContextOptions`1[RadiologyCenter.Cash.Infrastructure.Persistence.CashDbContext] Lifetime: Scoped ImplementationFactory: Microsoft.Extensions.DependencyInjection.EntityFrameworkServiceCollectionExtensions.CreateDbContextOptions
      The service registration for Microsoft.EntityFrameworkCore.DbContextOptions<RadiologyCenter.Cash.Infrastructure.Persistence.CashDbContext> is an 'opaque' lambda factory with the Scoped lifetime and requires service location
      
      . This will throw in Wolverine 6.0 when ServiceLocationPolicy.NotAllowed becomes the default. See https://wolverinefx.net/guide/codegen.html
warn: JasperFx.CodeGeneration.ICodeFile[0]
      Utilizing service location for Message Handler for RadiologyCenter.Cash.Application.Commands.Sessions.AddCashEntry.AddCashEntryCommand for Service RadiologyCenter.Cash.Application.Abstractions.ICashEntryRepository: 
      Dependency: Descriptor: ServiceType: RadiologyCenter.Cash.Infrastructure.Persistence.CashDbContext Lifetime: Scoped ImplementationType: RadiologyCenter.Cash.Infrastructure.Persistence.CashDbContext
      
      Dependency: Descriptor: ServiceType: Microsoft.EntityFrameworkCore.DbContextOptions`1[RadiologyCenter.Cash.Infrastructure.Persistence.CashDbContext] Lifetime: Scoped ImplementationFactory: Microsoft.Extensions.DependencyInjection.EntityFrameworkServiceCollectionExtensions.CreateDbContextOptions
      The service registration for Microsoft.EntityFrameworkCore.DbContextOptions<RadiologyCenter.Cash.Infrastructure.Persistence.CashDbContext> is an 'opaque' lambda factory with the Scoped lifetime and requires service location
      
      . This will throw in Wolverine 6.0 when ServiceLocationPolicy.NotAllowed becomes the default. See https://wolverinefx.net/guide/codegen.html
warn: JasperFx.CodeGeneration.ICodeFile[0]
      Utilizing service location for Message Handler for RadiologyCenter.Cash.Application.Commands.Sessions.AddCashEntry.AddCashEntryCommand for Service RadiologyCenter.Cash.Application.Abstractions.ICashUnitOfWork: 
      Dependency: Descriptor: ServiceType: RadiologyCenter.Cash.Infrastructure.Persistence.CashDbContext Lifetime: Scoped ImplementationType: RadiologyCenter.Cash.Infrastructure.Persistence.CashDbContext
      
      Dependency: Descriptor: ServiceType: Microsoft.EntityFrameworkCore.DbContextOptions`1[RadiologyCenter.Cash.Infrastructure.Persistence.CashDbContext] Lifetime: Scoped ImplementationFactory: Microsoft.Extensions.DependencyInjection.EntityFrameworkServiceCollectionExtensions.CreateDbContextOptions
      The service registration for Microsoft.EntityFrameworkCore.DbContextOptions<RadiologyCenter.Cash.Infrastructure.Persistence.CashDbContext> is an 'opaque' lambda factory with the Scoped lifetime and requires service location
      
      . This will throw in Wolverine 6.0 when ServiceLocationPolicy.NotAllowed becomes the default. See https://wolverinefx.net/guide/codegen.html
info: Microsoft.EntityFrameworkCore.Database.Command[20101]
      Executed DbCommand (1ms) [Parameters=[@p='?' (DbType = Guid)], CommandType='Text', CommandTimeout='30']
      SELECT TOP(1) [c].[Id], [c].[ClosedAt], [c].[CreatedAt], [c].[CreatedBy], [c].[DeletedAt], [c].[DeletedBy], [c].[IsDeleted], [c].[LastModifiedAt], [c].[LastModifiedBy], [c].[Notes], [c].[OpenedAt], [c].[OpeningFloat], [c].[Status], [c].[UserId], [c].[WorkShiftId]
      FROM [Cash].[CashSessions] AS [c]
      WHERE [c].[IsDeleted] = CAST(0 AS bit) AND [c].[Id] = @p
info: Microsoft.EntityFrameworkCore.Database.Command[20101]
      Executed DbCommand (0ms) [Parameters=[@p='?' (DbType = Guid)], CommandType='Text', CommandTimeout='30']
      SELECT TOP(1) [c].[Id], [c].[ClosedAt], [c].[CreatedAt], [c].[CreatedBy], [c].[DeletedAt], [c].[DeletedBy], [c].[IsDeleted], [c].[LastModifiedAt], [c].[LastModifiedBy], [c].[Notes], [c].[OpenedAt], [c].[OpeningFloat], [c].[Status], [c].[UserId], [c].[WorkShiftId]
      FROM [Cash].[CashSessions] AS [c]
      WHERE [c].[IsDeleted] = CAST(0 AS bit) AND [c].[Id] = @p
info: Microsoft.EntityFrameworkCore.Database.Command[20101]
      Executed DbCommand (0ms) [Parameters=[@p='?' (DbType = Guid)], CommandType='Text', CommandTimeout='30']
      SELECT TOP(1) [c].[Id], [c].[ClosedAt], [c].[CreatedAt], [c].[CreatedBy], [c].[DeletedAt], [c].[DeletedBy], [c].[IsDeleted], [c].[LastModifiedAt], [c].[LastModifiedBy], [c].[Notes], [c].[OpenedAt], [c].[OpeningFloat], [c].[Status], [c].[UserId], [c].[WorkShiftId]
      FROM [Cash].[CashSessions] AS [c]
      WHERE [c].[IsDeleted] = CAST(0 AS bit) AND [c].[Id] = @p
info: Microsoft.EntityFrameworkCore.Database.Command[20101]
      Executed DbCommand (2ms) [Parameters=[@p0='?' (DbType = Guid), @p1='?' (Precision = 18) (Scale = 2) (DbType = Decimal), @p2='?' (DbType = Guid), @p3='?' (DbType = DateTime2), @p4='?' (Size = 4000), @p5='?' (DbType = DateTime2), @p6='?' (Size = 4000), @p7='?' (Size = 500), @p8='?' (DbType = Int32), @p9='?' (DbType = Boolean), @p10='?' (DbType = DateTime2), @p11='?' (Size = 4000), @p12='?' (DbType = DateTime2), @p13='?' (DbType = Int32), @p14='?' (Size = 100)], CommandType='Text', CommandTimeout='30']
      SET IMPLICIT_TRANSACTIONS OFF;
      SET NOCOUNT ON;
      INSERT INTO [Cash].[CashEntries] ([Id], [Amount], [CashSessionId], [CreatedAt], [CreatedBy], [DeletedAt], [DeletedBy], [Description], [Direction], [IsDeleted], [LastModifiedAt], [LastModifiedBy], [OccurredAt], [Reason], [ReferenceId])
      VALUES (@p0, @p1, @p2, @p3, @p4, @p5, @p6, @p7, @p8, @p9, @p10, @p11, @p12, @p13, @p14);
info: Microsoft.EntityFrameworkCore.Database.Command[20101]
      Executed DbCommand (0ms) [Parameters=[@userId='?' (DbType = Guid)], CommandType='Text', CommandTimeout='30']
      SELECT TOP(1) [c].[Id], [c].[ClosedAt], [c].[CreatedAt], [c].[CreatedBy], [c].[DeletedAt], [c].[DeletedBy], [c].[IsDeleted], [c].[LastModifiedAt], [c].[LastModifiedBy], [c].[Notes], [c].[OpenedAt], [c].[OpeningFloat], [c].[Status], [c].[UserId], [c].[WorkShiftId]
      FROM [Cash].[CashSessions] AS [c]
      WHERE [c].[IsDeleted] = CAST(0 AS bit) AND [c].[UserId] = @userId AND [c].[Status] = 1
info: Microsoft.EntityFrameworkCore.Database.Command[20101]
      Executed DbCommand (0ms) [Parameters=[@p='?' (DbType = Guid)], CommandType='Text', CommandTimeout='30']
      SELECT TOP(1) [c].[Id], [c].[ClosedAt], [c].[CreatedAt], [c].[CreatedBy], [c].[DeletedAt], [c].[DeletedBy], [c].[IsDeleted], [c].[LastModifiedAt], [c].[LastModifiedBy], [c].[Notes], [c].[OpenedAt], [c].[OpeningFloat], [c].[Status], [c].[UserId], [c].[WorkShiftId]
      FROM [Cash].[CashSessions] AS [c]
      WHERE [c].[IsDeleted] = CAST(0 AS bit) AND [c].[Id] = @p
info: Microsoft.EntityFrameworkCore.Database.Command[20101]
      Executed DbCommand (2ms) [Parameters=[@idList1='?' (DbType = Guid)], CommandType='Text', CommandTimeout='30']
      SELECT [c].[CashSessionId] AS [SessionId], COALESCE(SUM(CASE
          WHEN [c].[Direction] = 1 THEN [c].[Amount]
          ELSE -[c].[Amount]
      END), 0.0) AS [Movement], COUNT(*) AS [Count]
      FROM [Cash].[CashEntries] AS [c]
      WHERE [c].[IsDeleted] = CAST(0 AS bit) AND [c].[CashSessionId] = @idList1
      GROUP BY [c].[CashSessionId]
info: Microsoft.EntityFrameworkCore.Database.Command[20101]
      Executed DbCommand (3ms) [Parameters=[@p0='?' (DbType = Guid), @p1='?' (DbType = DateTime2), @p2='?' (DbType = Guid), @p3='?' (DbType = Guid), @p4='?' (DbType = DateTime2), @p5='?' (DbType = Guid), @p6='?' (Precision = 18) (Scale = 2) (DbType = Decimal), @p7='?' (DbType = DateTime2), @p8='?' (Size = 4000), @p9='?' (DbType = DateTime2), @p10='?' (Size = 4000), @p11='?' (Precision = 18) (Scale = 2) (DbType = Decimal), @p12='?' (DbType = Boolean), @p13='?' (DbType = DateTime2), @p14='?' (Size = 4000), @p15='?' (Size = 1000), @p16='?' (Precision = 18) (Scale = 2) (DbType = Decimal), @p17='?' (DbType = Guid), @p30='?' (DbType = Guid), @p18='?' (DbType = DateTime2), @p19='?' (DbType = DateTime2), @p20='?' (Size = 4000), @p21='?' (DbType = Boolean), @p22='?' (DbType = DateTime2), @p23='?' (Size = 4000), @p24='?' (Size = 1000), @p25='?' (DbType = DateTime2), @p26='?' (Precision = 18) (Scale = 2) (DbType = Decimal), @p27='?' (DbType = Int32), @p28='?' (DbType = Guid), @p29='?' (DbType = Guid)], CommandType='Text', CommandTimeout='30']
      SET NOCOUNT ON;
      INSERT INTO [Cash].[CashHandovers] ([Id], [ApprovedAt], [ApprovedByUserId], [CashSessionId], [ClosedAt], [ClosedByUserId], [CountedTotal], [CreatedAt], [CreatedBy], [DeletedAt], [DeletedBy], [ExpectedTotal], [IsDeleted], [LastModifiedAt], [LastModifiedBy], [Notes], [OverShortAmount], [ReceivingCashSessionId])
      VALUES (@p0, @p1, @p2, @p3, @p4, @p5, @p6, @p7, @p8, @p9, @p10, @p11, @p12, @p13, @p14, @p15, @p16, @p17);
      UPDATE [Cash].[CashSessions] SET [ClosedAt] = @p18, [DeletedAt] = @p19, [DeletedBy] = @p20, [IsDeleted] = @p21, [LastModifiedAt] = @p22, [LastModifiedBy] = @p23, [Notes] = @p24, [OpenedAt] = @p25, [OpeningFloat] = @p26, [Status] = @p27, [UserId] = @p28, [WorkShiftId] = @p29
      OUTPUT 1
      WHERE [Id] = @p30;
